{
  "alpha": 1.256,
  "eval_cost": 0.3996763430360245,
  "eval_fidelity": 0.9894117790447206,
  "eval_leakage": 0.005529839089141646,
  "eval_plan_path": "runs\\runtime\\gamma_1.570796\\alpha_1.256000\\plans\\iter_000014_control_plan.npz",
  "eval_time_ns": 140.0,
  "gamma": 1.5707963267948966,
  "phase_iter": 14,
  "robustness": {
    "sigma_1p0": {
      "average_fidelity": 0.9534854862423195,
      "average_gate_fidelity": 0.9418568578028993,
      "fidelity_variance": 0.0004785409982325095,
      "num_samples": 60,
      "sigma_mhz": 1.0
    }
  }
}