{
  "alpha": 1.256,
  "eval_cost": 1.5018454493315125,
  "eval_fidelity": 0.8904880232419012,
  "eval_leakage": 0.006991808361684206,
  "eval_plan_path": "runs\\runtime\\gamma_1.570796\\alpha_1.256000\\plans\\iter_000011_control_plan.npz",
  "eval_time_ns": 180.0,
  "gamma": 1.5707963267948966,
  "phase_iter": 11,
  "robustness": {
    "sigma_1p0": {
      "average_fidelity": 0.8617964515907908,
      "average_gate_fidelity": 0.8272455644884881,
      "fidelity_variance": 0.0019178309546815065,
      "num_samples": 60,
      "sigma_mhz": 1.0
    }
  }
}