{
  "alpha": 1.256,
  "eval_cost": 1.611051885318843,
  "eval_fidelity": 0.8790458466909742,
  "eval_leakage": 0.0070188166722459045,
  "eval_plan_path": "runs\\runtime\\gamma_1.570796\\alpha_1.256000\\plans\\iter_000012_control_plan.npz",
  "eval_time_ns": 180.0,
  "gamma": 1.5707963267948966,
  "phase_iter": 12,
  "robustness": {
    "sigma_1p0": {
      "average_fidelity": 0.8584751169461055,
      "average_gate_fidelity": 0.8230938961826318,
      "fidelity_variance": 0.0018969901267652486,
      "num_samples": 60,
      "sigma_mhz": 1.0
    }
  }
}