{
  "alpha": 1.256,
  "eval_cost": 1.4863047557446527,
  "eval_fidelity": 0.8981019627099205,
  "eval_leakage": 0.006582042246748863,
  "eval_plan_path": "runs\\runtime\\gamma_1.570796\\alpha_1.256000\\plans\\iter_000003_control_plan.npz",
  "eval_time_ns": 180.0,
  "gamma": 1.5707963267948966,
  "phase_iter": 3,
  "robustness": {
    "sigma_1p0": {
      "average_fidelity": 0.8689501597117362,
      "average_gate_fidelity": 0.8361876996396702,
      "fidelity_variance": 0.002395169514425194,
      "num_samples": 60,
      "sigma_mhz": 1.0
    }
  }
}