{
  "alpha": 1.256,
  "eval_cost": 1.3523523457088245,
  "eval_fidelity": 0.9101863833484427,
  "eval_leakage": 0.006863063902558232,
  "eval_plan_path": "runs\\runtime\\gamma_1.570796\\alpha_1.256000\\plans\\iter_000006_control_plan.npz",
  "eval_time_ns": 180.0,
  "gamma": 1.5707963267948966,
  "phase_iter": 6,
  "robustness": {
    "sigma_1p0": {
      "average_fidelity": 0.8728970792140924,
      "average_gate_fidelity": 0.8411213490176156,
      "fidelity_variance": 0.002032906302569073,
      "num_samples": 60,
      "sigma_mhz": 1.0
    }
  }
}