{
  "alpha": 1.256,
  "eval_cost": 1.397833049865812,
  "eval_fidelity": 0.9067961454579829,
  "eval_leakage": 0.006693341489416789,
  "eval_plan_path": "runs\\runtime\\gamma_1.570796\\alpha_1.256000\\plans\\iter_000004_control_plan.npz",
  "eval_time_ns": 180.0,
  "gamma": 1.5707963267948966,
  "phase_iter": 4,
  "robustness": {
    "sigma_1p0": {
      "average_fidelity": 0.8778052328585624,
      "average_gate_fidelity": 0.847256541073203,
      "fidelity_variance": 0.001816252013523595,
      "num_samples": 60,
      "sigma_mhz": 1.0
    }
  }
}