{
  "alpha": 1.256,
  "eval_cost": 1.3708245947083082,
  "eval_fidelity": 0.9033375890060947,
  "eval_leakage": 0.006924085843871555,
  "eval_plan_path": "runs\\runtime\\gamma_1.570796\\alpha_1.256000\\plans\\iter_000010_control_plan.npz",
  "eval_time_ns": 180.0,
  "gamma": 1.5707963267948966,
  "phase_iter": 10,
  "robustness": {
    "sigma_1p0": {
      "average_fidelity": 0.8755756176359804,
      "average_gate_fidelity": 0.8444695220449752,
      "fidelity_variance": 0.0016950029025758159,
      "num_samples": 60,
      "sigma_mhz": 1.0
    }
  }
}