{
  "alpha": 1.256,
  "eval_cost": 1.643986557732362,
  "eval_fidelity": 0.8750660171772628,
  "eval_leakage": 0.007017559996698196,
  "eval_plan_path": "runs\\runtime\\gamma_1.570796\\alpha_1.256000\\plans\\iter_000013_control_plan.npz",
  "eval_time_ns": 180.0,
  "gamma": 1.5707963267948966,
  "phase_iter": 13,
  "robustness": {
    "sigma_1p0": {
      "average_fidelity": 0.8510765162351694,
      "average_gate_fidelity": 0.8138456452939619,
      "fidelity_variance": 0.0021188685809094263,
      "num_samples": 60,
      "sigma_mhz": 1.0
    }
  }
}