{
  "alpha": 2.2,
  "eval_cost": 0.6213467650030682,
  "eval_fidelity": 0.9973060175116218,
  "eval_leakage": 0.0004864048670762652,
  "eval_plan_path": "runs\\cost_function_sweep\\trpo\\a-2p2__g-pi_2__kl-0p005__tc-0p15__std-m1p0__dt-2p0__mt-180p0__chi-5p0__beta-10p0__mu-0p1__kappa-0p2__hs-64m32m32\\seed_1\\plans\\iter_000005_control_plan.npz",
  "eval_time_ns": 180.0,
  "gamma": 1.5707963267948966,
  "iteration": 5,
  "robustness": {
    "sigma_1p0": {
      "average_fidelity": 0.9444806380281444,
      "average_gate_fidelity": 0.9306007975351805,
      "fidelity_variance": 0.0006308047138469595,
      "num_samples": 60,
      "sigma_mhz": 1.0
    }
  }
}