{
  "alpha": 3.14,
  "eval_cost": 0.8345535702130132,
  "eval_fidelity": 0.9657959677084503,
  "eval_leakage": 0.008431399061473928,
  "eval_plan_path": "runs\\runtime\\gamma_1.570796\\alpha_3.140000\\plans\\iter_000043_control_plan.npz",
  "eval_time_ns": 180.0,
  "gamma": 1.5707963267948966,
  "phase_iter": 43,
  "robustness": {
    "sigma_1p0": {
      "average_fidelity": 0.9200995106456591,
      "average_gate_fidelity": 0.9001243883070735,
      "fidelity_variance": 0.0007513795888114297,
      "num_samples": 60,
      "sigma_mhz": 1.0
    }
  }
}