{
  "alpha": 3.14,
  "eval_cost": 1.2242996956258847,
  "eval_fidelity": 0.9389766351339526,
  "eval_leakage": 0.007378454061567067,
  "eval_plan_path": "runs\\runtime\\gamma_1.570796\\alpha_3.140000\\plans\\iter_000120_control_plan.npz",
  "eval_time_ns": 180.0,
  "gamma": 1.5707963267948966,
  "phase_iter": 120,
  "robustness": {
    "sigma_1p0": {
      "average_fidelity": 0.8966544686818104,
      "average_gate_fidelity": 0.8708180858522631,
      "fidelity_variance": 0.001433704908498029,
      "num_samples": 60,
      "sigma_mhz": 1.0
    }
  }
}