{
  "alpha": 3.14,
  "eval_cost": 1.4047489403458642,
  "eval_fidelity": 0.9194792594563163,
  "eval_leakage": 0.008262058909979685,
  "eval_plan_path": "runs\\runtime\\gamma_1.570796\\alpha_3.140000\\plans\\iter_000004_control_plan.npz",
  "eval_time_ns": 180.0,
  "gamma": 1.5707963267948966,
  "phase_iter": 4,
  "robustness": {
    "sigma_1p0": {
      "average_fidelity": 0.8850384488706244,
      "average_gate_fidelity": 0.8562980610882804,
      "fidelity_variance": 0.0021963476148187926,
      "num_samples": 60,
      "sigma_mhz": 1.0
    }
  }
}