{
  "alpha": 3.14,
  "eval_cost": 0.7398079813951456,
  "eval_fidelity": 0.9750231459489525,
  "eval_leakage": 0.008151886507849882,
  "eval_plan_path": "runs\\runtime\\gamma_1.570796\\alpha_3.140000\\plans\\iter_000056_control_plan.npz",
  "eval_time_ns": 180.0,
  "gamma": 1.5707963267948966,
  "phase_iter": 56,
  "robustness": {
    "sigma_1p0": {
      "average_fidelity": 0.9245525926619877,
      "average_gate_fidelity": 0.9056907408274846,
      "fidelity_variance": 0.001153736819127741,
      "num_samples": 60,
      "sigma_mhz": 1.0
    }
  }
}