{
  "alpha": 3.14,
  "eval_cost": 1.1363573830725282,
  "eval_fidelity": 0.9257634884752994,
  "eval_leakage": 0.008419455449682714,
  "eval_plan_path": "runs\\runtime\\gamma_1.570796\\alpha_3.140000\\plans\\iter_000033_control_plan.npz",
  "eval_time_ns": 180.0,
  "gamma": 1.5707963267948966,
  "phase_iter": 33,
  "robustness": {
    "sigma_1p0": {
      "average_fidelity": 0.8926400834151004,
      "average_gate_fidelity": 0.8658001042688753,
      "fidelity_variance": 0.0011419998829313497,
      "num_samples": 60,
      "sigma_mhz": 1.0
    }
  }
}