{
  "alpha": 3.14,
  "eval_cost": 1.1248669327650092,
  "eval_fidelity": 0.952587957148312,
  "eval_leakage": 0.007125776963032783,
  "eval_plan_path": "runs\\runtime\\gamma_1.570796\\alpha_3.140000\\plans\\iter_000078_control_plan.npz",
  "eval_time_ns": 180.0,
  "gamma": 1.5707963267948966,
  "phase_iter": 78,
  "robustness": {
    "sigma_1p0": {
      "average_fidelity": 0.9125221495703976,
      "average_gate_fidelity": 0.8906526869629967,
      "fidelity_variance": 0.0009268501575908969,
      "num_samples": 60,
      "sigma_mhz": 1.0
    }
  }
}