{
  "alpha": 3.14,
  "eval_cost": 1.3115309178747319,
  "eval_fidelity": 0.9415049314014889,
  "eval_leakage": 0.007019207088937039,
  "eval_plan_path": "runs\\runtime\\gamma_1.570796\\alpha_3.140000\\plans\\iter_000087_control_plan.npz",
  "eval_time_ns": 180.0,
  "gamma": 1.5707963267948966,
  "phase_iter": 87,
  "robustness": {
    "sigma_1p0": {
      "average_fidelity": 0.9020097443884826,
      "average_gate_fidelity": 0.877512180485603,
      "fidelity_variance": 0.0007710611199765516,
      "num_samples": 60,
      "sigma_mhz": 1.0
    }
  }
}