{
  "alpha": 3.14,
  "eval_cost": 0.8759251992728693,
  "eval_fidelity": 0.9682683811822067,
  "eval_leakage": 0.007630874657011438,
  "eval_plan_path": "runs\\runtime\\gamma_1.570796\\alpha_3.140000\\plans\\iter_000066_control_plan.npz",
  "eval_time_ns": 180.0,
  "gamma": 1.5707963267948966,
  "phase_iter": 66,
  "robustness": {
    "sigma_1p0": {
      "average_fidelity": 0.9206010167017173,
      "average_gate_fidelity": 0.9007512708771465,
      "fidelity_variance": 0.0009505425691159653,
      "num_samples": 60,
      "sigma_mhz": 1.0
    }
  }
}