{
  "alpha": 3.14,
  "eval_cost": 1.221594059665253,
  "eval_fidelity": 0.9412547302761242,
  "eval_leakage": 0.007374810001454767,
  "eval_plan_path": "runs\\runtime\\gamma_1.570796\\alpha_3.140000\\plans\\iter_000119_control_plan.npz",
  "eval_time_ns": 180.0,
  "gamma": 1.5707963267948966,
  "phase_iter": 119,
  "robustness": {
    "sigma_1p0": {
      "average_fidelity": 0.8998129038978728,
      "average_gate_fidelity": 0.874766129872341,
      "fidelity_variance": 0.0012225467963299709,
      "num_samples": 60,
      "sigma_mhz": 1.0
    }
  }
}