{
  "alpha": 3.14,
  "eval_cost": 0.7842520666276845,
  "eval_fidelity": 0.9727179793932542,
  "eval_leakage": 0.008116965671804241,
  "eval_plan_path": "runs\\runtime\\gamma_1.570796\\alpha_3.140000\\plans\\iter_000057_control_plan.npz",
  "eval_time_ns": 180.0,
  "gamma": 1.5707963267948966,
  "phase_iter": 57,
  "robustness": {
    "sigma_1p0": {
      "average_fidelity": 0.9320895187983782,
      "average_gate_fidelity": 0.9151118984979728,
      "fidelity_variance": 0.001197755116817535,
      "num_samples": 60,
      "sigma_mhz": 1.0
    }
  }
}