{
  "alpha": 3.14,
  "eval_cost": 2.4014758698581042,
  "eval_fidelity": 0.8053891504478468,
  "eval_leakage": 0.0072240402779701375,
  "eval_plan_path": "runs\\runtime\\gamma_1.570796\\alpha_3.140000\\plans\\iter_000018_control_plan.npz",
  "eval_time_ns": 180.0,
  "gamma": 1.5707963267948966,
  "phase_iter": 18,
  "robustness": {
    "sigma_1p0": {
      "average_fidelity": 0.7982699435016033,
      "average_gate_fidelity": 0.747837429377004,
      "fidelity_variance": 0.0032863683315385453,
      "num_samples": 60,
      "sigma_mhz": 1.0
    }
  }
}