{
  "alpha": 3.14,
  "eval_cost": 1.2489445552745755,
  "eval_fidelity": 0.945357408968518,
  "eval_leakage": 0.0070236426557510065,
  "eval_plan_path": "runs\\runtime\\gamma_1.570796\\alpha_3.140000\\plans\\iter_000086_control_plan.npz",
  "eval_time_ns": 180.0,
  "gamma": 1.5707963267948966,
  "phase_iter": 86,
  "robustness": {
    "sigma_1p0": {
      "average_fidelity": 0.9144069643856118,
      "average_gate_fidelity": 0.8930087054820149,
      "fidelity_variance": 0.0007364105788247436,
      "num_samples": 60,
      "sigma_mhz": 1.0
    }
  }
}