{
  "alpha": 3.14,
  "eval_cost": 0.7916008701245894,
  "eval_fidelity": 0.9703595381850092,
  "eval_leakage": 0.008298513328917371,
  "eval_plan_path": "runs\\runtime\\gamma_1.570796\\alpha_3.140000\\plans\\iter_000053_control_plan.npz",
  "eval_time_ns": 180.0,
  "gamma": 1.5707963267948966,
  "phase_iter": 53,
  "robustness": {
    "sigma_1p0": {
      "average_fidelity": 0.9264841842174857,
      "average_gate_fidelity": 0.908105230271857,
      "fidelity_variance": 0.0009023732699084114,
      "num_samples": 60,
      "sigma_mhz": 1.0
    }
  }
}