{
  "alpha": 3.14,
  "eval_cost": 1.2107535905384395,
  "eval_fidelity": 0.9365664316570843,
  "eval_leakage": 0.007665882368133492,
  "eval_plan_path": "runs\\runtime\\gamma_1.570796\\alpha_3.140000\\plans\\iter_000135_control_plan.npz",
  "eval_time_ns": 180.0,
  "gamma": 1.5707963267948966,
  "phase_iter": 135,
  "robustness": {
    "sigma_1p0": {
      "average_fidelity": 0.9052111711007278,
      "average_gate_fidelity": 0.8815139638759095,
      "fidelity_variance": 0.0010703250857903393,
      "num_samples": 60,
      "sigma_mhz": 1.0
    }
  }
}