{
  "alpha": 3.14,
  "eval_cost": 1.0608288230964988,
  "eval_fidelity": 0.9558310004785187,
  "eval_leakage": 0.007270134660896268,
  "eval_plan_path": "runs\\runtime\\gamma_1.570796\\alpha_3.140000\\plans\\iter_000075_control_plan.npz",
  "eval_time_ns": 180.0,
  "gamma": 1.5707963267948966,
  "phase_iter": 75,
  "robustness": {
    "sigma_1p0": {
      "average_fidelity": 0.9106934342985277,
      "average_gate_fidelity": 0.8883667928731594,
      "fidelity_variance": 0.0007093866056510421,
      "num_samples": 60,
      "sigma_mhz": 1.0
    }
  }
}