{
  "alpha": 3.14,
  "eval_cost": 0.8510258226870776,
  "eval_fidelity": 0.9588794073745458,
  "eval_leakage": 0.0084574533530727,
  "eval_plan_path": "runs\\runtime\\gamma_1.570796\\alpha_3.140000\\plans\\iter_000038_control_plan.npz",
  "eval_time_ns": 180.0,
  "gamma": 1.5707963267948966,
  "phase_iter": 38,
  "robustness": {
    "sigma_1p0": {
      "average_fidelity": 0.9154577834434745,
      "average_gate_fidelity": 0.8943222293043434,
      "fidelity_variance": 0.0009509216574248229,
      "num_samples": 60,
      "sigma_mhz": 1.0
    }
  }
}