{
  "alpha": 3.14,
  "eval_cost": 1.233203471069641,
  "eval_fidelity": 0.9321808825413666,
  "eval_leakage": 0.007519407226713822,
  "eval_plan_path": "runs\\runtime\\gamma_1.570796\\alpha_3.140000\\plans\\iter_000129_control_plan.npz",
  "eval_time_ns": 180.0,
  "gamma": 1.5707963267948966,
  "phase_iter": 129,
  "robustness": {
    "sigma_1p0": {
      "average_fidelity": 0.9074727217840167,
      "average_gate_fidelity": 0.8843409022300209,
      "fidelity_variance": 0.0009129400955190314,
      "num_samples": 60,
      "sigma_mhz": 1.0
    }
  }
}