{
  "alpha": 3.14,
  "eval_cost": 1.2955366677574989,
  "eval_fidelity": 0.9275722835829591,
  "eval_leakage": 0.007466481486760161,
  "eval_plan_path": "runs\\runtime\\gamma_1.570796\\alpha_3.140000\\plans\\iter_000126_control_plan.npz",
  "eval_time_ns": 180.0,
  "gamma": 1.5707963267948966,
  "phase_iter": 126,
  "robustness": {
    "sigma_1p0": {
      "average_fidelity": 0.8941195046548422,
      "average_gate_fidelity": 0.8676493808185529,
      "fidelity_variance": 0.0014823662625966022,
      "num_samples": 60,
      "sigma_mhz": 1.0
    }
  }
}