{
  "alpha": 3.14,
  "eval_cost": 1.962951705004274,
  "eval_fidelity": 0.8447464797624629,
  "eval_leakage": 0.00820683431087886,
  "eval_plan_path": "runs\\runtime\\gamma_1.570796\\alpha_3.140000\\plans\\iter_000026_control_plan.npz",
  "eval_time_ns": 180.0,
  "gamma": 1.5707963267948966,
  "phase_iter": 26,
  "robustness": {
    "sigma_1p0": {
      "average_fidelity": 0.8235725807247732,
      "average_gate_fidelity": 0.7794657259059666,
      "fidelity_variance": 0.0031811131962821665,
      "num_samples": 60,
      "sigma_mhz": 1.0
    }
  }
}