{
  "alpha": 3.14,
  "eval_cost": 1.2290879839851403,
  "eval_fidelity": 0.9289886441089847,
  "eval_leakage": 0.0077316367804213795,
  "eval_plan_path": "runs\\runtime\\gamma_1.570796\\alpha_3.140000\\plans\\iter_000142_control_plan.npz",
  "eval_time_ns": 180.0,
  "gamma": 1.5707963267948966,
  "phase_iter": 142,
  "robustness": {
    "sigma_1p0": {
      "average_fidelity": 0.8969376271591613,
      "average_gate_fidelity": 0.8711720339489515,
      "fidelity_variance": 0.0013150169448139233,
      "num_samples": 60,
      "sigma_mhz": 1.0
    }
  }
}