{
  "alpha": 3.14,
  "eval_cost": 1.116206063821582,
  "eval_fidelity": 0.953601991304888,
  "eval_leakage": 0.007172760297504305,
  "eval_plan_path": "runs\\runtime\\gamma_1.570796\\alpha_3.140000\\plans\\iter_000077_control_plan.npz",
  "eval_time_ns": 180.0,
  "gamma": 1.5707963267948966,
  "phase_iter": 77,
  "robustness": {
    "sigma_1p0": {
      "average_fidelity": 0.9179523445401676,
      "average_gate_fidelity": 0.8974404306752095,
      "fidelity_variance": 0.0007504797523257456,
      "num_samples": 60,
      "sigma_mhz": 1.0
    }
  }
}