{
  "alpha": 3.14,
  "eval_cost": 1.5687655676523873,
  "eval_fidelity": 0.8958121532703077,
  "eval_leakage": 0.007773486079254847,
  "eval_plan_path": "runs\\runtime\\gamma_1.570796\\alpha_3.140000\\plans\\iter_000011_control_plan.npz",
  "eval_time_ns": 180.0,
  "gamma": 1.5707963267948966,
  "phase_iter": 11,
  "robustness": {
    "sigma_1p0": {
      "average_fidelity": 0.8702465649237348,
      "average_gate_fidelity": 0.8378082061546684,
      "fidelity_variance": 0.0028430483831075105,
      "num_samples": 60,
      "sigma_mhz": 1.0
    }
  }
}