{
  "alpha": 3.14,
  "eval_cost": 0.826457162336823,
  "eval_fidelity": 0.9705901812734058,
  "eval_leakage": 0.007853192788322558,
  "eval_plan_path": "runs\\runtime\\gamma_1.570796\\alpha_3.140000\\plans\\iter_000062_control_plan.npz",
  "eval_time_ns": 180.0,
  "gamma": 1.5707963267948966,
  "phase_iter": 62,
  "robustness": {
    "sigma_1p0": {
      "average_fidelity": 0.9266418921714842,
      "average_gate_fidelity": 0.9083023652143553,
      "fidelity_variance": 0.0007737218571190334,
      "num_samples": 60,
      "sigma_mhz": 1.0
    }
  }
}