{
  "alpha": 3.14,
  "eval_cost": 1.8783016602323248,
  "eval_fidelity": 0.8579666594159239,
  "eval_leakage": 0.007283855501912024,
  "eval_plan_path": "runs\\runtime\\gamma_1.570796\\alpha_3.140000\\plans\\iter_000014_control_plan.npz",
  "eval_time_ns": 180.0,
  "gamma": 1.5707963267948966,
  "phase_iter": 14,
  "robustness": {
    "sigma_1p0": {
      "average_fidelity": 0.8369242827402472,
      "average_gate_fidelity": 0.7961553534253091,
      "fidelity_variance": 0.0029311427669737053,
      "num_samples": 60,
      "sigma_mhz": 1.0
    }
  }
}