{
  "alpha": 3.14,
  "eval_cost": 1.298929664990464,
  "eval_fidelity": 0.9364347528150522,
  "eval_leakage": 0.007200294418961708,
  "eval_plan_path": "runs\\runtime\\gamma_1.570796\\alpha_3.140000\\plans\\iter_000111_control_plan.npz",
  "eval_time_ns": 180.0,
  "gamma": 1.5707963267948966,
  "phase_iter": 111,
  "robustness": {
    "sigma_1p0": {
      "average_fidelity": 0.9043820980033246,
      "average_gate_fidelity": 0.8804776225041557,
      "fidelity_variance": 0.0010252804982734337,
      "num_samples": 60,
      "sigma_mhz": 1.0
    }
  }
}