{
  "alpha": 3.14,
  "eval_cost": 1.4156298377863492,
  "eval_fidelity": 0.9293028385044314,
  "eval_leakage": 0.008213965197484161,
  "eval_plan_path": "runs\\runtime\\gamma_1.570796\\alpha_3.140000\\plans\\iter_000005_control_plan.npz",
  "eval_time_ns": 180.0,
  "gamma": 1.5707963267948966,
  "phase_iter": 5,
  "robustness": {
    "sigma_1p0": {
      "average_fidelity": 0.8971236384971051,
      "average_gate_fidelity": 0.8714045481213811,
      "fidelity_variance": 0.0016129243119426529,
      "num_samples": 60,
      "sigma_mhz": 1.0
    }
  }
}