{
  "alpha": 3.14,
  "eval_cost": 1.008067642866028,
  "eval_fidelity": 0.9590966569859818,
  "eval_leakage": 0.007302530238885358,
  "eval_plan_path": "runs\\runtime\\gamma_1.570796\\alpha_3.140000\\plans\\iter_000074_control_plan.npz",
  "eval_time_ns": 180.0,
  "gamma": 1.5707963267948966,
  "phase_iter": 74,
  "robustness": {
    "sigma_1p0": {
      "average_fidelity": 0.917616190339172,
      "average_gate_fidelity": 0.8970202379239647,
      "fidelity_variance": 0.0010636318098799014,
      "num_samples": 60,
      "sigma_mhz": 1.0
    }
  }
}