{
  "alpha": 3.14,
  "eval_cost": 1.2006308664939822,
  "eval_fidelity": 0.9353564147661992,
  "eval_leakage": 0.007570300772694484,
  "eval_plan_path": "runs\\runtime\\gamma_1.570796\\alpha_3.140000\\plans\\iter_000131_control_plan.npz",
  "eval_time_ns": 180.0,
  "gamma": 1.5707963267948966,
  "phase_iter": 131,
  "robustness": {
    "sigma_1p0": {
      "average_fidelity": 0.8987005183308723,
      "average_gate_fidelity": 0.87337564791359,
      "fidelity_variance": 0.0015462880305776886,
      "num_samples": 60,
      "sigma_mhz": 1.0
    }
  }
}