{
  "alpha": 3.14,
  "eval_cost": 1.424042981409648,
  "eval_fidelity": 0.927504411749882,
  "eval_leakage": 0.008195905108512655,
  "eval_plan_path": "runs\\runtime\\gamma_1.570796\\alpha_3.140000\\plans\\iter_000006_control_plan.npz",
  "eval_time_ns": 180.0,
  "gamma": 1.5707963267948966,
  "phase_iter": 6,
  "robustness": {
    "sigma_1p0": {
      "average_fidelity": 0.8887514880100981,
      "average_gate_fidelity": 0.8609393600126227,
      "fidelity_variance": 0.001893936296284384,
      "num_samples": 60,
      "sigma_mhz": 1.0
    }
  }
}