{
  "alpha": 3.14,
  "eval_cost": 1.3406194148913133,
  "eval_fidelity": 0.933806653665176,
  "eval_leakage": 0.007078856194512362,
  "eval_plan_path": "runs\\runtime\\gamma_1.570796\\alpha_3.140000\\plans\\iter_000107_control_plan.npz",
  "eval_time_ns": 180.0,
  "gamma": 1.5707963267948966,
  "phase_iter": 107,
  "robustness": {
    "sigma_1p0": {
      "average_fidelity": 0.9050978855206111,
      "average_gate_fidelity": 0.8813723569007639,
      "fidelity_variance": 0.0015040019907665019,
      "num_samples": 60,
      "sigma_mhz": 1.0
    }
  }
}