{
  "alpha": 3.14,
  "eval_cost": 1.3802731661942298,
  "eval_fidelity": 0.921772806359579,
  "eval_leakage": 0.007452564952161888,
  "eval_plan_path": "runs\\runtime\\gamma_1.570796\\alpha_3.140000\\plans\\iter_000125_control_plan.npz",
  "eval_time_ns": 180.0,
  "gamma": 1.5707963267948966,
  "phase_iter": 125,
  "robustness": {
    "sigma_1p0": {
      "average_fidelity": 0.8849755738488512,
      "average_gate_fidelity": 0.8562194673110639,
      "fidelity_variance": 0.00206587493296192,
      "num_samples": 60,
      "sigma_mhz": 1.0
    }
  }
}