{
  "alpha": 3.14,
  "eval_cost": 0.8820882028941879,
  "eval_fidelity": 0.9672967465089435,
  "eval_leakage": 0.00757425356786485,
  "eval_plan_path": "runs\\runtime\\gamma_1.570796\\alpha_3.140000\\plans\\iter_000067_control_plan.npz",
  "eval_time_ns": 180.0,
  "gamma": 1.5707963267948966,
  "phase_iter": 67,
  "robustness": {
    "sigma_1p0": {
      "average_fidelity": 0.9246872199527627,
      "average_gate_fidelity": 0.9058590249409534,
      "fidelity_variance": 0.001074658467398948,
      "num_samples": 60,
      "sigma_mhz": 1.0
    }
  }
}