{
  "alpha": 3.14,
  "eval_cost": 1.3438025400379183,
  "eval_fidelity": 0.9318272814918708,
  "eval_leakage": 0.007314727725063363,
  "eval_plan_path": "runs\\runtime\\gamma_1.570796\\alpha_3.140000\\plans\\iter_000117_control_plan.npz",
  "eval_time_ns": 180.0,
  "gamma": 1.5707963267948966,
  "phase_iter": 117,
  "robustness": {
    "sigma_1p0": {
      "average_fidelity": 0.901809162868694,
      "average_gate_fidelity": 0.8772614535858673,
      "fidelity_variance": 0.0014885875597468146,
      "num_samples": 60,
      "sigma_mhz": 1.0
    }
  }
}