{
  "alpha": 3.14,
  "eval_cost": 0.8472985878742204,
  "eval_fidelity": 0.9626313275723721,
  "eval_leakage": 0.008428616372125502,
  "eval_plan_path": "runs\\runtime\\gamma_1.570796\\alpha_3.140000\\plans\\iter_000042_control_plan.npz",
  "eval_time_ns": 180.0,
  "gamma": 1.5707963267948966,
  "phase_iter": 42,
  "robustness": {
    "sigma_1p0": {
      "average_fidelity": 0.9192479350388606,
      "average_gate_fidelity": 0.8990599187985755,
      "fidelity_variance": 0.0010533528968097933,
      "num_samples": 60,
      "sigma_mhz": 1.0
    }
  }
}