{
  "alpha": 3.14,
  "eval_cost": 1.1935867314889588,
  "eval_fidelity": 0.9364267347108429,
  "eval_leakage": 0.007562998311749835,
  "eval_plan_path": "runs\\runtime\\gamma_1.570796\\alpha_3.140000\\plans\\iter_000130_control_plan.npz",
  "eval_time_ns": 180.0,
  "gamma": 1.5707963267948966,
  "phase_iter": 130,
  "robustness": {
    "sigma_1p0": {
      "average_fidelity": 0.9008778711858083,
      "average_gate_fidelity": 0.8760973389822606,
      "fidelity_variance": 0.001129725099259813,
      "num_samples": 60,
      "sigma_mhz": 1.0
    }
  }
}