{
  "alpha": 3.14,
  "eval_cost": 1.7837852919671648,
  "eval_fidelity": 0.8685333557461357,
  "eval_leakage": 0.007475813674452222,
  "eval_plan_path": "runs\\runtime\\gamma_1.570796\\alpha_3.140000\\plans\\iter_000013_control_plan.npz",
  "eval_time_ns": 180.0,
  "gamma": 1.5707963267948966,
  "phase_iter": 13,
  "robustness": {
    "sigma_1p0": {
      "average_fidelity": 0.8516911532028587,
      "average_gate_fidelity": 0.8146139415035732,
      "fidelity_variance": 0.002729626674263868,
      "num_samples": 60,
      "sigma_mhz": 1.0
    }
  }
}