{
  "alpha": 3.14,
  "eval_cost": 2.1928646591652563,
  "eval_fidelity": 0.8244396969711848,
  "eval_leakage": 0.007036920317329585,
  "eval_plan_path": "runs\\runtime\\gamma_1.570796\\alpha_3.140000\\plans\\iter_000015_control_plan.npz",
  "eval_time_ns": 180.0,
  "gamma": 1.5707963267948966,
  "phase_iter": 15,
  "robustness": {
    "sigma_1p0": {
      "average_fidelity": 0.8221885222792631,
      "average_gate_fidelity": 0.7777356528490788,
      "fidelity_variance": 0.0033365722336430796,
      "num_samples": 60,
      "sigma_mhz": 1.0
    }
  }
}