{
  "alpha": 3.14,
  "eval_cost": 1.2715360283074948,
  "eval_fidelity": 0.9293588355864117,
  "eval_leakage": 0.007497296064144532,
  "eval_plan_path": "runs\\runtime\\gamma_1.570796\\alpha_3.140000\\plans\\iter_000128_control_plan.npz",
  "eval_time_ns": 180.0,
  "gamma": 1.5707963267948966,
  "phase_iter": 128,
  "robustness": {
    "sigma_1p0": {
      "average_fidelity": 0.9023960645616751,
      "average_gate_fidelity": 0.8779950807020936,
      "fidelity_variance": 0.0012504476230763473,
      "num_samples": 60,
      "sigma_mhz": 1.0
    }
  }
}