{
  "alpha": 3.14,
  "eval_cost": 1.1941742510709072,
  "eval_fidelity": 0.9479348430963367,
  "eval_leakage": 0.007076177077978224,
  "eval_plan_path": "runs\\runtime\\gamma_1.570796\\alpha_3.140000\\plans\\iter_000080_control_plan.npz",
  "eval_time_ns": 180.0,
  "gamma": 1.5707963267948966,
  "phase_iter": 80,
  "robustness": {
    "sigma_1p0": {
      "average_fidelity": 0.9051736006947536,
      "average_gate_fidelity": 0.8814670008684418,
      "fidelity_variance": 0.0012479545100072746,
      "num_samples": 60,
      "sigma_mhz": 1.0
    }
  }
}