{
  "alpha": 3.14,
  "eval_cost": 1.207740667506882,
  "eval_fidelity": 0.9491406257898958,
  "eval_leakage": 0.007049408095820145,
  "eval_plan_path": "runs\\runtime\\gamma_1.570796\\alpha_3.140000\\plans\\iter_000083_control_plan.npz",
  "eval_time_ns": 180.0,
  "gamma": 1.5707963267948966,
  "phase_iter": 83,
  "robustness": {
    "sigma_1p0": {
      "average_fidelity": 0.9091017906037682,
      "average_gate_fidelity": 0.8863772382547103,
      "fidelity_variance": 0.0009829303866429957,
      "num_samples": 60,
      "sigma_mhz": 1.0
    }
  }
}