{
  "alpha": 3.14,
  "eval_cost": 0.9276971908979913,
  "eval_fidelity": 0.9638102212077895,
  "eval_leakage": 0.007558145344447897,
  "eval_plan_path": "runs\\runtime\\gamma_1.570796\\alpha_3.140000\\plans\\iter_000068_control_plan.npz",
  "eval_time_ns": 180.0,
  "gamma": 1.5707963267948966,
  "phase_iter": 68,
  "robustness": {
    "sigma_1p0": {
      "average_fidelity": 0.9183836541598289,
      "average_gate_fidelity": 0.8979795676997863,
      "fidelity_variance": 0.0007447375386930327,
      "num_samples": 60,
      "sigma_mhz": 1.0
    }
  }
}