{
  "alpha": 3.14,
  "eval_cost": 1.1771872542016384,
  "eval_fidelity": 0.9500043309921431,
  "eval_leakage": 0.007024238877919313,
  "eval_plan_path": "runs\\runtime\\gamma_1.570796\\alpha_3.140000\\plans\\iter_000082_control_plan.npz",
  "eval_time_ns": 180.0,
  "gamma": 1.5707963267948966,
  "phase_iter": 82,
  "robustness": {
    "sigma_1p0": {
      "average_fidelity": 0.9091219860458642,
      "average_gate_fidelity": 0.8864024825573301,
      "fidelity_variance": 0.0011836839862662638,
      "num_samples": 60,
      "sigma_mhz": 1.0
    }
  }
}