{
  "alpha": 3.14,
  "eval_cost": 1.5739358655493463,
  "eval_fidelity": 0.881828100322413,
  "eval_leakage": 0.008402173554778253,
  "eval_plan_path": "runs\\runtime\\gamma_1.570796\\alpha_3.140000\\plans\\iter_000028_control_plan.npz",
  "eval_time_ns": 180.0,
  "gamma": 1.5707963267948966,
  "phase_iter": 28,
  "robustness": {
    "sigma_1p0": {
      "average_fidelity": 0.8506163558858518,
      "average_gate_fidelity": 0.8132704448573146,
      "fidelity_variance": 0.002072190080380744,
      "num_samples": 60,
      "sigma_mhz": 1.0
    }
  }
}