{
  "alpha": 3.14,
  "eval_cost": 1.1801338359243485,
  "eval_fidelity": 0.9334035079531456,
  "eval_leakage": 0.007768362994634853,
  "eval_plan_path": "runs\\runtime\\gamma_1.570796\\alpha_3.140000\\plans\\iter_000146_control_plan.npz",
  "eval_time_ns": 180.0,
  "gamma": 1.5707963267948966,
  "phase_iter": 146,
  "robustness": {
    "sigma_1p0": {
      "average_fidelity": 0.9005267409484685,
      "average_gate_fidelity": 0.8756584261855856,
      "fidelity_variance": 0.0010699819246980569,
      "num_samples": 60,
      "sigma_mhz": 1.0
    }
  }
}