{
  "alpha": 3.14,
  "eval_cost": 1.4579266694971045,
  "eval_fidelity": 0.9064463422953564,
  "eval_leakage": 0.008221138481172723,
  "eval_plan_path": "runs\\runtime\\gamma_1.570796\\alpha_3.140000\\plans\\iter_000003_control_plan.npz",
  "eval_time_ns": 180.0,
  "gamma": 1.5707963267948966,
  "phase_iter": 3,
  "robustness": {
    "sigma_1p0": {
      "average_fidelity": 0.8741971797099194,
      "average_gate_fidelity": 0.8427464746373993,
      "fidelity_variance": 0.002621569405545083,
      "num_samples": 60,
      "sigma_mhz": 1.0
    }
  }
}