{
  "alpha": 3.14,
  "eval_cost": 1.4625179472761303,
  "eval_fidelity": 0.9263270906177079,
  "eval_leakage": 0.008155578316833206,
  "eval_plan_path": "runs\\runtime\\gamma_1.570796\\alpha_3.140000\\plans\\iter_000007_control_plan.npz",
  "eval_time_ns": 180.0,
  "gamma": 1.5707963267948966,
  "phase_iter": 7,
  "robustness": {
    "sigma_1p0": {
      "average_fidelity": 0.8911434746070391,
      "average_gate_fidelity": 0.8639293432587988,
      "fidelity_variance": 0.001578390067378811,
      "num_samples": 60,
      "sigma_mhz": 1.0
    }
  }
}