{
  "alpha": 3.14,
  "eval_cost": 1.3715954998924658,
  "eval_fidelity": 0.9329665438480248,
  "eval_leakage": 0.006989719853500131,
  "eval_plan_path": "runs\\runtime\\gamma_1.570796\\alpha_3.140000\\plans\\iter_000103_control_plan.npz",
  "eval_time_ns": 180.0,
  "gamma": 1.5707963267948966,
  "phase_iter": 103,
  "robustness": {
    "sigma_1p0": {
      "average_fidelity": 0.8985792506016378,
      "average_gate_fidelity": 0.8732240632520474,
      "fidelity_variance": 0.0013490496978303408,
      "num_samples": 60,
      "sigma_mhz": 1.0
    }
  }
}