{
  "alpha": 3.14,
  "eval_cost": 1.196453389245553,
  "eval_fidelity": 0.9336773442082564,
  "eval_leakage": 0.007677993632768021,
  "eval_plan_path": "runs\\runtime\\gamma_1.570796\\alpha_3.140000\\plans\\iter_000137_control_plan.npz",
  "eval_time_ns": 180.0,
  "gamma": 1.5707963267948966,
  "phase_iter": 137,
  "robustness": {
    "sigma_1p0": {
      "average_fidelity": 0.8985239216289114,
      "average_gate_fidelity": 0.8731549020361392,
      "fidelity_variance": 0.0015474282946714678,
      "num_samples": 60,
      "sigma_mhz": 1.0
    }
  }
}