{
  "alpha": 3.14,
  "eval_cost": 1.3021419274867978,
  "eval_fidelity": 0.933554853198836,
  "eval_leakage": 0.007337737275682776,
  "eval_plan_path": "runs\\runtime\\gamma_1.570796\\alpha_3.140000\\plans\\iter_000118_control_plan.npz",
  "eval_time_ns": 180.0,
  "gamma": 1.5707963267948966,
  "phase_iter": 118,
  "robustness": {
    "sigma_1p0": {
      "average_fidelity": 0.9014942030253688,
      "average_gate_fidelity": 0.8768677537817109,
      "fidelity_variance": 0.0013649334124187682,
      "num_samples": 60,
      "sigma_mhz": 1.0
    }
  }
}