{
  "alpha": 3.14,
  "eval_cost": 1.3388650399347548,
  "eval_fidelity": 0.9050612904192101,
  "eval_leakage": 0.00839484483767563,
  "eval_plan_path": "runs\\runtime\\gamma_1.570796\\alpha_3.140000\\plans\\iter_000030_control_plan.npz",
  "eval_time_ns": 180.0,
  "gamma": 1.5707963267948966,
  "phase_iter": 30,
  "robustness": {
    "sigma_1p0": {
      "average_fidelity": 0.8786772062343261,
      "average_gate_fidelity": 0.8483465077929077,
      "fidelity_variance": 0.0013433491243224327,
      "num_samples": 60,
      "sigma_mhz": 1.0
    }
  }
}