{
  "alpha": 3.14,
  "eval_cost": 0.9347535945388545,
  "eval_fidelity": 0.9475106500234102,
  "eval_leakage": 0.008492750805801093,
  "eval_plan_path": "runs\\runtime\\gamma_1.570796\\alpha_3.140000\\plans\\iter_000037_control_plan.npz",
  "eval_time_ns": 180.0,
  "gamma": 1.5707963267948966,
  "phase_iter": 37,
  "robustness": {
    "sigma_1p0": {
      "average_fidelity": 0.9095728144112587,
      "average_gate_fidelity": 0.8869660180140734,
      "fidelity_variance": 0.0015269944795711606,
      "num_samples": 60,
      "sigma_mhz": 1.0
    }
  }
}