{
  "alpha": 3.14,
  "eval_cost": 0.8609686501296447,
  "eval_fidelity": 0.9609908970489438,
  "eval_leakage": 0.0084215275374631,
  "eval_plan_path": "runs\\runtime\\gamma_1.570796\\alpha_3.140000\\plans\\iter_000041_control_plan.npz",
  "eval_time_ns": 180.0,
  "gamma": 1.5707963267948966,
  "phase_iter": 41,
  "robustness": {
    "sigma_1p0": {
      "average_fidelity": 0.9183934503334812,
      "average_gate_fidelity": 0.8979918129168516,
      "fidelity_variance": 0.0007836505961442715,
      "num_samples": 60,
      "sigma_mhz": 1.0
    }
  }
}