{
  "alpha": 3.14,
  "eval_cost": 1.2538979931677443,
  "eval_fidelity": 0.9366915204729928,
  "eval_leakage": 0.0074392629779946725,
  "eval_plan_path": "runs\\runtime\\gamma_1.570796\\alpha_3.140000\\plans\\iter_000122_control_plan.npz",
  "eval_time_ns": 180.0,
  "gamma": 1.5707963267948966,
  "phase_iter": 122,
  "robustness": {
    "sigma_1p0": {
      "average_fidelity": 0.902776583368996,
      "average_gate_fidelity": 0.878470729211245,
      "fidelity_variance": 0.0011719722898492864,
      "num_samples": 60,
      "sigma_mhz": 1.0
    }
  }
}