{
  "alpha": 3.14,
  "eval_cost": 2.2829872050003543,
  "eval_fidelity": 0.8151550481179118,
  "eval_leakage": 0.007924170701425069,
  "eval_plan_path": "runs\\runtime\\gamma_1.570796\\alpha_3.140000\\plans\\iter_000021_control_plan.npz",
  "eval_time_ns": 180.0,
  "gamma": 1.5707963267948966,
  "phase_iter": 21,
  "robustness": {
    "sigma_1p0": {
      "average_fidelity": 0.8104886785201718,
      "average_gate_fidelity": 0.7631108481502149,
      "fidelity_variance": 0.003433831647886266,
      "num_samples": 60,
      "sigma_mhz": 1.0
    }
  }
}