{
  "alpha": 3.14,
  "eval_cost": 1.179385683425213,
  "eval_fidelity": 0.9325054873454957,
  "eval_leakage": 0.007742357416352714,
  "eval_plan_path": "runs\\runtime\\gamma_1.570796\\alpha_3.140000\\plans\\iter_000144_control_plan.npz",
  "eval_time_ns": 180.0,
  "gamma": 1.5707963267948966,
  "phase_iter": 144,
  "robustness": {
    "sigma_1p0": {
      "average_fidelity": 0.9027093446348888,
      "average_gate_fidelity": 0.878386680793611,
      "fidelity_variance": 0.001070200174247131,
      "num_samples": 60,
      "sigma_mhz": 1.0
    }
  }
}