{
  "alpha": 3.14,
  "eval_cost": 1.931256880039117,
  "eval_fidelity": 0.8479179370641955,
  "eval_leakage": 0.008239039707161824,
  "eval_plan_path": "runs\\runtime\\gamma_1.570796\\alpha_3.140000\\plans\\iter_000025_control_plan.npz",
  "eval_time_ns": 180.0,
  "gamma": 1.5707963267948966,
  "phase_iter": 25,
  "robustness": {
    "sigma_1p0": {
      "average_fidelity": 0.8464727441594448,
      "average_gate_fidelity": 0.8080909301993058,
      "fidelity_variance": 0.0020721163529395644,
      "num_samples": 60,
      "sigma_mhz": 1.0
    }
  }
}