{
  "alpha": 3.14,
  "eval_cost": 1.1914459683834893,
  "eval_fidelity": 0.9321054640895919,
  "eval_leakage": 0.007751268094370373,
  "eval_plan_path": "runs\\runtime\\gamma_1.570796\\alpha_3.140000\\plans\\iter_000147_control_plan.npz",
  "eval_time_ns": 180.0,
  "gamma": 1.5707963267948966,
  "phase_iter": 147,
  "robustness": {
    "sigma_1p0": {
      "average_fidelity": 0.9033713894226711,
      "average_gate_fidelity": 0.879214236778339,
      "fidelity_variance": 0.000992669923549992,
      "num_samples": 60,
      "sigma_mhz": 1.0
    }
  }
}