{
  "alpha": 3.14,
  "eval_cost": 1.1884230853865425,
  "eval_fidelity": 0.9372866139394458,
  "eval_leakage": 0.007650901481811483,
  "eval_plan_path": "runs\\runtime\\gamma_1.570796\\alpha_3.140000\\plans\\iter_000134_control_plan.npz",
  "eval_time_ns": 180.0,
  "gamma": 1.5707963267948966,
  "phase_iter": 134,
  "robustness": {
    "sigma_1p0": {
      "average_fidelity": 0.9078975237163441,
      "average_gate_fidelity": 0.8848719046454302,
      "fidelity_variance": 0.001259489460611681,
      "num_samples": 60,
      "sigma_mhz": 1.0
    }
  }
}