{
  "alpha": 3.14,
  "eval_cost": 1.4326310694908837,
  "eval_fidelity": 0.9323328859725182,
  "eval_leakage": 0.006986278337865643,
  "eval_plan_path": "runs\\runtime\\gamma_1.570796\\alpha_3.140000\\plans\\iter_000099_control_plan.npz",
  "eval_time_ns": 180.0,
  "gamma": 1.5707963267948966,
  "phase_iter": 99,
  "robustness": {
    "sigma_1p0": {
      "average_fidelity": 0.896784704528,
      "average_gate_fidelity": 0.8709808806599999,
      "fidelity_variance": 0.0012159826484681119,
      "num_samples": 60,
      "sigma_mhz": 1.0
    }
  }
}