{
  "alpha": 3.14,
  "eval_cost": 1.4591734662235423,
  "eval_fidelity": 0.9302815050114799,
  "eval_leakage": 0.006941438289057274,
  "eval_plan_path": "runs\\runtime\\gamma_1.570796\\alpha_3.140000\\plans\\iter_000094_control_plan.npz",
  "eval_time_ns": 180.0,
  "gamma": 1.5707963267948966,
  "phase_iter": 94,
  "robustness": {
    "sigma_1p0": {
      "average_fidelity": 0.8993814255762781,
      "average_gate_fidelity": 0.8742267819703475,
      "fidelity_variance": 0.0013857099761828994,
      "num_samples": 60,
      "sigma_mhz": 1.0
    }
  }
}