{
  "alpha": 3.14,
  "eval_cost": 0.903858414759353,
  "eval_fidelity": 0.9668933497274086,
  "eval_leakage": 0.007717311812744401,
  "eval_plan_path": "runs\\runtime\\gamma_1.570796\\alpha_3.140000\\plans\\iter_000065_control_plan.npz",
  "eval_time_ns": 180.0,
  "gamma": 1.5707963267948966,
  "phase_iter": 65,
  "robustness": {
    "sigma_1p0": {
      "average_fidelity": 0.9262220891720585,
      "average_gate_fidelity": 0.9077776114650732,
      "fidelity_variance": 0.0009838636979887369,
      "num_samples": 60,
      "sigma_mhz": 1.0
    }
  }
}