{
  "alpha": 3.14,
  "eval_cost": 1.0492737711269278,
  "eval_fidelity": 0.9354630997446437,
  "eval_leakage": 0.008450509490364565,
  "eval_plan_path": "runs\\runtime\\gamma_1.570796\\alpha_3.140000\\plans\\iter_000035_control_plan.npz",
  "eval_time_ns": 180.0,
  "gamma": 1.5707963267948966,
  "phase_iter": 35,
  "robustness": {
    "sigma_1p0": {
      "average_fidelity": 0.8988421545346178,
      "average_gate_fidelity": 0.8735526931682719,
      "fidelity_variance": 0.0008171246917709471,
      "num_samples": 60,
      "sigma_mhz": 1.0
    }
  }
}