{
  "alpha": 3.14,
  "eval_cost": 1.6466172926130003,
  "eval_fidelity": 0.8808287280712386,
  "eval_leakage": 0.008121373805650069,
  "eval_plan_path": "runs\\runtime\\gamma_1.570796\\alpha_3.140000\\plans\\iter_000001_control_plan.npz",
  "eval_time_ns": 180.0,
  "gamma": 1.5707963267948966,
  "phase_iter": 1,
  "robustness": {
    "sigma_1p0": {
      "average_fidelity": 0.8643311996966155,
      "average_gate_fidelity": 0.8304139996207692,
      "fidelity_variance": 0.0019924483902392875,
      "num_samples": 60,
      "sigma_mhz": 1.0
    }
  }
}