{
  "alpha": 3.14,
  "eval_cost": 1.2406811253089574,
  "eval_fidelity": 0.9149759918522583,
  "eval_leakage": 0.008432044507407345,
  "eval_plan_path": "runs\\runtime\\gamma_1.570796\\alpha_3.140000\\plans\\iter_000032_control_plan.npz",
  "eval_time_ns": 180.0,
  "gamma": 1.5707963267948966,
  "phase_iter": 32,
  "robustness": {
    "sigma_1p0": {
      "average_fidelity": 0.8850774979352143,
      "average_gate_fidelity": 0.8563468724190176,
      "fidelity_variance": 0.0017143452754115182,
      "num_samples": 60,
      "sigma_mhz": 1.0
    }
  }
}