{
  "alpha": 3.14,
  "eval_cost": 1.2432063455801838,
  "eval_fidelity": 0.9409150518087008,
  "eval_leakage": 0.00714107143743427,
  "eval_plan_path": "runs\\runtime\\gamma_1.570796\\alpha_3.140000\\plans\\iter_000109_control_plan.npz",
  "eval_time_ns": 180.0,
  "gamma": 1.5707963267948966,
  "phase_iter": 109,
  "robustness": {
    "sigma_1p0": {
      "average_fidelity": 0.9029715550947132,
      "average_gate_fidelity": 0.8787144438683911,
      "fidelity_variance": 0.0017036970365586538,
      "num_samples": 60,
      "sigma_mhz": 1.0
    }
  }
}