{
  "alpha": 3.14,
  "eval_cost": 0.7566919755731649,
  "eval_fidelity": 0.9744225503624535,
  "eval_leakage": 0.008037741393842942,
  "eval_plan_path": "runs\\runtime\\gamma_1.570796\\alpha_3.140000\\plans\\iter_000058_control_plan.npz",
  "eval_time_ns": 180.0,
  "gamma": 1.5707963267948966,
  "phase_iter": 58,
  "robustness": {
    "sigma_1p0": {
      "average_fidelity": 0.9280958757533985,
      "average_gate_fidelity": 0.910119844691748,
      "fidelity_variance": 0.0007381005793839438,
      "num_samples": 60,
      "sigma_mhz": 1.0
    }
  }
}