{
  "alpha": 3.14,
  "eval_cost": 1.2940765840450053,
  "eval_fidelity": 0.9094689252595177,
  "eval_leakage": 0.008444484474853969,
  "eval_plan_path": "runs\\runtime\\gamma_1.570796\\alpha_3.140000\\plans\\iter_000031_control_plan.npz",
  "eval_time_ns": 180.0,
  "gamma": 1.5707963267948966,
  "phase_iter": 31,
  "robustness": {
    "sigma_1p0": {
      "average_fidelity": 0.8836698362860539,
      "average_gate_fidelity": 0.8545872953575674,
      "fidelity_variance": 0.0016195579398075152,
      "num_samples": 60,
      "sigma_mhz": 1.0
    }
  }
}