{
  "alpha": 3.14,
  "eval_cost": 1.3785525703449568,
  "eval_fidelity": 0.9344256461107692,
  "eval_leakage": 0.006973632435686755,
  "eval_plan_path": "runs\\runtime\\gamma_1.570796\\alpha_3.140000\\plans\\iter_000101_control_plan.npz",
  "eval_time_ns": 180.0,
  "gamma": 1.5707963267948966,
  "phase_iter": 101,
  "robustness": {
    "sigma_1p0": {
      "average_fidelity": 0.8956093812776633,
      "average_gate_fidelity": 0.869511726597079,
      "fidelity_variance": 0.0015448657601808845,
      "num_samples": 60,
      "sigma_mhz": 1.0
    }
  }
}