{
  "alpha": 3.14,
  "eval_cost": 1.2523825798940018,
  "eval_fidelity": 0.9453261601453287,
  "eval_leakage": 0.007038141111672673,
  "eval_plan_path": "runs\\runtime\\gamma_1.570796\\alpha_3.140000\\plans\\iter_000085_control_plan.npz",
  "eval_time_ns": 180.0,
  "gamma": 1.5707963267948966,
  "phase_iter": 85,
  "robustness": {
    "sigma_1p0": {
      "average_fidelity": 0.9096070642448443,
      "average_gate_fidelity": 0.8870088303060552,
      "fidelity_variance": 0.0008006084018802934,
      "num_samples": 60,
      "sigma_mhz": 1.0
    }
  }
}