{
  "alpha": 3.14,
  "eval_cost": 1.2436754064764322,
  "eval_fidelity": 0.9362899644381775,
  "eval_leakage": 0.007398338905112242,
  "eval_plan_path": "runs\\runtime\\gamma_1.570796\\alpha_3.140000\\plans\\iter_000121_control_plan.npz",
  "eval_time_ns": 180.0,
  "gamma": 1.5707963267948966,
  "phase_iter": 121,
  "robustness": {
    "sigma_1p0": {
      "average_fidelity": 0.9106296254854412,
      "average_gate_fidelity": 0.8882870318568016,
      "fidelity_variance": 0.0009551895381789693,
      "num_samples": 60,
      "sigma_mhz": 1.0
    }
  }
}