{
  "alpha": 3.14,
  "eval_cost": 2.516177899433517,
  "eval_fidelity": 0.7923153972715478,
  "eval_leakage": 0.006831468836371296,
  "eval_plan_path": "runs\\runtime\\gamma_1.570796\\alpha_3.140000\\plans\\iter_000016_control_plan.npz",
  "eval_time_ns": 180.0,
  "gamma": 1.5707963267948966,
  "phase_iter": 16,
  "robustness": {
    "sigma_1p0": {
      "average_fidelity": 0.7946413655654304,
      "average_gate_fidelity": 0.7433017069567882,
      "fidelity_variance": 0.0030262527586731912,
      "num_samples": 60,
      "sigma_mhz": 1.0
    }
  }
}