{
  "alpha": 3.14,
  "eval_cost": 1.1510704060715247,
  "eval_fidelity": 0.9361162942014288,
  "eval_leakage": 0.007763000779859941,
  "eval_plan_path": "runs\\runtime\\gamma_1.570796\\alpha_3.140000\\plans\\iter_000145_control_plan.npz",
  "eval_time_ns": 180.0,
  "gamma": 1.5707963267948966,
  "phase_iter": 145,
  "robustness": {
    "sigma_1p0": {
      "average_fidelity": 0.8980779589269329,
      "average_gate_fidelity": 0.872597448658666,
      "fidelity_variance": 0.0016956845650401213,
      "num_samples": 60,
      "sigma_mhz": 1.0
    }
  }
}