{
  "alpha": 3.14,
  "eval_cost": 1.3147228149238945,
  "eval_fidelity": 0.9299196471422493,
  "eval_leakage": 0.007457182270028131,
  "eval_plan_path": "runs\\runtime\\gamma_1.570796\\alpha_3.140000\\plans\\iter_000124_control_plan.npz",
  "eval_time_ns": 180.0,
  "gamma": 1.5707963267948966,
  "phase_iter": 124,
  "robustness": {
    "sigma_1p0": {
      "average_fidelity": 0.8918508444021118,
      "average_gate_fidelity": 0.8648135555026399,
      "fidelity_variance": 0.0011465214176248695,
      "num_samples": 60,
      "sigma_mhz": 1.0
    }
  }
}