{
  "alpha": 3.14,
  "eval_cost": 0.9519581935040289,
  "eval_fidelity": 0.9622622059002076,
  "eval_leakage": 0.007534211048269832,
  "eval_plan_path": "runs\\runtime\\gamma_1.570796\\alpha_3.140000\\plans\\iter_000069_control_plan.npz",
  "eval_time_ns": 180.0,
  "gamma": 1.5707963267948966,
  "phase_iter": 69,
  "robustness": {
    "sigma_1p0": {
      "average_fidelity": 0.9245672516080408,
      "average_gate_fidelity": 0.9057090645100507,
      "fidelity_variance": 0.0009278138702884149,
      "num_samples": 60,
      "sigma_mhz": 1.0
    }
  }
}