{
  "alpha": 3.14,
  "eval_cost": 1.3423648455099417,
  "eval_fidelity": 0.9323989704394214,
  "eval_leakage": 0.007231382412317799,
  "eval_plan_path": "runs\\runtime\\gamma_1.570796\\alpha_3.140000\\plans\\iter_000114_control_plan.npz",
  "eval_time_ns": 180.0,
  "gamma": 1.5707963267948966,
  "phase_iter": 114,
  "robustness": {
    "sigma_1p0": {
      "average_fidelity": 0.8975223935191323,
      "average_gate_fidelity": 0.8719029918989153,
      "fidelity_variance": 0.0010076732585669185,
      "num_samples": 60,
      "sigma_mhz": 1.0
    }
  }
}