{
  "alpha": 3.14,
  "eval_cost": 1.3994045139720714,
  "eval_fidelity": 0.9358812086815524,
  "eval_leakage": 0.006949778858033664,
  "eval_plan_path": "runs\\runtime\\gamma_1.570796\\alpha_3.140000\\plans\\iter_000090_control_plan.npz",
  "eval_time_ns": 180.0,
  "gamma": 1.5707963267948966,
  "phase_iter": 90,
  "robustness": {
    "sigma_1p0": {
      "average_fidelity": 0.8997832498228697,
      "average_gate_fidelity": 0.8747290622785869,
      "fidelity_variance": 0.0013991006619837284,
      "num_samples": 60,
      "sigma_mhz": 1.0
    }
  }
}