{
  "alpha": 3.14,
  "eval_cost": 0.8043154599666891,
  "eval_fidelity": 0.9676229541939352,
  "eval_leakage": 0.008435806195339965,
  "eval_plan_path": "runs\\runtime\\gamma_1.570796\\alpha_3.140000\\plans\\iter_000046_control_plan.npz",
  "eval_time_ns": 180.0,
  "gamma": 1.5707963267948966,
  "phase_iter": 46,
  "robustness": {
    "sigma_1p0": {
      "average_fidelity": 0.9242798539352926,
      "average_gate_fidelity": 0.9053498174191158,
      "fidelity_variance": 0.0005704020475980725,
      "num_samples": 60,
      "sigma_mhz": 1.0
    }
  }
}