{
  "alpha": 3.14,
  "eval_cost": 1.3828388321899021,
  "eval_fidelity": 0.9293248066029455,
  "eval_leakage": 0.007291383620517255,
  "eval_plan_path": "runs\\runtime\\gamma_1.570796\\alpha_3.140000\\plans\\iter_000116_control_plan.npz",
  "eval_time_ns": 180.0,
  "gamma": 1.5707963267948966,
  "phase_iter": 116,
  "robustness": {
    "sigma_1p0": {
      "average_fidelity": 0.8941625591024757,
      "average_gate_fidelity": 0.8677031988780947,
      "fidelity_variance": 0.0014883662877861331,
      "num_samples": 60,
      "sigma_mhz": 1.0
    }
  }
}