{
  "alpha": 3.14,
  "eval_cost": 1.4723407013524041,
  "eval_fidelity": 0.9116534690588406,
  "eval_leakage": 0.007903095970653959,
  "eval_plan_path": "runs\\runtime\\gamma_1.570796\\alpha_3.140000\\plans\\iter_000010_control_plan.npz",
  "eval_time_ns": 180.0,
  "gamma": 1.5707963267948966,
  "phase_iter": 10,
  "robustness": {
    "sigma_1p0": {
      "average_fidelity": 0.8855137495465247,
      "average_gate_fidelity": 0.8568921869331557,
      "fidelity_variance": 0.0024585726259620413,
      "num_samples": 60,
      "sigma_mhz": 1.0
    }
  }
}