{
  "alpha": 3.14,
  "eval_cost": 1.1969746635541378,
  "eval_fidelity": 0.9324555861775453,
  "eval_leakage": 0.007742238918824405,
  "eval_plan_path": "runs\\runtime\\gamma_1.570796\\alpha_3.140000\\plans\\iter_000141_control_plan.npz",
  "eval_time_ns": 180.0,
  "gamma": 1.5707963267948966,
  "phase_iter": 141,
  "robustness": {
    "sigma_1p0": {
      "average_fidelity": 0.897936358946732,
      "average_gate_fidelity": 0.8724204486834151,
      "fidelity_variance": 0.0010929785545690568,
      "num_samples": 60,
      "sigma_mhz": 1.0
    }
  }
}