{
  "alpha": 3.14,
  "eval_cost": 1.4320800535206557,
  "eval_fidelity": 0.9327884282437958,
  "eval_leakage": 0.006923668486260922,
  "eval_plan_path": "runs\\runtime\\gamma_1.570796\\alpha_3.140000\\plans\\iter_000096_control_plan.npz",
  "eval_time_ns": 180.0,
  "gamma": 1.5707963267948966,
  "phase_iter": 96,
  "robustness": {
    "sigma_1p0": {
      "average_fidelity": 0.9065287167229261,
      "average_gate_fidelity": 0.8831608959036577,
      "fidelity_variance": 0.0008831802312818809,
      "num_samples": 60,
      "sigma_mhz": 1.0
    }
  }
}