{
  "alpha": 3.14,
  "eval_cost": 1.4697139310827358,
  "eval_fidelity": 0.9313733181056393,
  "eval_leakage": 0.006958655892919532,
  "eval_plan_path": "runs\\runtime\\gamma_1.570796\\alpha_3.140000\\plans\\iter_000097_control_plan.npz",
  "eval_time_ns": 180.0,
  "gamma": 1.5707963267948966,
  "phase_iter": 97,
  "robustness": {
    "sigma_1p0": {
      "average_fidelity": 0.9068482161072513,
      "average_gate_fidelity": 0.8835602701340642,
      "fidelity_variance": 0.0006657357133913591,
      "num_samples": 60,
      "sigma_mhz": 1.0
    }
  }
}