{
  "alpha": 3.14,
  "eval_cost": 0.8330929667349034,
  "eval_fidelity": 0.9701177453460668,
  "eval_leakage": 0.007893612493532962,
  "eval_plan_path": "runs\\runtime\\gamma_1.570796\\alpha_3.140000\\plans\\iter_000061_control_plan.npz",
  "eval_time_ns": 180.0,
  "gamma": 1.5707963267948966,
  "phase_iter": 61,
  "robustness": {
    "sigma_1p0": {
      "average_fidelity": 0.9269508854751746,
      "average_gate_fidelity": 0.9086886068439682,
      "fidelity_variance": 0.0009575612046001411,
      "num_samples": 60,
      "sigma_mhz": 1.0
    }
  }
}