{
  "alpha": 3.14,
  "eval_cost": 1.428324102975907,
  "eval_fidelity": 0.9341599211997178,
  "eval_leakage": 0.006932448006436059,
  "eval_plan_path": "runs\\runtime\\gamma_1.570796\\alpha_3.140000\\plans\\iter_000092_control_plan.npz",
  "eval_time_ns": 180.0,
  "gamma": 1.5707963267948966,
  "phase_iter": 92,
  "robustness": {
    "sigma_1p0": {
      "average_fidelity": 0.8935501449603191,
      "average_gate_fidelity": 0.8669376812003988,
      "fidelity_variance": 0.001523586201496778,
      "num_samples": 60,
      "sigma_mhz": 1.0
    }
  }
}