{
  "alpha": 3.14,
  "eval_cost": 1.3081580447098202,
  "eval_fidelity": 0.937366692128151,
  "eval_leakage": 0.007242637253738131,
  "eval_plan_path": "runs\\runtime\\gamma_1.570796\\alpha_3.140000\\plans\\iter_000113_control_plan.npz",
  "eval_time_ns": 180.0,
  "gamma": 1.5707963267948966,
  "phase_iter": 113,
  "robustness": {
    "sigma_1p0": {
      "average_fidelity": 0.9087339913938289,
      "average_gate_fidelity": 0.8859174892422862,
      "fidelity_variance": 0.0007402656165196221,
      "num_samples": 60,
      "sigma_mhz": 1.0
    }
  }
}