{
  "alpha": 3.14,
  "eval_cost": 1.4418999249803348,
  "eval_fidelity": 0.9322466776659962,
  "eval_leakage": 0.006937029497023859,
  "eval_plan_path": "runs\\runtime\\gamma_1.570796\\alpha_3.140000\\plans\\iter_000093_control_plan.npz",
  "eval_time_ns": 180.0,
  "gamma": 1.5707963267948966,
  "phase_iter": 93,
  "robustness": {
    "sigma_1p0": {
      "average_fidelity": 0.9018177651516684,
      "average_gate_fidelity": 0.8772722064395854,
      "fidelity_variance": 0.000931991774229493,
      "num_samples": 60,
      "sigma_mhz": 1.0
    }
  }
}