{
  "alpha": 3.14,
  "eval_cost": 1.175815098542602,
  "eval_fidelity": 0.9494888771547242,
  "eval_leakage": 0.007072396128092541,
  "eval_plan_path": "runs\\runtime\\gamma_1.570796\\alpha_3.140000\\plans\\iter_000081_control_plan.npz",
  "eval_time_ns": 180.0,
  "gamma": 1.5707963267948966,
  "phase_iter": 81,
  "robustness": {
    "sigma_1p0": {
      "average_fidelity": 0.9098859011083502,
      "average_gate_fidelity": 0.8873573763854379,
      "fidelity_variance": 0.0014011710052836397,
      "num_samples": 60,
      "sigma_mhz": 1.0
    }
  }
}