{
  "alpha": 3.14,
  "eval_cost": 0.7756252708684706,
  "eval_fidelity": 0.9719633020535543,
  "eval_leakage": 0.008345585009632422,
  "eval_plan_path": "runs\\runtime\\gamma_1.570796\\alpha_3.140000\\plans\\iter_000049_control_plan.npz",
  "eval_time_ns": 180.0,
  "gamma": 1.5707963267948966,
  "phase_iter": 49,
  "robustness": {
    "sigma_1p0": {
      "average_fidelity": 0.927901754372315,
      "average_gate_fidelity": 0.9098771929653938,
      "fidelity_variance": 0.0006877024598853373,
      "num_samples": 60,
      "sigma_mhz": 1.0
    }
  }
}