{
  "alpha": 3.14,
  "eval_cost": 0.8085688291292703,
  "eval_fidelity": 0.9712634524186589,
  "eval_leakage": 0.0080181485338227,
  "eval_plan_path": "runs\\runtime\\gamma_1.570796\\alpha_3.140000\\plans\\iter_000060_control_plan.npz",
  "eval_time_ns": 180.0,
  "gamma": 1.5707963267948966,
  "phase_iter": 60,
  "robustness": {
    "sigma_1p0": {
      "average_fidelity": 0.9302217325886748,
      "average_gate_fidelity": 0.9127771657358433,
      "fidelity_variance": 0.0007640296587985253,
      "num_samples": 60,
      "sigma_mhz": 1.0
    }
  }
}