{
  "alpha": 3.14,
  "eval_cost": 1.0653762848068964,
  "eval_fidelity": 0.9336636726639708,
  "eval_leakage": 0.008443405385225696,
  "eval_plan_path": "runs\\runtime\\gamma_1.570796\\alpha_3.140000\\plans\\iter_000034_control_plan.npz",
  "eval_time_ns": 180.0,
  "gamma": 1.5707963267948966,
  "phase_iter": 34,
  "robustness": {
    "sigma_1p0": {
      "average_fidelity": 0.8942355358567092,
      "average_gate_fidelity": 0.8677944198208863,
      "fidelity_variance": 0.001466627736517607,
      "num_samples": 60,
      "sigma_mhz": 1.0
    }
  }
}