{
  "alpha": 3.14,
  "eval_cost": 1.3688046769558144,
  "eval_fidelity": 0.9334786311921035,
  "eval_leakage": 0.007033514187618071,
  "eval_plan_path": "runs\\runtime\\gamma_1.570796\\alpha_3.140000\\plans\\iter_000105_control_plan.npz",
  "eval_time_ns": 180.0,
  "gamma": 1.5707963267948966,
  "phase_iter": 105,
  "robustness": {
    "sigma_1p0": {
      "average_fidelity": 0.9023971030338075,
      "average_gate_fidelity": 0.8779963787922592,
      "fidelity_variance": 0.0010277808551625277,
      "num_samples": 60,
      "sigma_mhz": 1.0
    }
  }
}