{
  "alpha": 3.14,
  "eval_cost": 0.8174693663523391,
  "eval_fidelity": 0.9698379803630299,
  "eval_leakage": 0.0082612015936531,
  "eval_plan_path": "runs\\runtime\\gamma_1.570796\\alpha_3.140000\\plans\\iter_000052_control_plan.npz",
  "eval_time_ns": 180.0,
  "gamma": 1.5707963267948966,
  "phase_iter": 52,
  "robustness": {
    "sigma_1p0": {
      "average_fidelity": 0.9230300602807774,
      "average_gate_fidelity": 0.903787575350972,
      "fidelity_variance": 0.0006888583167355042,
      "num_samples": 60,
      "sigma_mhz": 1.0
    }
  }
}