{
  "alpha": 3.14,
  "eval_cost": 2.15161185882725,
  "eval_fidelity": 0.8270943349013932,
  "eval_leakage": 0.008049602254637836,
  "eval_plan_path": "runs\\runtime\\gamma_1.570796\\alpha_3.140000\\plans\\iter_000024_control_plan.npz",
  "eval_time_ns": 180.0,
  "gamma": 1.5707963267948966,
  "phase_iter": 24,
  "robustness": {
    "sigma_1p0": {
      "average_fidelity": 0.812798368825606,
      "average_gate_fidelity": 0.7659979610320076,
      "fidelity_variance": 0.0030441653231708245,
      "num_samples": 60,
      "sigma_mhz": 1.0
    }
  }
}