{
  "alpha": 3.14,
  "eval_cost": 0.7519057468913972,
  "eval_fidelity": 0.9735607875170891,
  "eval_leakage": 0.008220383475349233,
  "eval_plan_path": "runs\\runtime\\gamma_1.570796\\alpha_3.140000\\plans\\iter_000054_control_plan.npz",
  "eval_time_ns": 180.0,
  "gamma": 1.5707963267948966,
  "phase_iter": 54,
  "robustness": {
    "sigma_1p0": {
      "average_fidelity": 0.9239223658037145,
      "average_gate_fidelity": 0.904902957254643,
      "fidelity_variance": 0.000913306994364476,
      "num_samples": 60,
      "sigma_mhz": 1.0
    }
  }
}