{
  "alpha": 3.14,
  "eval_cost": 0.8217327492669494,
  "eval_fidelity": 0.9697895207019633,
  "eval_leakage": 0.008258111788236398,
  "eval_plan_path": "runs\\runtime\\gamma_1.570796\\alpha_3.140000\\plans\\iter_000051_control_plan.npz",
  "eval_time_ns": 180.0,
  "gamma": 1.5707963267948966,
  "phase_iter": 51,
  "robustness": {
    "sigma_1p0": {
      "average_fidelity": 0.9215204951315841,
      "average_gate_fidelity": 0.90190061891448,
      "fidelity_variance": 0.0004937660132964761,
      "num_samples": 60,
      "sigma_mhz": 1.0
    }
  }
}