{
  "alpha": 3.14,
  "eval_cost": 1.1975480801365415,
  "eval_fidelity": 0.9326616107310117,
  "eval_leakage": 0.007697571577690655,
  "eval_plan_path": "runs\\runtime\\gamma_1.570796\\alpha_3.140000\\plans\\iter_000139_control_plan.npz",
  "eval_time_ns": 180.0,
  "gamma": 1.5707963267948966,
  "phase_iter": 139,
  "robustness": {
    "sigma_1p0": {
      "average_fidelity": 0.9029808523480725,
      "average_gate_fidelity": 0.8787260654350909,
      "fidelity_variance": 0.0009693763679591947,
      "num_samples": 60,
      "sigma_mhz": 1.0
    }
  }
}