{
  "alpha": 3.14,
  "eval_cost": 2.2673707231139097,
  "eval_fidelity": 0.8169618432377928,
  "eval_leakage": 0.00784079046447009,
  "eval_plan_path": "runs\\runtime\\gamma_1.570796\\alpha_3.140000\\plans\\iter_000020_control_plan.npz",
  "eval_time_ns": 180.0,
  "gamma": 1.5707963267948966,
  "phase_iter": 20,
  "robustness": {
    "sigma_1p0": {
      "average_fidelity": 0.8112738677133579,
      "average_gate_fidelity": 0.7640923346416972,
      "fidelity_variance": 0.0024717860471942603,
      "num_samples": 60,
      "sigma_mhz": 1.0
    }
  }
}