{
  "alpha": 3.14,
  "eval_cost": 0.8217739728710035,
  "eval_fidelity": 0.9683485022847149,
  "eval_leakage": 0.008389456891509868,
  "eval_plan_path": "runs\\runtime\\gamma_1.570796\\alpha_3.140000\\plans\\iter_000045_control_plan.npz",
  "eval_time_ns": 180.0,
  "gamma": 1.5707963267948966,
  "phase_iter": 45,
  "robustness": {
    "sigma_1p0": {
      "average_fidelity": 0.9281965847878187,
      "average_gate_fidelity": 0.9102457309847733,
      "fidelity_variance": 0.0010448466294628036,
      "num_samples": 60,
      "sigma_mhz": 1.0
    }
  }
}