{
  "alpha": 3.14,
  "eval_cost": 1.2931816322788199,
  "eval_fidelity": 0.9443890322654094,
  "eval_leakage": 0.006929955526533839,
  "eval_plan_path": "runs\\runtime\\gamma_1.570796\\alpha_3.140000\\plans\\iter_000089_control_plan.npz",
  "eval_time_ns": 180.0,
  "gamma": 1.5707963267948966,
  "phase_iter": 89,
  "robustness": {
    "sigma_1p0": {
      "average_fidelity": 0.9129990178890982,
      "average_gate_fidelity": 0.8912487723613725,
      "fidelity_variance": 0.001042556773741807,
      "num_samples": 60,
      "sigma_mhz": 1.0
    }
  }
}