{
  "alpha": 3.14,
  "eval_cost": 1.1432581531240975,
  "eval_fidelity": 0.9515966798626199,
  "eval_leakage": 0.007090569195238346,
  "eval_plan_path": "runs\\runtime\\gamma_1.570796\\alpha_3.140000\\plans\\iter_000079_control_plan.npz",
  "eval_time_ns": 180.0,
  "gamma": 1.5707963267948966,
  "phase_iter": 79,
  "robustness": {
    "sigma_1p0": {
      "average_fidelity": 0.9103471703325575,
      "average_gate_fidelity": 0.8879339629156969,
      "fidelity_variance": 0.0008481455516381458,
      "num_samples": 60,
      "sigma_mhz": 1.0
    }
  }
}