{
  "alpha": 3.14,
  "eval_cost": 1.2300717206181224,
  "eval_fidelity": 0.9294401269498345,
  "eval_leakage": 0.007704409512896432,
  "eval_plan_path": "runs\\runtime\\gamma_1.570796\\alpha_3.140000\\plans\\iter_000140_control_plan.npz",
  "eval_time_ns": 180.0,
  "gamma": 1.5707963267948966,
  "phase_iter": 140,
  "robustness": {
    "sigma_1p0": {
      "average_fidelity": 0.9003264198816174,
      "average_gate_fidelity": 0.8754080248520215,
      "fidelity_variance": 0.001353248540695961,
      "num_samples": 60,
      "sigma_mhz": 1.0
    }
  }
}