{
  "alpha": 3.14,
  "eval_cost": 1.3912207258888052,
  "eval_fidelity": 0.9316740647761711,
  "eval_leakage": 0.007013377937925866,
  "eval_plan_path": "runs\\runtime\\gamma_1.570796\\alpha_3.140000\\plans\\iter_000104_control_plan.npz",
  "eval_time_ns": 180.0,
  "gamma": 1.5707963267948966,
  "phase_iter": 104,
  "robustness": {
    "sigma_1p0": {
      "average_fidelity": 0.8973079768129484,
      "average_gate_fidelity": 0.8716349710161851,
      "fidelity_variance": 0.0010370132246939046,
      "num_samples": 60,
      "sigma_mhz": 1.0
    }
  }
}