{
  "alpha": 3.14,
  "eval_cost": 1.1663957693908005,
  "eval_fidelity": 0.9382303091379111,
  "eval_leakage": 0.007633014675450362,
  "eval_plan_path": "runs\\runtime\\gamma_1.570796\\alpha_3.140000\\plans\\iter_000133_control_plan.npz",
  "eval_time_ns": 180.0,
  "gamma": 1.5707963267948966,
  "phase_iter": 133,
  "robustness": {
    "sigma_1p0": {
      "average_fidelity": 0.9081887785537678,
      "average_gate_fidelity": 0.8852359731922097,
      "fidelity_variance": 0.0014753149291629618,
      "num_samples": 60,
      "sigma_mhz": 1.0
    }
  }
}