{
  "alpha": 3.14,
  "eval_cost": 2.3013689457786732,
  "eval_fidelity": 0.815006714799437,
  "eval_leakage": 0.007615973842924518,
  "eval_plan_path": "runs\\runtime\\gamma_1.570796\\alpha_3.140000\\plans\\iter_000019_control_plan.npz",
  "eval_time_ns": 180.0,
  "gamma": 1.5707963267948966,
  "phase_iter": 19,
  "robustness": {
    "sigma_1p0": {
      "average_fidelity": 0.8170973723250186,
      "average_gate_fidelity": 0.7713717154062731,
      "fidelity_variance": 0.003100864102827244,
      "num_samples": 60,
      "sigma_mhz": 1.0
    }
  }
}