{
  "alpha": 3.14,
  "eval_cost": 1.2489449368638141,
  "eval_fidelity": 0.9305953746047643,
  "eval_leakage": 0.0074784520583796536,
  "eval_plan_path": "runs\\runtime\\gamma_1.570796\\alpha_3.140000\\plans\\iter_000127_control_plan.npz",
  "eval_time_ns": 180.0,
  "gamma": 1.5707963267948966,
  "phase_iter": 127,
  "robustness": {
    "sigma_1p0": {
      "average_fidelity": 0.8952742252283095,
      "average_gate_fidelity": 0.869092781535387,
      "fidelity_variance": 0.0009970084656915203,
      "num_samples": 60,
      "sigma_mhz": 1.0
    }
  }
}