{
  "alpha": 3.14,
  "eval_cost": 1.6088060628662835,
  "eval_fidelity": 0.8898617139052204,
  "eval_leakage": 0.007631282820839867,
  "eval_plan_path": "runs\\runtime\\gamma_1.570796\\alpha_3.140000\\plans\\iter_000012_control_plan.npz",
  "eval_time_ns": 180.0,
  "gamma": 1.5707963267948966,
  "phase_iter": 12,
  "robustness": {
    "sigma_1p0": {
      "average_fidelity": 0.8696744190400324,
      "average_gate_fidelity": 0.8370930238000405,
      "fidelity_variance": 0.002179405823287358,
      "num_samples": 60,
      "sigma_mhz": 1.0
    }
  }
}