{
  "alpha": 2.2,
  "eval_cost": 0.8873649262594512,
  "eval_fidelity": 0.8638281369025383,
  "eval_leakage": 0.0001503521371312175,
  "eval_plan_path": "runs\\cost_function_sweep\\trpo\\a-2p2_13dc12d5\\seed_1\\plans\\iter_000001_control_plan.npz",
  "eval_time_ns": 180.0,
  "gamma": 1.5707963267948966,
  "iteration": 1,
  "robustness": {
    "sigma_1p0": {
      "average_fidelity": 0.8495957585397061,
      "average_gate_fidelity": 0.8119946981746327,
      "fidelity_variance": 0.003229891056652077,
      "num_samples": 60,
      "sigma_mhz": 1.0
    }
  }
}