{
  "alpha": 2.2,
  "eval_cost": 0.8602041171942855,
  "eval_fidelity": 0.9586827654636778,
  "eval_leakage": 0.00024424184718625953,
  "eval_plan_path": "runs\\cost_function_sweep\\trpo\\a-2p2_67401cca\\seed_2\\plans\\iter_000005_control_plan.npz",
  "eval_time_ns": 180.0,
  "gamma": 1.5707963267948966,
  "iteration": 5,
  "robustness": {
    "sigma_1p0": {
      "average_fidelity": 0.9151945773877632,
      "average_gate_fidelity": 0.8939932217347041,
      "fidelity_variance": 0.0012779114418084703,
      "num_samples": 60,
      "sigma_mhz": 1.0
    }
  }
}