{
  "alpha": 2.2,
  "eval_cost": 2.9649017922882184,
  "eval_fidelity": 0.7426905676205531,
  "eval_leakage": 8.815103064617138e-05,
  "eval_plan_path": "runs\\cost_function_sweep\\trpo\\a-2p2_67401cca\\seed_2\\plans\\iter_000001_control_plan.npz",
  "eval_time_ns": 180.0,
  "gamma": 1.5707963267948966,
  "iteration": 1,
  "robustness": {
    "sigma_1p0": {
      "average_fidelity": 0.7625625831823513,
      "average_gate_fidelity": 0.7032032289779391,
      "fidelity_variance": 0.003364448828945529,
      "num_samples": 60,
      "sigma_mhz": 1.0
    }
  }
}