{
  "alpha": 0.314,
  "eval_cost": 3.9091378595302686,
  "eval_fidelity": 0.6489552849122242,
  "eval_leakage": 0.004741738429657921,
  "eval_plan_path": "runs\\runtime\\gamma_1.570796\\alpha_0.314000\\plans\\iter_000067_control_plan.npz",
  "eval_time_ns": 180.0,
  "gamma": 1.5707963267948966,
  "phase_iter": 67,
  "robustness": {
    "sigma_1p0": {
      "average_fidelity": 0.6901458221984322,
      "average_gate_fidelity": 0.6126822777480402,
      "fidelity_variance": 0.002742000840968804,
      "num_samples": 60,
      "sigma_mhz": 1.0
    }
  }
}