{
  "alpha": 0.314,
  "eval_cost": 0.3984718481463212,
  "eval_fidelity": 0.9904539204905208,
  "eval_leakage": 0.004117727270747682,
  "eval_plan_path": "runs\\runtime\\gamma_1.570796\\alpha_0.314000\\plans\\iter_000090_control_plan.npz",
  "eval_time_ns": 140.0,
  "gamma": 1.5707963267948966,
  "phase_iter": 90,
  "robustness": {
    "sigma_1p0": {
      "average_fidelity": 0.9533080581062578,
      "average_gate_fidelity": 0.9416350726328223,
      "fidelity_variance": 0.0004275467204072445,
      "num_samples": 60,
      "sigma_mhz": 1.0
    }
  }
}