{
  "alpha": 0.314,
  "eval_cost": 5.854148684547821,
  "eval_fidelity": 0.4525730917019247,
  "eval_leakage": 0.004689604212819136,
  "eval_plan_path": "runs\\runtime\\gamma_1.570796\\alpha_0.314000\\plans\\iter_000033_control_plan.npz",
  "eval_time_ns": 180.0,
  "gamma": 1.5707963267948966,
  "phase_iter": 33,
  "robustness": {
    "sigma_1p0": {
      "average_fidelity": 0.536998161571717,
      "average_gate_fidelity": 0.42124770196464617,
      "fidelity_variance": 0.0023385297046757954,
      "num_samples": 60,
      "sigma_mhz": 1.0
    }
  }
}