{
  "alpha": 0.314,
  "eval_cost": 7.7338366390602244,
  "eval_fidelity": 0.2720981218831408,
  "eval_leakage": 0.0048958073416226836,
  "eval_plan_path": "runs\\runtime\\gamma_1.570796\\alpha_0.314000\\plans\\iter_000004_control_plan.npz",
  "eval_time_ns": 180.0,
  "gamma": 1.5707963267948966,
  "phase_iter": 4,
  "robustness": {
    "sigma_1p0": {
      "average_fidelity": 0.4077021910561632,
      "average_gate_fidelity": 0.259627738820204,
      "fidelity_variance": 0.0014479443944310218,
      "num_samples": 60,
      "sigma_mhz": 1.0
    }
  }
}