{
  "alpha": 0.314,
  "eval_cost": 4.423717747531315,
  "eval_fidelity": 0.5976272775727706,
  "eval_leakage": 0.004910667747799475,
  "eval_plan_path": "runs\\runtime\\gamma_1.570796\\alpha_0.314000\\plans\\iter_000060_control_plan.npz",
  "eval_time_ns": 180.0,
  "gamma": 1.5707963267948966,
  "phase_iter": 60,
  "robustness": {
    "sigma_1p0": {
      "average_fidelity": 0.6490855534899279,
      "average_gate_fidelity": 0.5613569418624099,
      "fidelity_variance": 0.0029839554808885616,
      "num_samples": 60,
      "sigma_mhz": 1.0
    }
  }
}