{
  "alpha": 0.314,
  "eval_cost": 5.414147305403126,
  "eval_fidelity": 0.49355096824501016,
  "eval_leakage": 0.004848961595960233,
  "eval_plan_path": "runs\\runtime\\gamma_1.570796\\alpha_0.314000\\plans\\iter_000039_control_plan.npz",
  "eval_time_ns": 180.0,
  "gamma": 1.5707963267948966,
  "phase_iter": 39,
  "robustness": {
    "sigma_1p0": {
      "average_fidelity": 0.580439126153123,
      "average_gate_fidelity": 0.4755489076914037,
      "fidelity_variance": 0.0022753760712027346,
      "num_samples": 60,
      "sigma_mhz": 1.0
    }
  }
}