{
  "alpha": 0.314,
  "eval_cost": 5.776722346923137,
  "eval_fidelity": 0.4603746135726782,
  "eval_leakage": 0.004758151259965533,
  "eval_plan_path": "runs\\runtime\\gamma_1.570796\\alpha_0.314000\\plans\\iter_000028_control_plan.npz",
  "eval_time_ns": 180.0,
  "gamma": 1.5707963267948966,
  "phase_iter": 28,
  "robustness": {
    "sigma_1p0": {
      "average_fidelity": 0.5422592938098312,
      "average_gate_fidelity": 0.427824117262289,
      "fidelity_variance": 0.0021817730972291146,
      "num_samples": 60,
      "sigma_mhz": 1.0
    }
  }
}