{
  "alpha": 0.314,
  "eval_cost": 3.115369389849957,
  "eval_fidelity": 0.7365446663505761,
  "eval_leakage": 0.004824011656477914,
  "eval_plan_path": "runs\\runtime\\gamma_1.570796\\alpha_0.314000\\plans\\iter_000075_control_plan.npz",
  "eval_time_ns": 180.0,
  "gamma": 1.5707963267948966,
  "phase_iter": 75,
  "robustness": {
    "sigma_1p0": {
      "average_fidelity": 0.7471864083975872,
      "average_gate_fidelity": 0.6839830104969841,
      "fidelity_variance": 0.002078858386516087,
      "num_samples": 60,
      "sigma_mhz": 1.0
    }
  }
}