{
  "alpha": 0.314,
  "eval_cost": 3.0563225519005455,
  "eval_fidelity": 0.7402044364434148,
  "eval_leakage": 0.004869581299395939,
  "eval_plan_path": "runs\\runtime\\gamma_1.570796\\alpha_0.314000\\plans\\iter_000076_control_plan.npz",
  "eval_time_ns": 180.0,
  "gamma": 1.5707963267948966,
  "phase_iter": 76,
  "robustness": {
    "sigma_1p0": {
      "average_fidelity": 0.7582787930310693,
      "average_gate_fidelity": 0.6978484912888365,
      "fidelity_variance": 0.0023459994376820513,
      "num_samples": 60,
      "sigma_mhz": 1.0
    }
  }
}