{
  "alpha": 0.314,
  "eval_cost": 2.8871267326338392,
  "eval_fidelity": 0.7592342605131528,
  "eval_leakage": 0.0048583159629968,
  "eval_plan_path": "runs\\runtime\\gamma_1.570796\\alpha_0.314000\\plans\\iter_000078_control_plan.npz",
  "eval_time_ns": 180.0,
  "gamma": 1.5707963267948966,
  "phase_iter": 78,
  "robustness": {
    "sigma_1p0": {
      "average_fidelity": 0.7682479622537519,
      "average_gate_fidelity": 0.7103099528171897,
      "fidelity_variance": 0.001806124741331857,
      "num_samples": 60,
      "sigma_mhz": 1.0
    }
  }
}