{
  "alpha": 0.314,
  "eval_cost": 7.735116730702042,
  "eval_fidelity": 0.2708786282328773,
  "eval_leakage": 0.004868789836816917,
  "eval_plan_path": "runs\\runtime\\gamma_1.570796\\alpha_0.314000\\plans\\iter_000005_control_plan.npz",
  "eval_time_ns": 180.0,
  "gamma": 1.5707963267948966,
  "phase_iter": 5,
  "robustness": {
    "sigma_1p0": {
      "average_fidelity": 0.40257557633899294,
      "average_gate_fidelity": 0.2532194704237412,
      "fidelity_variance": 0.0009757163354933631,
      "num_samples": 60,
      "sigma_mhz": 1.0
    }
  }
}