{
  "alpha": 0.314,
  "eval_cost": 7.10887059273561,
  "eval_fidelity": 0.33283310488517226,
  "eval_leakage": 0.004780719513431089,
  "eval_plan_path": "runs\\runtime\\gamma_1.570796\\alpha_0.314000\\plans\\iter_000009_control_plan.npz",
  "eval_time_ns": 180.0,
  "gamma": 1.5707963267948966,
  "phase_iter": 9,
  "robustness": {
    "sigma_1p0": {
      "average_fidelity": 0.4441523141661174,
      "average_gate_fidelity": 0.30519039270764675,
      "fidelity_variance": 0.0020000264395222092,
      "num_samples": 60,
      "sigma_mhz": 1.0
    }
  }
}