{
  "alpha": 0.314,
  "eval_cost": 5.773508055132161,
  "eval_fidelity": 0.46119441684105517,
  "eval_leakage": 0.004658492980283538,
  "eval_plan_path": "runs\\runtime\\gamma_1.570796\\alpha_0.314000\\plans\\iter_000032_control_plan.npz",
  "eval_time_ns": 180.0,
  "gamma": 1.5707963267948966,
  "phase_iter": 32,
  "robustness": {
    "sigma_1p0": {
      "average_fidelity": 0.5402714711279579,
      "average_gate_fidelity": 0.42533933890994735,
      "fidelity_variance": 0.001970437947786767,
      "num_samples": 60,
      "sigma_mhz": 1.0
    }
  }
}