{
  "alpha": 0.314,
  "eval_cost": 6.1559906376564575,
  "eval_fidelity": 0.43132271280963635,
  "eval_leakage": 0.004770535514216099,
  "eval_plan_path": "runs\\runtime\\gamma_1.570796\\alpha_0.314000\\plans\\iter_000015_control_plan.npz",
  "eval_time_ns": 180.0,
  "gamma": 1.5707963267948966,
  "phase_iter": 15,
  "robustness": {
    "sigma_1p0": {
      "average_fidelity": 0.529411889818031,
      "average_gate_fidelity": 0.4117648622725387,
      "fidelity_variance": 0.0026202711263412963,
      "num_samples": 60,
      "sigma_mhz": 1.0
    }
  }
}