{
  "alpha": 0.314,
  "eval_cost": 3.3999915139798436,
  "eval_fidelity": 0.7050312825718053,
  "eval_leakage": 0.00474651709321511,
  "eval_plan_path": "runs\\runtime\\gamma_1.570796\\alpha_0.314000\\plans\\iter_000072_control_plan.npz",
  "eval_time_ns": 180.0,
  "gamma": 1.5707963267948966,
  "phase_iter": 72,
  "robustness": {
    "sigma_1p0": {
      "average_fidelity": 0.7304411330088879,
      "average_gate_fidelity": 0.66305141626111,
      "fidelity_variance": 0.002205442570846338,
      "num_samples": 60,
      "sigma_mhz": 1.0
    }
  }
}