{
  "alpha": 0.314,
  "eval_cost": 3.267063548708496,
  "eval_fidelity": 0.7247077529841288,
  "eval_leakage": 0.004822051376855853,
  "eval_plan_path": "runs\\runtime\\gamma_1.570796\\alpha_0.314000\\plans\\iter_000074_control_plan.npz",
  "eval_time_ns": 180.0,
  "gamma": 1.5707963267948966,
  "phase_iter": 74,
  "robustness": {
    "sigma_1p0": {
      "average_fidelity": 0.7482571384983525,
      "average_gate_fidelity": 0.6853214231229406,
      "fidelity_variance": 0.0018727296697707947,
      "num_samples": 60,
      "sigma_mhz": 1.0
    }
  }
}