{
  "alpha": 0.314,
  "eval_cost": 2.525549164752344,
  "eval_fidelity": 0.7937771334935786,
  "eval_leakage": 0.004764939593113264,
  "eval_plan_path": "runs\\runtime\\gamma_1.570796\\alpha_0.314000\\plans\\iter_000083_control_plan.npz",
  "eval_time_ns": 180.0,
  "gamma": 1.5707963267948966,
  "phase_iter": 83,
  "robustness": {
    "sigma_1p0": {
      "average_fidelity": 0.7876567202026381,
      "average_gate_fidelity": 0.7345709002532976,
      "fidelity_variance": 0.0025639868419671157,
      "num_samples": 60,
      "sigma_mhz": 1.0
    }
  }
}