{
  "alpha": 0.314,
  "eval_cost": 4.772901817069433,
  "eval_fidelity": 0.5672186312666434,
  "eval_leakage": 0.004930957039859883,
  "eval_plan_path": "runs\\runtime\\gamma_1.570796\\alpha_0.314000\\plans\\iter_000056_control_plan.npz",
  "eval_time_ns": 180.0,
  "gamma": 1.5707963267948966,
  "phase_iter": 56,
  "robustness": {
    "sigma_1p0": {
      "average_fidelity": 0.6275252150898131,
      "average_gate_fidelity": 0.5344065188622662,
      "fidelity_variance": 0.002502589350497577,
      "num_samples": 60,
      "sigma_mhz": 1.0
    }
  }
}