{
  "alpha": 0.314,
  "eval_cost": 5.1937173617882575,
  "eval_fidelity": 0.520976754821,
  "eval_leakage": 0.004949854934380804,
  "eval_plan_path": "runs\\runtime\\gamma_1.570796\\alpha_0.314000\\plans\\iter_000046_control_plan.npz",
  "eval_time_ns": 180.0,
  "gamma": 1.5707963267948966,
  "phase_iter": 46,
  "robustness": {
    "sigma_1p0": {
      "average_fidelity": 0.5803646119030436,
      "average_gate_fidelity": 0.47545576487880437,
      "fidelity_variance": 0.002119064182698098,
      "num_samples": 60,
      "sigma_mhz": 1.0
    }
  }
}