{
  "alpha": 0.314,
  "eval_cost": 2.0478890846653957,
  "eval_fidelity": 0.8493095449969678,
  "eval_leakage": 0.0048106493144733885,
  "eval_plan_path": "runs\\runtime\\gamma_1.570796\\alpha_0.314000\\plans\\iter_000089_control_plan.npz",
  "eval_time_ns": 180.0,
  "gamma": 1.5707963267948966,
  "phase_iter": 89,
  "robustness": {
    "sigma_1p0": {
      "average_fidelity": 0.8318077773021781,
      "average_gate_fidelity": 0.7897597216277226,
      "fidelity_variance": 0.0016706619049036975,
      "num_samples": 60,
      "sigma_mhz": 1.0
    }
  }
}