{
  "alpha": 0.314,
  "eval_cost": 2.2938067047258315,
  "eval_fidelity": 0.8220205121076609,
  "eval_leakage": 0.00475299911507255,
  "eval_plan_path": "runs\\runtime\\gamma_1.570796\\alpha_0.314000\\plans\\iter_000084_control_plan.npz",
  "eval_time_ns": 180.0,
  "gamma": 1.5707963267948966,
  "phase_iter": 84,
  "robustness": {
    "sigma_1p0": {
      "average_fidelity": 0.8214656261337372,
      "average_gate_fidelity": 0.7768320326671715,
      "fidelity_variance": 0.0022185050276657616,
      "num_samples": 60,
      "sigma_mhz": 1.0
    }
  }
}