{
  "alpha": 0.314,
  "eval_cost": 7.9973046830228025,
  "eval_fidelity": 0.24655451561753475,
  "eval_leakage": 0.004884330815608089,
  "eval_plan_path": "runs\\runtime\\gamma_1.570796\\alpha_0.314000\\plans\\iter_000002_control_plan.npz",
  "eval_time_ns": 180.0,
  "gamma": 1.5707963267948966,
  "phase_iter": 2,
  "robustness": {
    "sigma_1p0": {
      "average_fidelity": 0.39095216753083906,
      "average_gate_fidelity": 0.23869020941354882,
      "fidelity_variance": 0.0014637666134938066,
      "num_samples": 60,
      "sigma_mhz": 1.0
    }
  }
}