{
  "alpha": 0.314,
  "eval_cost": 2.1283440174472537,
  "eval_fidelity": 0.8397714682444192,
  "eval_leakage": 0.0047956007049937115,
  "eval_plan_path": "runs\\runtime\\gamma_1.570796\\alpha_0.314000\\plans\\iter_000086_control_plan.npz",
  "eval_time_ns": 180.0,
  "gamma": 1.5707963267948966,
  "phase_iter": 86,
  "robustness": {
    "sigma_1p0": {
      "average_fidelity": 0.8327969853112549,
      "average_gate_fidelity": 0.7909962316390687,
      "fidelity_variance": 0.0016546467343949345,
      "num_samples": 60,
      "sigma_mhz": 1.0
    }
  }
}