{
  "alpha": 0.314,
  "eval_cost": 6.874014730587146,
  "eval_fidelity": 0.3565600867462945,
  "eval_leakage": 0.004638948497641992,
  "eval_plan_path": "runs\\runtime\\gamma_1.570796\\alpha_0.314000\\plans\\iter_000011_control_plan.npz",
  "eval_time_ns": 180.0,
  "gamma": 1.5707963267948966,
  "phase_iter": 11,
  "robustness": {
    "sigma_1p0": {
      "average_fidelity": 0.4689314530335238,
      "average_gate_fidelity": 0.33616431629190474,
      "fidelity_variance": 0.0016883520984258542,
      "num_samples": 60,
      "sigma_mhz": 1.0
    }
  }
}