{
  "alpha": 0.314,
  "eval_cost": 5.7399083966425435,
  "eval_fidelity": 0.4648100994160886,
  "eval_leakage": 0.004778616710822391,
  "eval_plan_path": "runs\\runtime\\gamma_1.570796\\alpha_0.314000\\plans\\iter_000027_control_plan.npz",
  "eval_time_ns": 180.0,
  "gamma": 1.5707963267948966,
  "phase_iter": 27,
  "robustness": {
    "sigma_1p0": {
      "average_fidelity": 0.5501696637493886,
      "average_gate_fidelity": 0.4377120796867356,
      "fidelity_variance": 0.0024183671014398125,
      "num_samples": 60,
      "sigma_mhz": 1.0
    }
  }
}