{
  "alpha": 0.314,
  "eval_cost": 5.3808451053355535,
  "eval_fidelity": 0.4984233147324815,
  "eval_leakage": 0.004797829686866363,
  "eval_plan_path": "runs\\runtime\\gamma_1.570796\\alpha_0.314000\\plans\\iter_000041_control_plan.npz",
  "eval_time_ns": 180.0,
  "gamma": 1.5707963267948966,
  "phase_iter": 41,
  "robustness": {
    "sigma_1p0": {
      "average_fidelity": 0.5742944294992403,
      "average_gate_fidelity": 0.46786803687405043,
      "fidelity_variance": 0.0025689531980382305,
      "num_samples": 60,
      "sigma_mhz": 1.0
    }
  }
}