{
  "alpha": 0.314,
  "eval_cost": 5.3212158061001755,
  "eval_fidelity": 0.5031632982136575,
  "eval_leakage": 0.004843795513842398,
  "eval_plan_path": "runs\\runtime\\gamma_1.570796\\alpha_0.314000\\plans\\iter_000042_control_plan.npz",
  "eval_time_ns": 180.0,
  "gamma": 1.5707963267948966,
  "phase_iter": 42,
  "robustness": {
    "sigma_1p0": {
      "average_fidelity": 0.5790804433436668,
      "average_gate_fidelity": 0.4738505541795835,
      "fidelity_variance": 0.0026035339641919853,
      "num_samples": 60,
      "sigma_mhz": 1.0
    }
  }
}