{
  "alpha": 0.314,
  "eval_cost": 5.900473310709054,
  "eval_fidelity": 0.4461087826260365,
  "eval_leakage": 0.004702223277233157,
  "eval_plan_path": "runs\\runtime\\gamma_1.570796\\alpha_0.314000\\plans\\iter_000031_control_plan.npz",
  "eval_time_ns": 180.0,
  "gamma": 1.5707963267948966,
  "phase_iter": 31,
  "robustness": {
    "sigma_1p0": {
      "average_fidelity": 0.5389524494346081,
      "average_gate_fidelity": 0.42369056179326,
      "fidelity_variance": 0.0017200903566830905,
      "num_samples": 60,
      "sigma_mhz": 1.0
    }
  }
}