{
  "alpha": 0.314,
  "eval_cost": 4.370838201749867,
  "eval_fidelity": 0.6076271777195378,
  "eval_leakage": 0.004835706160588539,
  "eval_plan_path": "runs\\runtime\\gamma_1.570796\\alpha_0.314000\\plans\\iter_000065_control_plan.npz",
  "eval_time_ns": 180.0,
  "gamma": 1.5707963267948966,
  "phase_iter": 65,
  "robustness": {
    "sigma_1p0": {
      "average_fidelity": 0.6528010170533355,
      "average_gate_fidelity": 0.5660012713166693,
      "fidelity_variance": 0.0035104239680841406,
      "num_samples": 60,
      "sigma_mhz": 1.0
    }
  }
}