{
  "alpha": 0.314,
  "eval_cost": 4.29668776359166,
  "eval_fidelity": 0.6122629495853229,
  "eval_leakage": 0.004747395614476934,
  "eval_plan_path": "runs\\runtime\\gamma_1.570796\\alpha_0.314000\\plans\\iter_000062_control_plan.npz",
  "eval_time_ns": 180.0,
  "gamma": 1.5707963267948966,
  "phase_iter": 62,
  "robustness": {
    "sigma_1p0": {
      "average_fidelity": 0.6646165122951444,
      "average_gate_fidelity": 0.5807706403689306,
      "fidelity_variance": 0.0022230148100698625,
      "num_samples": 60,
      "sigma_mhz": 1.0
    }
  }
}