{
  "alpha": 0.314,
  "eval_cost": 4.649345310360479,
  "eval_fidelity": 0.5815491078875383,
  "eval_leakage": 0.004986123008810097,
  "eval_plan_path": "runs\\runtime\\gamma_1.570796\\alpha_0.314000\\plans\\iter_000054_control_plan.npz",
  "eval_time_ns": 180.0,
  "gamma": 1.5707963267948966,
  "phase_iter": 54,
  "robustness": {
    "sigma_1p0": {
      "average_fidelity": 0.639273033630214,
      "average_gate_fidelity": 0.5490912920377674,
      "fidelity_variance": 0.004033672418445092,
      "num_samples": 60,
      "sigma_mhz": 1.0
    }
  }
}