{
  "alpha": 0.314,
  "eval_cost": 3.140934453674247,
  "eval_fidelity": 0.7332371065409438,
  "eval_leakage": 0.00473602978571206,
  "eval_plan_path": "runs\\runtime\\gamma_1.570796\\alpha_0.314000\\plans\\iter_000073_control_plan.npz",
  "eval_time_ns": 180.0,
  "gamma": 1.5707963267948966,
  "phase_iter": 73,
  "robustness": {
    "sigma_1p0": {
      "average_fidelity": 0.7504672439386303,
      "average_gate_fidelity": 0.6880840549232878,
      "fidelity_variance": 0.0022064345096461627,
      "num_samples": 60,
      "sigma_mhz": 1.0
    }
  }
}