{
  "alpha": 0.314,
  "eval_cost": 5.8481582821115285,
  "eval_fidelity": 0.4553116794381959,
  "eval_leakage": 0.004758513900621693,
  "eval_plan_path": "runs\\runtime\\gamma_1.570796\\alpha_0.314000\\plans\\iter_000034_control_plan.npz",
  "eval_time_ns": 180.0,
  "gamma": 1.5707963267948966,
  "phase_iter": 34,
  "robustness": {
    "sigma_1p0": {
      "average_fidelity": 0.5367601124341984,
      "average_gate_fidelity": 0.4209501405427481,
      "fidelity_variance": 0.00234019867721852,
      "num_samples": 60,
      "sigma_mhz": 1.0
    }
  }
}