{
  "alpha": 0.314,
  "eval_cost": 5.797515839897302,
  "eval_fidelity": 0.45870026732142344,
  "eval_leakage": 0.0047077964366736575,
  "eval_plan_path": "runs\\runtime\\gamma_1.570796\\alpha_0.314000\\plans\\iter_000029_control_plan.npz",
  "eval_time_ns": 180.0,
  "gamma": 1.5707963267948966,
  "phase_iter": 29,
  "robustness": {
    "sigma_1p0": {
      "average_fidelity": 0.5443255756556739,
      "average_gate_fidelity": 0.43040696956959223,
      "fidelity_variance": 0.0024856707663149053,
      "num_samples": 60,
      "sigma_mhz": 1.0
    }
  }
}