{
  "alpha": 0.314,
  "eval_cost": 1.9856568929961973,
  "eval_fidelity": 0.8513425281147589,
  "eval_leakage": 0.0047804771398256875,
  "eval_plan_path": "runs\\runtime\\gamma_1.570796\\alpha_0.314000\\plans\\iter_000088_control_plan.npz",
  "eval_time_ns": 180.0,
  "gamma": 1.5707963267948966,
  "phase_iter": 88,
  "robustness": {
    "sigma_1p0": {
      "average_fidelity": 0.8310594271487333,
      "average_gate_fidelity": 0.7888242839359165,
      "fidelity_variance": 0.0015512787513370185,
      "num_samples": 60,
      "sigma_mhz": 1.0
    }
  }
}