{
  "alpha": 0.314,
  "eval_cost": 5.736602096027871,
  "eval_fidelity": 0.4702295383280143,
  "eval_leakage": 0.00478743345721162,
  "eval_plan_path": "runs\\runtime\\gamma_1.570796\\alpha_0.314000\\plans\\iter_000024_control_plan.npz",
  "eval_time_ns": 180.0,
  "gamma": 1.5707963267948966,
  "phase_iter": 24,
  "robustness": {
    "sigma_1p0": {
      "average_fidelity": 0.5533842952165359,
      "average_gate_fidelity": 0.44173036902066987,
      "fidelity_variance": 0.001798691638691779,
      "num_samples": 60,
      "sigma_mhz": 1.0
    }
  }
}