{
  "alpha": 0.314,
  "eval_cost": 5.776312620940877,
  "eval_fidelity": 0.46098168498938796,
  "eval_leakage": 0.004792292584078273,
  "eval_plan_path": "runs\\runtime\\gamma_1.570796\\alpha_0.314000\\plans\\iter_000026_control_plan.npz",
  "eval_time_ns": 180.0,
  "gamma": 1.5707963267948966,
  "phase_iter": 26,
  "robustness": {
    "sigma_1p0": {
      "average_fidelity": 0.545242098421165,
      "average_gate_fidelity": 0.43155262302645625,
      "fidelity_variance": 0.0022490585896545938,
      "num_samples": 60,
      "sigma_mhz": 1.0
    }
  }
}