{
  "alpha": 0.314,
  "eval_cost": 6.707168101340525,
  "eval_fidelity": 0.36937722530677874,
  "eval_leakage": 0.004751223230258712,
  "eval_plan_path": "runs\\runtime\\gamma_1.570796\\alpha_0.314000\\plans\\iter_000013_control_plan.npz",
  "eval_time_ns": 180.0,
  "gamma": 1.5707963267948966,
  "phase_iter": 13,
  "robustness": {
    "sigma_1p0": {
      "average_fidelity": 0.48464497433440923,
      "average_gate_fidelity": 0.3558062179180116,
      "fidelity_variance": 0.0019918404465993893,
      "num_samples": 60,
      "sigma_mhz": 1.0
    }
  }
}