{
  "alpha": 0.314,
  "eval_cost": 4.435085985950796,
  "eval_fidelity": 0.5975288325188877,
  "eval_leakage": 0.004829719942908392,
  "eval_plan_path": "runs\\runtime\\gamma_1.570796\\alpha_0.314000\\plans\\iter_000059_control_plan.npz",
  "eval_time_ns": 180.0,
  "gamma": 1.5707963267948966,
  "phase_iter": 59,
  "robustness": {
    "sigma_1p0": {
      "average_fidelity": 0.6518638835446234,
      "average_gate_fidelity": 0.5648298544307794,
      "fidelity_variance": 0.0024633014290406235,
      "num_samples": 60,
      "sigma_mhz": 1.0
    }
  }
}