{
  "alpha": 0.314,
  "eval_cost": 4.608852586477144,
  "eval_fidelity": 0.5869882949728327,
  "eval_leakage": 0.0049193045215203636,
  "eval_plan_path": "runs\\runtime\\gamma_1.570796\\alpha_0.314000\\plans\\iter_000052_control_plan.npz",
  "eval_time_ns": 180.0,
  "gamma": 1.5707963267948966,
  "phase_iter": 52,
  "robustness": {
    "sigma_1p0": {
      "average_fidelity": 0.6350544920500378,
      "average_gate_fidelity": 0.5438181150625473,
      "fidelity_variance": 0.0028365329821977772,
      "num_samples": 60,
      "sigma_mhz": 1.0
    }
  }
}