{
  "alpha": 0.314,
  "eval_cost": 5.297497169910406,
  "eval_fidelity": 0.5065939589553106,
  "eval_leakage": 0.005015796189495408,
  "eval_plan_path": "runs\\runtime\\gamma_1.570796\\alpha_0.314000\\plans\\iter_000048_control_plan.npz",
  "eval_time_ns": 180.0,
  "gamma": 1.5707963267948966,
  "phase_iter": 48,
  "robustness": {
    "sigma_1p0": {
      "average_fidelity": 0.5715783271262987,
      "average_gate_fidelity": 0.46447290890787346,
      "fidelity_variance": 0.0025586062544745753,
      "num_samples": 60,
      "sigma_mhz": 1.0
    }
  }
}