{
  "alpha": 0.314,
  "eval_cost": 5.75672173298129,
  "eval_fidelity": 0.46771205580695874,
  "eval_leakage": 0.004844464897854498,
  "eval_plan_path": "runs\\runtime\\gamma_1.570796\\alpha_0.314000\\plans\\iter_000025_control_plan.npz",
  "eval_time_ns": 180.0,
  "gamma": 1.5707963267948966,
  "phase_iter": 25,
  "robustness": {
    "sigma_1p0": {
      "average_fidelity": 0.5572624572050285,
      "average_gate_fidelity": 0.44657807150628576,
      "fidelity_variance": 0.0017303879143585556,
      "num_samples": 60,
      "sigma_mhz": 1.0
    }
  }
}