{
  "alpha": 0.314,
  "eval_cost": 5.311074842813832,
  "eval_fidelity": 0.5047389537544724,
  "eval_leakage": 0.00498427765277911,
  "eval_plan_path": "runs\\runtime\\gamma_1.570796\\alpha_0.314000\\plans\\iter_000045_control_plan.npz",
  "eval_time_ns": 180.0,
  "gamma": 1.5707963267948966,
  "phase_iter": 45,
  "robustness": {
    "sigma_1p0": {
      "average_fidelity": 0.5938078643849124,
      "average_gate_fidelity": 0.4922598304811406,
      "fidelity_variance": 0.002479711748500399,
      "num_samples": 60,
      "sigma_mhz": 1.0
    }
  }
}