{
  "alpha": 0.314,
  "eval_cost": 5.602875777117329,
  "eval_fidelity": 0.4782106192324521,
  "eval_leakage": 0.004667798628938877,
  "eval_plan_path": "runs\\runtime\\gamma_1.570796\\alpha_0.314000\\plans\\iter_000030_control_plan.npz",
  "eval_time_ns": 180.0,
  "gamma": 1.5707963267948966,
  "phase_iter": 30,
  "robustness": {
    "sigma_1p0": {
      "average_fidelity": 0.5593112393627468,
      "average_gate_fidelity": 0.44913904920343334,
      "fidelity_variance": 0.002791868735412288,
      "num_samples": 60,
      "sigma_mhz": 1.0
    }
  }
}