{
  "alpha": 0.314,
  "eval_cost": 5.195159656557701,
  "eval_fidelity": 0.5159994573933052,
  "eval_leakage": 0.00486839158146982,
  "eval_plan_path": "runs\\runtime\\gamma_1.570796\\alpha_0.314000\\plans\\iter_000043_control_plan.npz",
  "eval_time_ns": 180.0,
  "gamma": 1.5707963267948966,
  "phase_iter": 43,
  "robustness": {
    "sigma_1p0": {
      "average_fidelity": 0.5885267295108851,
      "average_gate_fidelity": 0.4856584118886065,
      "fidelity_variance": 0.0025455954855125237,
      "num_samples": 60,
      "sigma_mhz": 1.0
    }
  }
}