{
  "alpha": 0.314,
  "eval_cost": 6.174664204687937,
  "eval_fidelity": 0.4280933770538316,
  "eval_leakage": 0.004822327361279122,
  "eval_plan_path": "runs\\runtime\\gamma_1.570796\\alpha_0.314000\\plans\\iter_000017_control_plan.npz",
  "eval_time_ns": 180.0,
  "gamma": 1.5707963267948966,
  "phase_iter": 17,
  "robustness": {
    "sigma_1p0": {
      "average_fidelity": 0.5172151377704575,
      "average_gate_fidelity": 0.3965189222130719,
      "fidelity_variance": 0.002294969825142906,
      "num_samples": 60,
      "sigma_mhz": 1.0
    }
  }
}