{
  "alpha": 0.314,
  "eval_cost": 6.311791579783868,
  "eval_fidelity": 0.41045731671019464,
  "eval_leakage": 0.004814652353764709,
  "eval_plan_path": "runs\\runtime\\gamma_1.570796\\alpha_0.314000\\plans\\iter_000016_control_plan.npz",
  "eval_time_ns": 180.0,
  "gamma": 1.5707963267948966,
  "phase_iter": 16,
  "robustness": {
    "sigma_1p0": {
      "average_fidelity": 0.5121600136806876,
      "average_gate_fidelity": 0.3902000171008595,
      "fidelity_variance": 0.002036654905019513,
      "num_samples": 60,
      "sigma_mhz": 1.0
    }
  }
}