{
  "alpha": 0.314,
  "eval_cost": 7.566967192028465,
  "eval_fidelity": 0.28737323158794126,
  "eval_leakage": 0.0047933833229049285,
  "eval_plan_path": "runs\\runtime\\gamma_1.570796\\alpha_0.314000\\plans\\iter_000006_control_plan.npz",
  "eval_time_ns": 180.0,
  "gamma": 1.5707963267948966,
  "phase_iter": 6,
  "robustness": {
    "sigma_1p0": {
      "average_fidelity": 0.42227837519374456,
      "average_gate_fidelity": 0.2778479689921806,
      "fidelity_variance": 0.0016675569644643124,
      "num_samples": 60,
      "sigma_mhz": 1.0
    }
  }
}