{
  "alpha": 0.314,
  "eval_cost": 4.321381472208348,
  "eval_fidelity": 0.6094591843373557,
  "eval_leakage": 0.00481236460173389,
  "eval_plan_path": "runs\\runtime\\gamma_1.570796\\alpha_0.314000\\plans\\iter_000061_control_plan.npz",
  "eval_time_ns": 180.0,
  "gamma": 1.5707963267948966,
  "phase_iter": 61,
  "robustness": {
    "sigma_1p0": {
      "average_fidelity": 0.665104011020465,
      "average_gate_fidelity": 0.5813800137755815,
      "fidelity_variance": 0.002234069628224326,
      "num_samples": 60,
      "sigma_mhz": 1.0
    }
  }
}