{
  "alpha": 0.314,
  "eval_cost": 2.8090093454730622,
  "eval_fidelity": 0.7699679143801353,
  "eval_leakage": 0.004840360576705583,
  "eval_plan_path": "runs\\runtime\\gamma_1.570796\\alpha_0.314000\\plans\\iter_000079_control_plan.npz",
  "eval_time_ns": 180.0,
  "gamma": 1.5707963267948966,
  "phase_iter": 79,
  "robustness": {
    "sigma_1p0": {
      "average_fidelity": 0.7779538404622558,
      "average_gate_fidelity": 0.7224423005778197,
      "fidelity_variance": 0.0018057798908165492,
      "num_samples": 60,
      "sigma_mhz": 1.0
    }
  }
}