{
  "alpha": 0.314,
  "eval_cost": 5.546909762888994,
  "eval_fidelity": 0.48691154373339557,
  "eval_leakage": 0.004883664613848727,
  "eval_plan_path": "runs\\runtime\\gamma_1.570796\\alpha_0.314000\\plans\\iter_000036_control_plan.npz",
  "eval_time_ns": 180.0,
  "gamma": 1.5707963267948966,
  "phase_iter": 36,
  "robustness": {
    "sigma_1p0": {
      "average_fidelity": 0.5687223757614462,
      "average_gate_fidelity": 0.46090296970180783,
      "fidelity_variance": 0.0021762478930150045,
      "num_samples": 60,
      "sigma_mhz": 1.0
    }
  }
}