{
  "alpha": 0.314,
  "eval_cost": 7.490739844662281,
  "eval_fidelity": 0.29198699886641993,
  "eval_leakage": 0.004718857323522914,
  "eval_plan_path": "runs\\runtime\\gamma_1.570796\\alpha_0.314000\\plans\\iter_000007_control_plan.npz",
  "eval_time_ns": 180.0,
  "gamma": 1.5707963267948966,
  "phase_iter": 7,
  "robustness": {
    "sigma_1p0": {
      "average_fidelity": 0.42194215746470154,
      "average_gate_fidelity": 0.2774276968308768,
      "fidelity_variance": 0.001442775052018001,
      "num_samples": 60,
      "sigma_mhz": 1.0
    }
  }
}