{
  "alpha": 0.314,
  "eval_cost": 4.5686535519446405,
  "eval_fidelity": 0.588238694441809,
  "eval_leakage": 0.004784246078625986,
  "eval_plan_path": "runs\\runtime\\gamma_1.570796\\alpha_0.314000\\plans\\iter_000064_control_plan.npz",
  "eval_time_ns": 180.0,
  "gamma": 1.5707963267948966,
  "phase_iter": 64,
  "robustness": {
    "sigma_1p0": {
      "average_fidelity": 0.647950872714254,
      "average_gate_fidelity": 0.5599385908928174,
      "fidelity_variance": 0.0031318983192359226,
      "num_samples": 60,
      "sigma_mhz": 1.0
    }
  }
}