{
  "alpha": 2.2,
  "eval_cost": 0.3396742411687178,
  "eval_fidelity": 0.967225380273723,
  "eval_leakage": 0.0002476524805330236,
  "eval_plan_path": "runs\\cost_function_sweep\\trpo\\a-2p2_c345a8a2\\seed_2\\plans\\iter_000005_control_plan.npz",
  "eval_time_ns": 180.0,
  "gamma": 1.5707963267948966,
  "iteration": 5,
  "robustness": {
    "sigma_1p0": {
      "average_fidelity": 0.9213903115327317,
      "average_gate_fidelity": 0.9017378894159142,
      "fidelity_variance": 0.0010897368454337755,
      "num_samples": 60,
      "sigma_mhz": 1.0
    }
  }
}