{
  "alpha": 2.2,
  "eval_cost": 0.3975875548914901,
  "eval_fidelity": 0.9851498521004786,
  "eval_leakage": 0.0012675661316701643,
  "eval_plan_path": "runs/trpo_nominal_alpha_2.2_gamma_pi2_10k_episodes_.4ct\\plans\\iter_000088_control_plan.npz",
  "eval_time_ns": 92.0,
  "gamma": 1.5707963267948966,
  "iteration": 88,
  "robustness": {
    "sigma_1p0": {
      "average_fidelity": 0.9630064178470562,
      "average_gate_fidelity": 0.9537580223088202,
      "fidelity_variance": 0.00031041145124350526,
      "num_samples": 60,
      "sigma_mhz": 1.0
    }
  }
}