{
  "alpha": 2.2,
  "eval_cost": 0.6226312597946259,
  "eval_fidelity": 0.977706991603373,
  "eval_leakage": 0.0023588199055963937,
  "eval_plan_path": "runs/trpo_nominal_alpha_2.2_gamma_pi2_10k_episodes_.4ct\\plans\\iter_000102_control_plan.npz",
  "eval_time_ns": 180.0,
  "gamma": 1.5707963267948966,
  "iteration": 102,
  "robustness": {
    "sigma_1p0": {
      "average_fidelity": 0.9377956268637256,
      "average_gate_fidelity": 0.9222445335796569,
      "fidelity_variance": 0.0006005155285408195,
      "num_samples": 60,
      "sigma_mhz": 1.0
    }
  }
}