{
  "alpha": 2.2,
  "eval_cost": 0.2982372183370502,
  "eval_fidelity": 0.9950301141217308,
  "eval_leakage": 0.0016531669571780096,
  "eval_plan_path": "runs/trpo_nominal_alpha_2.2_gamma_pi2_10k_episodes_.4ct\\plans\\iter_000106_control_plan.npz",
  "eval_time_ns": 126.0,
  "gamma": 1.5707963267948966,
  "iteration": 106,
  "robustness": {
    "sigma_1p0": {
      "average_fidelity": 0.9610160502745825,
      "average_gate_fidelity": 0.9512700628432281,
      "fidelity_variance": 0.00030747452038890435,
      "num_samples": 60,
      "sigma_mhz": 1.0
    }
  }
}