{
  "alpha": 2.2,
  "eval_cost": 0.3715053020666875,
  "eval_fidelity": 0.988637987230459,
  "eval_leakage": 0.0004930287757902596,
  "eval_plan_path": "runs/trpo_nominal_alpha_2.2_gamma_pi2_10k_episodes_.4ct\\plans\\iter_000009_control_plan.npz",
  "eval_time_ns": 100.0,
  "gamma": 1.5707963267948966,
  "iteration": 9,
  "robustness": {
    "sigma_1p0": {
      "average_fidelity": 0.9636105223260274,
      "average_gate_fidelity": 0.9545131529075342,
      "fidelity_variance": 0.00037615922876325887,
      "num_samples": 60,
      "sigma_mhz": 1.0
    }
  }
}