{
  "alpha": 2.2,
  "eval_cost": 0.481479977609887,
  "eval_fidelity": 0.9912406521680726,
  "eval_leakage": 0.002388294256129029,
  "eval_plan_path": "runs/trpo_nominal_alpha_2.2_gamma_pi2_10k_episodes_.4ct\\plans\\iter_000110_control_plan.npz",
  "eval_time_ns": 180.0,
  "gamma": 1.5707963267948966,
  "iteration": 110,
  "robustness": {
    "sigma_1p0": {
      "average_fidelity": 0.9420075281231632,
      "average_gate_fidelity": 0.9275094101539542,
      "fidelity_variance": 0.0007298818240971292,
      "num_samples": 60,
      "sigma_mhz": 1.0
    }
  }
}