{
  "alpha": 2.2,
  "eval_cost": 0.37820197462333766,
  "eval_fidelity": 0.9957426943468569,
  "eval_leakage": 0.002344837074486839,
  "eval_plan_path": "runs/trpo_nominal_alpha_2.2_gamma_pi2_10k_episodes_.4ct\\plans\\iter_000126_control_plan.npz",
  "eval_time_ns": 180.0,
  "gamma": 1.5707963267948966,
  "iteration": 126,
  "robustness": {
    "sigma_1p0": {
      "average_fidelity": 0.9432067790629829,
      "average_gate_fidelity": 0.9290084738287284,
      "fidelity_variance": 0.0009729483376899733,
      "num_samples": 60,
      "sigma_mhz": 1.0
    }
  }
}