{
  "alpha": 2.2,
  "eval_cost": 0.2993441146025884,
  "eval_fidelity": 0.9937199819434296,
  "eval_leakage": 0.00149336693483503,
  "eval_plan_path": "runs/trpo_nominal_alpha_2.2_gamma_pi2_10k_episodes_.4ct\\plans\\iter_000105_control_plan.npz",
  "eval_time_ns": 114.0,
  "gamma": 1.5707963267948966,
  "iteration": 105,
  "robustness": {
    "sigma_1p0": {
      "average_fidelity": 0.9651371487321523,
      "average_gate_fidelity": 0.9564214359151904,
      "fidelity_variance": 0.0002171865934737228,
      "num_samples": 60,
      "sigma_mhz": 1.0
    }
  }
}