{
  "alpha": 2.2,
  "eval_cost": 0.39558984581181966,
  "eval_fidelity": 0.9834453868276161,
  "eval_leakage": 0.0009124906095739923,
  "eval_plan_path": "runs/trpo_nominal_alpha_2.2_gamma_pi2_10k_episodes_.4ct\\plans\\iter_000035_control_plan.npz",
  "eval_time_ns": 98.0,
  "gamma": 1.5707963267948966,
  "iteration": 35,
  "robustness": {
    "sigma_1p0": {
      "average_fidelity": 0.9585040308872839,
      "average_gate_fidelity": 0.9481300386091044,
      "fidelity_variance": 0.0004917081582839963,
      "num_samples": 60,
      "sigma_mhz": 1.0
    }
  }
}