{
  "alpha": 2.2,
  "eval_cost": 0.42158891301397716,
  "eval_fidelity": 0.9963480937062273,
  "eval_leakage": 0.0022125950246682127,
  "eval_plan_path": "runs/trpo_nominal_alpha_2.2_gamma_pi2_10k_episodes_.4ct\\plans\\iter_000109_control_plan.npz",
  "eval_time_ns": 180.0,
  "gamma": 1.5707963267948966,
  "iteration": 109,
  "robustness": {
    "sigma_1p0": {
      "average_fidelity": 0.9490942654795109,
      "average_gate_fidelity": 0.9363678318493887,
      "fidelity_variance": 0.00045837320709645526,
      "num_samples": 60,
      "sigma_mhz": 1.0
    }
  }
}