{
  "alpha": 2.2,
  "eval_cost": 0.4527425209355136,
  "eval_fidelity": 0.9924038932745495,
  "eval_leakage": 0.0022280700314971018,
  "eval_plan_path": "runs/trpo_nominal_alpha_2.2_gamma_pi2_10k_episodes_.4ct\\plans\\iter_000103_control_plan.npz",
  "eval_time_ns": 180.0,
  "gamma": 1.5707963267948966,
  "iteration": 103,
  "robustness": {
    "sigma_1p0": {
      "average_fidelity": 0.9442791967975531,
      "average_gate_fidelity": 0.9303489959969411,
      "fidelity_variance": 0.0005532177677911884,
      "num_samples": 60,
      "sigma_mhz": 1.0
    }
  }
}