{
  "alpha": 2.2,
  "eval_cost": 0.3863143258135472,
  "eval_fidelity": 0.9851399638366762,
  "eval_leakage": 0.0005517250715624891,
  "eval_plan_path": "runs/trpo_nominal_alpha_2.2_gamma_pi2_10k_episodes_.4ct\\plans\\iter_000012_control_plan.npz",
  "eval_time_ns": 96.0,
  "gamma": 1.5707963267948966,
  "iteration": 12,
  "robustness": {
    "sigma_1p0": {
      "average_fidelity": 0.9623099895636508,
      "average_gate_fidelity": 0.9528874869545633,
      "fidelity_variance": 0.0004065914969859233,
      "num_samples": 60,
      "sigma_mhz": 1.0
    }
  }
}