{
  "alpha": 2.2,
  "eval_cost": 0.2995051267058763,
  "eval_fidelity": 0.9934172467644962,
  "eval_leakage": 0.0014934184711177054,
  "eval_plan_path": "runs/trpo_nominal_alpha_2.2_gamma_pi2_10k_episodes_.4ct\\plans\\iter_000107_control_plan.npz",
  "eval_time_ns": 114.0,
  "gamma": 1.5707963267948966,
  "iteration": 107,
  "robustness": {
    "sigma_1p0": {
      "average_fidelity": 0.9578927678262288,
      "average_gate_fidelity": 0.9473659597827859,
      "fidelity_variance": 0.00038489592006191994,
      "num_samples": 60,
      "sigma_mhz": 1.0
    }
  }
}