{
  "alpha": 2.2,
  "eval_cost": 0.2994568722208877,
  "eval_fidelity": 0.9931126832258005,
  "eval_leakage": 0.001469643731856683,
  "eval_plan_path": "runs/trpo_nominal_alpha_2.2_gamma_pi2_10k_episodes_.4ct\\plans\\iter_000130_control_plan.npz",
  "eval_time_ns": 114.0,
  "gamma": 1.5707963267948966,
  "iteration": 130,
  "robustness": {
    "sigma_1p0": {
      "average_fidelity": 0.964080955835701,
      "average_gate_fidelity": 0.9551011947946259,
      "fidelity_variance": 0.0002901448016111066,
      "num_samples": 60,
      "sigma_mhz": 1.0
    }
  }
}