{
  "alpha": 2.2,
  "eval_cost": 0.3848879445745853,
  "eval_fidelity": 0.9857427427903165,
  "eval_leakage": 0.001310095327035551,
  "eval_plan_path": "runs/trpo_nominal_alpha_2.2_gamma_pi2_10k_episodes_.4ct\\plans\\iter_000086_control_plan.npz",
  "eval_time_ns": 92.0,
  "gamma": 1.5707963267948966,
  "iteration": 86,
  "robustness": {
    "sigma_1p0": {
      "average_fidelity": 0.963402215792089,
      "average_gate_fidelity": 0.9542527697401113,
      "fidelity_variance": 0.00028741131989123736,
      "num_samples": 60,
      "sigma_mhz": 1.0
    }
  }
}