{
  "alpha": 2.2,
  "eval_cost": 0.39682987108578394,
  "eval_fidelity": 0.9867790546828774,
  "eval_leakage": 0.0009086208943855865,
  "eval_plan_path": "runs/trpo_nominal_alpha_2.2_gamma_pi2_10k_episodes_.4ct\\plans\\iter_000029_control_plan.npz",
  "eval_time_ns": 96.0,
  "gamma": 1.5707963267948966,
  "iteration": 29,
  "robustness": {
    "sigma_1p0": {
      "average_fidelity": 0.9635504563907791,
      "average_gate_fidelity": 0.9544380704884738,
      "fidelity_variance": 0.00030047082605372944,
      "num_samples": 60,
      "sigma_mhz": 1.0
    }
  }
}