{
  "alpha": 2.2,
  "eval_cost": 0.3889519314981308,
  "eval_fidelity": 0.9867413531635256,
  "eval_leakage": 0.0012677671057832911,
  "eval_plan_path": "runs/trpo_nominal_alpha_2.2_gamma_pi2_10k_episodes_.4ct\\plans\\iter_000063_control_plan.npz",
  "eval_time_ns": 100.0,
  "gamma": 1.5707963267948966,
  "iteration": 63,
  "robustness": {
    "sigma_1p0": {
      "average_fidelity": 0.963126720126626,
      "average_gate_fidelity": 0.9539084001582822,
      "fidelity_variance": 0.00029875100170983934,
      "num_samples": 60,
      "sigma_mhz": 1.0
    }
  }
}