{
  "alpha": 2.2,
  "eval_cost": 0.3876631462557769,
  "eval_fidelity": 0.9867044939461149,
  "eval_leakage": 0.0011517041720468559,
  "eval_plan_path": "runs/trpo_nominal_alpha_2.2_gamma_pi2_10k_episodes_.4ct\\plans\\iter_000072_control_plan.npz",
  "eval_time_ns": 96.0,
  "gamma": 1.5707963267948966,
  "iteration": 72,
  "robustness": {
    "sigma_1p0": {
      "average_fidelity": 0.9583202540971559,
      "average_gate_fidelity": 0.9479003176214448,
      "fidelity_variance": 0.0005376791478802384,
      "num_samples": 60,
      "sigma_mhz": 1.0
    }
  }
}