{
  "alpha": 2.2,
  "eval_cost": 0.38345049859221664,
  "eval_fidelity": 0.995908843361095,
  "eval_leakage": 0.0021807526509175566,
  "eval_plan_path": "runs/trpo_nominal_alpha_2.2_gamma_pi2_10k_episodes_.4ct\\plans\\iter_000122_control_plan.npz",
  "eval_time_ns": 180.0,
  "gamma": 1.5707963267948966,
  "iteration": 122,
  "robustness": {
    "sigma_1p0": {
      "average_fidelity": 0.944396906165699,
      "average_gate_fidelity": 0.9304961327071237,
      "fidelity_variance": 0.0007175425238540382,
      "num_samples": 60,
      "sigma_mhz": 1.0
    }
  }
}