{
  "alpha": 2.2,
  "eval_cost": 0.4125788650848778,
  "eval_fidelity": 0.9931233778848054,
  "eval_leakage": 0.0020979068116673658,
  "eval_plan_path": "runs/trpo_nominal_alpha_2.2_gamma_pi2_10k_episodes_.4ct\\plans\\iter_000121_control_plan.npz",
  "eval_time_ns": 180.0,
  "gamma": 1.5707963267948966,
  "iteration": 121,
  "robustness": {
    "sigma_1p0": {
      "average_fidelity": 0.9413140423750946,
      "average_gate_fidelity": 0.9266425529688684,
      "fidelity_variance": 0.0006414360231154738,
      "num_samples": 60,
      "sigma_mhz": 1.0
    }
  }
}