{
  "alpha": 2.2,
  "eval_cost": 0.2945934298036866,
  "eval_fidelity": 0.9932141021862981,
  "eval_leakage": 0.0014829741435264082,
  "eval_plan_path": "runs/trpo_nominal_alpha_2.2_gamma_pi2_10k_episodes_.4ct\\plans\\iter_000108_control_plan.npz",
  "eval_time_ns": 114.0,
  "gamma": 1.5707963267948966,
  "iteration": 108,
  "robustness": {
    "sigma_1p0": {
      "average_fidelity": 0.96370309391527,
      "average_gate_fidelity": 0.9546288673940875,
      "fidelity_variance": 0.0002623586782173766,
      "num_samples": 60,
      "sigma_mhz": 1.0
    }
  }
}