{
  "alpha": 2.2,
  "eval_cost": 0.2989587861864083,
  "eval_fidelity": 0.997190460859318,
  "eval_leakage": 0.001728542599341374,
  "eval_plan_path": "runs/trpo_nominal_alpha_2.2_gamma_pi2_10k_episodes_.4ct\\plans\\iter_000119_control_plan.npz",
  "eval_time_ns": 134.0,
  "gamma": 1.5707963267948966,
  "iteration": 119,
  "robustness": {
    "sigma_1p0": {
      "average_fidelity": 0.9643182798096416,
      "average_gate_fidelity": 0.9553978497620519,
      "fidelity_variance": 0.00025313465507438457,
      "num_samples": 60,
      "sigma_mhz": 1.0
    }
  }
}