{
  "alpha": 2.2,
  "eval_cost": 0.4226919321916215,
  "eval_fidelity": 0.9923669025866769,
  "eval_leakage": 0.0022774434744953593,
  "eval_plan_path": "runs/trpo_nominal_alpha_2.2_gamma_pi2_10k_episodes_.4ct\\plans\\iter_000123_control_plan.npz",
  "eval_time_ns": 180.0,
  "gamma": 1.5707963267948966,
  "iteration": 123,
  "robustness": {
    "sigma_1p0": {
      "average_fidelity": 0.9481792555816537,
      "average_gate_fidelity": 0.9352240694770672,
      "fidelity_variance": 0.0005683810704800107,
      "num_samples": 60,
      "sigma_mhz": 1.0
    }
  }
}