{
  "alpha": 2.2,
  "eval_cost": 0.4426849363430905,
  "eval_fidelity": 0.9930732551968959,
  "eval_leakage": 0.0023551068323764465,
  "eval_plan_path": "runs/trpo_nominal_alpha_2.2_gamma_pi2_10k_episodes_.4ct\\plans\\iter_000113_control_plan.npz",
  "eval_time_ns": 180.0,
  "gamma": 1.5707963267948966,
  "iteration": 113,
  "robustness": {
    "sigma_1p0": {
      "average_fidelity": 0.9414506476842255,
      "average_gate_fidelity": 0.9268133096052817,
      "fidelity_variance": 0.0007141845199152042,
      "num_samples": 60,
      "sigma_mhz": 1.0
    }
  }
}