{
  "alpha": 2.2,
  "eval_cost": 0.2996330933405931,
  "eval_fidelity": 0.9934018201750133,
  "eval_leakage": 0.0015642691919951616,
  "eval_plan_path": "runs/trpo_nominal_alpha_2.2_gamma_pi2_10k_episodes_.4ct\\plans\\iter_000105_control_plan.npz",
  "eval_time_ns": 122.0,
  "gamma": 1.5707963267948966,
  "iteration": 105,
  "robustness": {
    "sigma_1p0": {
      "average_fidelity": 0.9625074564281401,
      "average_gate_fidelity": 0.9531343205351751,
      "fidelity_variance": 0.0003150658995619835,
      "num_samples": 60,
      "sigma_mhz": 1.0
    }
  }
}