{
  "alpha": 2.2,
  "eval_cost": 0.41330823731921584,
  "eval_fidelity": 0.9953557812816699,
  "eval_leakage": 0.002203062031711567,
  "eval_plan_path": "runs/trpo_nominal_alpha_2.2_gamma_pi2_10k_episodes_.4ct\\plans\\iter_000118_control_plan.npz",
  "eval_time_ns": 180.0,
  "gamma": 1.5707963267948966,
  "iteration": 118,
  "robustness": {
    "sigma_1p0": {
      "average_fidelity": 0.9416640338965934,
      "average_gate_fidelity": 0.9270800423707418,
      "fidelity_variance": 0.0008106528780988265,
      "num_samples": 60,
      "sigma_mhz": 1.0
    }
  }
}