{
  "alpha": 2.2,
  "eval_cost": 0.297368459288825,
  "eval_fidelity": 0.9942027850365177,
  "eval_leakage": 0.001568925074701654,
  "eval_plan_path": "runs/trpo_nominal_alpha_2.2_gamma_pi2_10k_episodes_.4ct\\plans\\iter_000129_control_plan.npz",
  "eval_time_ns": 118.0,
  "gamma": 1.5707963267948966,
  "iteration": 129,
  "robustness": {
    "sigma_1p0": {
      "average_fidelity": 0.9629185829023156,
      "average_gate_fidelity": 0.9536482286278946,
      "fidelity_variance": 0.00027670859694142486,
      "num_samples": 60,
      "sigma_mhz": 1.0
    }
  }
}