{
  "alpha": 2.2,
  "eval_cost": 0.39247737151712797,
  "eval_fidelity": 0.9853239836227434,
  "eval_leakage": 0.0011737306728903892,
  "eval_plan_path": "runs/trpo_nominal_alpha_2.2_gamma_pi2_10k_episodes_.4ct\\plans\\iter_000071_control_plan.npz",
  "eval_time_ns": 98.0,
  "gamma": 1.5707963267948966,
  "iteration": 71,
  "robustness": {
    "sigma_1p0": {
      "average_fidelity": 0.9602129116223566,
      "average_gate_fidelity": 0.9502661395279457,
      "fidelity_variance": 0.00021463420568379373,
      "num_samples": 60,
      "sigma_mhz": 1.0
    }
  }
}