{
  "alpha": 2.2,
  "eval_cost": 0.38899372953248085,
  "eval_fidelity": 0.985251357930186,
  "eval_leakage": 0.0011796911479901996,
  "eval_plan_path": "runs/trpo_nominal_alpha_2.2_gamma_pi2_10k_episodes_.4ct\\plans\\iter_000069_control_plan.npz",
  "eval_time_ns": 100.0,
  "gamma": 1.5707963267948966,
  "iteration": 69,
  "robustness": {
    "sigma_1p0": {
      "average_fidelity": 0.9590886269520875,
      "average_gate_fidelity": 0.948860783690109,
      "fidelity_variance": 0.0003330558584794436,
      "num_samples": 60,
      "sigma_mhz": 1.0
    }
  }
}