{
  "alpha": 2.2,
  "eval_cost": 0.48361637249629585,
  "eval_fidelity": 0.9898846497170789,
  "eval_leakage": 0.002300845364240556,
  "eval_plan_path": "runs/trpo_nominal_alpha_2.2_gamma_pi2_10k_episodes_.4ct\\plans\\iter_000104_control_plan.npz",
  "eval_time_ns": 180.0,
  "gamma": 1.5707963267948966,
  "iteration": 104,
  "robustness": {
    "sigma_1p0": {
      "average_fidelity": 0.9410021957988275,
      "average_gate_fidelity": 0.9262527447485345,
      "fidelity_variance": 0.000804544867791491,
      "num_samples": 60,
      "sigma_mhz": 1.0
    }
  }
}