{
  "alpha": 2.2,
  "eval_cost": 0.2994238255294613,
  "eval_fidelity": 0.9942449176305385,
  "eval_leakage": 0.0016076482770008439,
  "eval_plan_path": "runs/trpo_nominal_alpha_2.2_gamma_pi2_10k_episodes_.4ct\\plans\\iter_000127_control_plan.npz",
  "eval_time_ns": 116.0,
  "gamma": 1.5707963267948966,
  "iteration": 127,
  "robustness": {
    "sigma_1p0": {
      "average_fidelity": 0.9589094217978178,
      "average_gate_fidelity": 0.9486367772472721,
      "fidelity_variance": 0.0003410741378164391,
      "num_samples": 60,
      "sigma_mhz": 1.0
    }
  }
}