{
  "alpha": 2.2,
  "eval_cost": 0.4559775345429491,
  "eval_fidelity": 0.9927339996624355,
  "eval_leakage": 0.0024255784207702787,
  "eval_plan_path": "runs/trpo_nominal_alpha_2.2_gamma_pi2_10k_episodes_.4ct\\plans\\iter_000112_control_plan.npz",
  "eval_time_ns": 180.0,
  "gamma": 1.5707963267948966,
  "iteration": 112,
  "robustness": {
    "sigma_1p0": {
      "average_fidelity": 0.9349011119376804,
      "average_gate_fidelity": 0.9186263899221008,
      "fidelity_variance": 0.00089143361467105,
      "num_samples": 60,
      "sigma_mhz": 1.0
    }
  }
}