{
  "alpha": 0.0,
  "eval_cost": 4.578585902022241,
  "eval_fidelity": 0.5853866562782004,
  "eval_leakage": 0.003801681845140836,
  "eval_plan_path": "runs/curriculum_gamma_pi2_alpha_2p2_thr038_test\\gamma_1.570796\\alpha_0.000000\\plans\\iter_000065_control_plan.npz",
  "eval_time_ns": 180.0,
  "gamma": 1.5707963267948966,
  "phase_iter": 65,
  "robustness": {
    "sigma_1p0": {
      "average_fidelity": 0.6447801063679675,
      "average_gate_fidelity": 0.5559751329599593,
      "fidelity_variance": 0.004091220059038664,
      "num_samples": 60,
      "sigma_mhz": 1.0
    }
  }
}