{
  "alpha": 0.0,
  "eval_cost": 4.016379867903794,
  "eval_fidelity": 0.642154268304078,
  "eval_leakage": 0.00303274881459455,
  "eval_plan_path": "runs/curriculum_gamma_pi2_alpha_2p2_thr038_test\\gamma_1.570796\\alpha_0.000000\\plans\\iter_000041_control_plan.npz",
  "eval_time_ns": 180.0,
  "gamma": 1.5707963267948966,
  "phase_iter": 41,
  "robustness": {
    "sigma_1p0": {
      "average_fidelity": 0.6818159692614795,
      "average_gate_fidelity": 0.6022699615768493,
      "fidelity_variance": 0.0034988434137345143,
      "num_samples": 60,
      "sigma_mhz": 1.0
    }
  }
}