{
  "alpha": 0.0,
  "eval_cost": 5.019143066532044,
  "eval_fidelity": 0.5340306605216587,
  "eval_leakage": 0.00386853355723101,
  "eval_plan_path": "runs/curriculum_gamma_pi2_alpha_2p2_thr038_test\\gamma_1.570796\\alpha_0.000000\\plans\\iter_000068_control_plan.npz",
  "eval_time_ns": 180.0,
  "gamma": 1.5707963267948966,
  "phase_iter": 68,
  "robustness": {
    "sigma_1p0": {
      "average_fidelity": 0.5937545942585996,
      "average_gate_fidelity": 0.49219324282324944,
      "fidelity_variance": 0.0027664855274344285,
      "num_samples": 60,
      "sigma_mhz": 1.0
    }
  }
}