{
  "alpha": 0.0,
  "eval_cost": 6.06341245188699,
  "eval_fidelity": 0.43526277807384606,
  "eval_leakage": 0.004188216346650583,
  "eval_plan_path": "runs/curriculum_gamma_pi2_alpha_2p2_thr038_test\\gamma_1.570796\\alpha_0.000000\\plans\\iter_000075_control_plan.npz",
  "eval_time_ns": 180.0,
  "gamma": 1.5707963267948966,
  "phase_iter": 75,
  "robustness": {
    "sigma_1p0": {
      "average_fidelity": 0.5237729078776842,
      "average_gate_fidelity": 0.40471613484710517,
      "fidelity_variance": 0.0024516661030446916,
      "num_samples": 60,
      "sigma_mhz": 1.0
    }
  }
}