{
  "alpha": 0.0,
  "eval_cost": 5.623031410180086,
  "eval_fidelity": 0.4744601143889777,
  "eval_leakage": 0.004049643609830123,
  "eval_plan_path": "runs/curriculum_gamma_pi2_alpha_2p2_thr038_test\\gamma_1.570796\\alpha_0.000000\\plans\\iter_000070_control_plan.npz",
  "eval_time_ns": 180.0,
  "gamma": 1.5707963267948966,
  "phase_iter": 70,
  "robustness": {
    "sigma_1p0": {
      "average_fidelity": 0.5616894844691954,
      "average_gate_fidelity": 0.45211185558649425,
      "fidelity_variance": 0.0029209199298529517,
      "num_samples": 60,
      "sigma_mhz": 1.0
    }
  }
}