{
  "alpha": 0.0,
  "eval_cost": 10.267499382421812,
  "eval_fidelity": 0.01033292815636913,
  "eval_leakage": 0.0007694989898832133,
  "eval_plan_path": "runs/curriculum_gamma_pi2_alpha_2p2_thr038_test\\gamma_1.570796\\alpha_0.000000\\plans\\iter_000012_control_plan.npz",
  "eval_time_ns": 180.0,
  "gamma": 1.5707963267948966,
  "phase_iter": 12,
  "robustness": {
    "sigma_1p0": {
      "average_fidelity": 0.20764337968793112,
      "average_gate_fidelity": 0.00955422460991389,
      "fidelity_variance": 2.388556708483127e-05,
      "num_samples": 60,
      "sigma_mhz": 1.0
    }
  }
}