{
  "alpha": 0.0,
  "eval_cost": 10.311998641392062,
  "eval_fidelity": 2.322856545254453e-06,
  "eval_leakage": 0.0002973728925757667,
  "eval_plan_path": "runs/curriculum_gamma_pi2_alpha_2p2_thr038_test\\gamma_1.570796\\alpha_0.000000\\plans\\iter_000005_control_plan.npz",
  "eval_time_ns": 180.0,
  "gamma": 1.5707963267948966,
  "phase_iter": 5,
  "robustness": {
    "sigma_1p0": {
      "average_fidelity": 0.20012858073627565,
      "average_gate_fidelity": 0.00016072592034445951,
      "fidelity_variance": 4.844928103327134e-08,
      "num_samples": 60,
      "sigma_mhz": 1.0
    }
  }
}