{
  "alpha": 0.0,
  "eval_cost": 1.6077364997545442,
  "eval_fidelity": 0.8792912551906691,
  "eval_leakage": 0.0033516382004042207,
  "eval_plan_path": "runs/curriculum_gamma_pi2_alpha_2p2_thr038_test\\gamma_1.570796\\alpha_0.000000\\plans\\iter_000044_control_plan.npz",
  "eval_time_ns": 180.0,
  "gamma": 1.5707963267948966,
  "phase_iter": 44,
  "robustness": {
    "sigma_1p0": {
      "average_fidelity": 0.8492554286456827,
      "average_gate_fidelity": 0.8115692858071035,
      "fidelity_variance": 0.0020774836725829795,
      "num_samples": 60,
      "sigma_mhz": 1.0
    }
  }
}