{
  "alpha": 0.0,
  "eval_cost": 4.364664976353388,
  "eval_fidelity": 0.6021891216459815,
  "eval_leakage": 0.0030098620943679174,
  "eval_plan_path": "runs/curriculum_gamma_pi2_alpha_2p2_thr038_test\\gamma_1.570796\\alpha_0.000000\\plans\\iter_000040_control_plan.npz",
  "eval_time_ns": 180.0,
  "gamma": 1.5707963267948966,
  "phase_iter": 40,
  "robustness": {
    "sigma_1p0": {
      "average_fidelity": 0.6529773725857604,
      "average_gate_fidelity": 0.5662217157322004,
      "fidelity_variance": 0.0035100329595002043,
      "num_samples": 60,
      "sigma_mhz": 1.0
    }
  }
}