{
  "alpha": 0.0,
  "eval_cost": 3.331576959589473,
  "eval_fidelity": 0.7055300701991104,
  "eval_leakage": 0.0030132126410425896,
  "eval_plan_path": "runs/curriculum_gamma_pi2_alpha_2p2_thr038_test\\gamma_1.570796\\alpha_0.000000\\plans\\iter_000042_control_plan.npz",
  "eval_time_ns": 180.0,
  "gamma": 1.5707963267948966,
  "phase_iter": 42,
  "robustness": {
    "sigma_1p0": {
      "average_fidelity": 0.7260442434253274,
      "average_gate_fidelity": 0.6575553042816592,
      "fidelity_variance": 0.0027968541267642524,
      "num_samples": 60,
      "sigma_mhz": 1.0
    }
  }
}