{
  "alpha": 1.5,
  "best_cost": 0.07982319604809543,
  "best_fidelity": 0.9990431257314178,
  "best_horizon_ns": 40.0,
  "best_leakage": 0.0002371684124170081,
  "control_plan": "runs/adam_runtime_sweep\\gamma_1.570796\\alpha_1.500000\\best_control_plan.npz",
  "gamma": 1.5707963267948966,
  "robustness_path": "runs/adam_runtime_sweep\\gamma_1.570796\\alpha_1.500000\\robustness\\best_robustness.json",
  "robustness_sigma_1p0_average_fidelity": 0.9880866945989629,
  "robustness_sigma_1p0_average_gate_fidelity": 0.9851083682487035,
  "robustness_sigma_1p0_fidelity_variance": 5.9845271652471046e-05,
  "runtime_ns": 40.0
}