{
  "alpha": 2.2,
  "eval_cost": 2.0926401611786893,
  "eval_fidelity": 0.8279127080090596,
  "eval_leakage": 0.0002684275321992673,
  "eval_plan_path": "runs\\cost_function_sweep\\trpo\\a-2p2__g-pi_2__kl-0p005__tc-0p15__std-m1p0__dt-2p0__mt-180p0__chi-5p0__beta-10p0__mu-0p4__kappa-0p4\\seed_1\\plans\\iter_000005_control_plan.npz",
  "eval_time_ns": 180.0,
  "gamma": 1.5707963267948966,
  "iteration": 5,
  "robustness": {
    "sigma_1p0": {
      "average_fidelity": 0.8151038627359366,
      "average_gate_fidelity": 0.7688798284199209,
      "fidelity_variance": 0.003920888411001477,
      "num_samples": 60,
      "sigma_mhz": 1.0
    }
  }
}