{
  "alpha": 2.2,
  "eval_cost": 0.3679336744058973,
  "eval_fidelity": 0.9936407793546691,
  "eval_leakage": 0.00037572086525819687,
  "eval_plan_path": "runs\\nn_size_sweep\\trpo\\a-2p2_22d48190\\seed_1\\plans\\iter_000011_control_plan.npz",
  "eval_time_ns": 108.0,
  "gamma": 1.5707963267948966,
  "iteration": 11,
  "robustness": {
    "sigma_1p0": {
      "average_fidelity": 0.9616226317542975,
      "average_gate_fidelity": 0.9520282896928716,
      "fidelity_variance": 0.00028245039131035,
      "num_samples": 60,
      "sigma_mhz": 1.0
    }
  }
}