{
  "alpha": 2.2,
  "eval_cost": 0.3654628682072101,
  "eval_fidelity": 0.992595356685619,
  "eval_leakage": 0.00039691651821296823,
  "eval_plan_path": "runs\\nn_size_sweep\\trpo\\a-2p2_22d48190\\seed_1\\plans\\iter_000013_control_plan.npz",
  "eval_time_ns": 108.0,
  "gamma": 1.5707963267948966,
  "iteration": 13,
  "robustness": {
    "sigma_1p0": {
      "average_fidelity": 0.9629114463395579,
      "average_gate_fidelity": 0.9536393079244476,
      "fidelity_variance": 0.00025385848784660955,
      "num_samples": 60,
      "sigma_mhz": 1.0
    }
  }
}