{
  "alpha": 2.2,
  "eval_cost": 0.5007225735109012,
  "eval_fidelity": 0.9830195443550432,
  "eval_leakage": 0.00038324917503703847,
  "eval_plan_path": "runs\\nn_size_sweep\\trpo\\a-2p2_22d48190\\seed_1\\plans\\iter_000003_control_plan.npz",
  "eval_time_ns": 180.0,
  "gamma": 1.5707963267948966,
  "iteration": 3,
  "robustness": {
    "sigma_1p0": {
      "average_fidelity": 0.931895685286683,
      "average_gate_fidelity": 0.9148696066083537,
      "fidelity_variance": 0.0010367249080679478,
      "num_samples": 60,
      "sigma_mhz": 1.0
    }
  }
}