{
  "alpha": 2.2,
  "eval_cost": 0.38877974960660544,
  "eval_fidelity": 0.9877933390290609,
  "eval_leakage": 0.0003855598921297469,
  "eval_plan_path": "runs\\nn_size_sweep\\trpo\\a-2p2_22d48190\\seed_1\\plans\\iter_000015_control_plan.npz",
  "eval_time_ns": 106.0,
  "gamma": 1.5707963267948966,
  "iteration": 15,
  "robustness": {
    "sigma_1p0": {
      "average_fidelity": 0.9545166747028804,
      "average_gate_fidelity": 0.9431458433786003,
      "fidelity_variance": 0.00048458513946409375,
      "num_samples": 60,
      "sigma_mhz": 1.0
    }
  }
}