{
  "alpha": 2.2,
  "eval_cost": 2.018668925880098,
  "eval_fidelity": 0.8376604375942944,
  "eval_leakage": 0.00015125614154880862,
  "eval_plan_path": "runs\\nn_size_sweep\\trpo\\a-2p2_22d48190\\seed_1\\plans\\iter_000001_control_plan.npz",
  "eval_time_ns": 180.0,
  "gamma": 1.5707963267948966,
  "iteration": 1,
  "robustness": {
    "sigma_1p0": {
      "average_fidelity": 0.8322614952763833,
      "average_gate_fidelity": 0.790326869095479,
      "fidelity_variance": 0.0040211043604154026,
      "num_samples": 60,
      "sigma_mhz": 1.0
    }
  }
}