{
  "alpha": 2.2,
  "eval_cost": 0.38408359337181386,
  "eval_fidelity": 0.9992329043343183,
  "eval_leakage": 0.00025994702673215204,
  "eval_plan_path": "runs\\nn_size_sweep\\trpo\\a-2p2_22d48190\\seed_1\\plans\\iter_000006_control_plan.npz",
  "eval_time_ns": 124.0,
  "gamma": 1.5707963267948966,
  "iteration": 6,
  "robustness": {
    "sigma_1p0": {
      "average_fidelity": 0.9632187229738158,
      "average_gate_fidelity": 0.9540234037172698,
      "fidelity_variance": 0.00034560946715383756,
      "num_samples": 60,
      "sigma_mhz": 1.0
    }
  }
}