{
  "alpha": 2.2,
  "eval_cost": 0.3971747774617738,
  "eval_fidelity": 0.9972177489575603,
  "eval_leakage": 0.00024336406573480455,
  "eval_plan_path": "runs\\nn_size_sweep\\trpo\\a-2p2_22d48190\\seed_1\\plans\\iter_000007_control_plan.npz",
  "eval_time_ns": 116.0,
  "gamma": 1.5707963267948966,
  "iteration": 7,
  "robustness": {
    "sigma_1p0": {
      "average_fidelity": 0.9647044235248275,
      "average_gate_fidelity": 0.9558805294060343,
      "fidelity_variance": 0.0002254743285507136,
      "num_samples": 60,
      "sigma_mhz": 1.0
    }
  }
}