{
  "alpha": 2.2,
  "eval_cost": 0.3971320125624639,
  "eval_fidelity": 0.9888426518774491,
  "eval_leakage": 0.0004670769750831931,
  "eval_plan_path": "runs\\nn_size_sweep\\trpo\\a-2p2_22d48190\\seed_1\\plans\\iter_000018_control_plan.npz",
  "eval_time_ns": 102.0,
  "gamma": 1.5707963267948966,
  "iteration": 18,
  "robustness": {
    "sigma_1p0": {
      "average_fidelity": 0.9638681812362482,
      "average_gate_fidelity": 0.9548352265453103,
      "fidelity_variance": 0.00028436941107258507,
      "num_samples": 60,
      "sigma_mhz": 1.0
    }
  }
}