{
  "alpha": 2.2,
  "eval_cost": 0.5880542930177444,
  "eval_fidelity": 0.9845260924511022,
  "eval_leakage": 0.00021848140888290878,
  "eval_plan_path": "runs\\nn_size_sweep\\trpo\\a-2p2_22d48190\\seed_1\\plans\\iter_000002_control_plan.npz",
  "eval_time_ns": 180.0,
  "gamma": 1.5707963267948966,
  "iteration": 2,
  "robustness": {
    "sigma_1p0": {
      "average_fidelity": 0.9379929890812179,
      "average_gate_fidelity": 0.922491236351522,
      "fidelity_variance": 0.0009090112999620598,
      "num_samples": 60,
      "sigma_mhz": 1.0
    }
  }
}