{
  "alpha": 2.2,
  "eval_cost": 0.5254060206019167,
  "eval_fidelity": 0.9789336213741939,
  "eval_leakage": 0.00047069197256072236,
  "eval_plan_path": "runs\\nn_size_sweep\\trpo\\a-2p2_22d48190\\seed_1\\plans\\iter_000004_control_plan.npz",
  "eval_time_ns": 180.0,
  "gamma": 1.5707963267948966,
  "iteration": 4,
  "robustness": {
    "sigma_1p0": {
      "average_fidelity": 0.9339757100721182,
      "average_gate_fidelity": 0.9174696375901473,
      "fidelity_variance": 0.00088782319616882,
      "num_samples": 60,
      "sigma_mhz": 1.0
    }
  }
}