{
  "alpha": 2.2,
  "eval_cost": 0.36819667315521254,
  "eval_fidelity": 0.99359160236663,
  "eval_leakage": 0.00034186028816596243,
  "eval_plan_path": "runs\\nn_size_sweep\\trpo\\a-2p2_22d48190\\seed_1\\plans\\iter_000010_control_plan.npz",
  "eval_time_ns": 110.0,
  "gamma": 1.5707963267948966,
  "iteration": 10,
  "robustness": {
    "sigma_1p0": {
      "average_fidelity": 0.9641353715300724,
      "average_gate_fidelity": 0.9551692144125905,
      "fidelity_variance": 0.00015509658739611772,
      "num_samples": 60,
      "sigma_mhz": 1.0
    }
  }
}