{
  "alpha": 2.2,
  "eval_cost": 0.3801204113611565,
  "eval_fidelity": 0.995212856472059,
  "eval_leakage": 0.0002935588972883499,
  "eval_plan_path": "runs\\nn_size_sweep\\trpo\\a-2p2_22d48190\\seed_1\\plans\\iter_000008_control_plan.npz",
  "eval_time_ns": 114.0,
  "gamma": 1.5707963267948966,
  "iteration": 8,
  "robustness": {
    "sigma_1p0": {
      "average_fidelity": 0.9625883151017836,
      "average_gate_fidelity": 0.9532353938772294,
      "fidelity_variance": 0.00022370711785792897,
      "num_samples": 60,
      "sigma_mhz": 1.0
    }
  }
}