{
  "alpha": 2.2,
  "eval_cost": 0.37065234923701884,
  "eval_fidelity": 0.9915205531285214,
  "eval_leakage": 0.0003767280620096744,
  "eval_plan_path": "runs\\nn_size_sweep\\trpo\\a-2p2_22d48190\\seed_1\\plans\\iter_000014_control_plan.npz",
  "eval_time_ns": 106.0,
  "gamma": 1.5707963267948966,
  "iteration": 14,
  "robustness": {
    "sigma_1p0": {
      "average_fidelity": 0.9636928653071325,
      "average_gate_fidelity": 0.9546160816339154,
      "fidelity_variance": 0.0003077964132216738,
      "num_samples": 60,
      "sigma_mhz": 1.0
    }
  }
}