{
  "alpha": 2.2,
  "eval_cost": 0.3983612305319889,
  "eval_fidelity": 0.9980050498296146,
  "eval_leakage": 0.00030675761211664687,
  "eval_plan_path": "runs\\nn_size_sweep\\trpo\\a-2p2_22d48190\\seed_1\\plans\\iter_000005_control_plan.npz",
  "eval_time_ns": 134.0,
  "gamma": 1.5707963267948966,
  "iteration": 5,
  "robustness": {
    "sigma_1p0": {
      "average_fidelity": 0.9590062858238794,
      "average_gate_fidelity": 0.9487578572798492,
      "fidelity_variance": 0.00025743009492437045,
      "num_samples": 60,
      "sigma_mhz": 1.0
    }
  }
}