{
  "alpha": 2.2,
  "eval_cost": 0.3999478374412293,
  "eval_fidelity": 0.985658393664086,
  "eval_leakage": 0.0005000282479694878,
  "eval_plan_path": "runs\\nn_size_sweep\\trpo\\a-2p2_22d48190\\seed_1\\plans\\iter_000020_control_plan.npz",
  "eval_time_ns": 102.0,
  "gamma": 1.5707963267948966,
  "iteration": 20,
  "robustness": {
    "sigma_1p0": {
      "average_fidelity": 0.9572893175651043,
      "average_gate_fidelity": 0.9466116469563802,
      "fidelity_variance": 0.00036714885445915906,
      "num_samples": 60,
      "sigma_mhz": 1.0
    }
  }
}