{
  "alpha": 2.2,
  "eval_cost": 0.3991728663149554,
  "eval_fidelity": 0.9905803140897305,
  "eval_leakage": 0.0003640843529516856,
  "eval_plan_path": "runs\\nn_size_sweep\\trpo\\a-2p2_22d48190\\seed_1\\plans\\iter_000012_control_plan.npz",
  "eval_time_ns": 106.0,
  "gamma": 1.5707963267948966,
  "iteration": 12,
  "robustness": {
    "sigma_1p0": {
      "average_fidelity": 0.9635142240276224,
      "average_gate_fidelity": 0.9543927800345281,
      "fidelity_variance": 0.00039619466184498897,
      "num_samples": 60,
      "sigma_mhz": 1.0
    }
  }
}