{
  "alpha": 2.2,
  "eval_cost": 0.37611494431196535,
  "eval_fidelity": 0.9879843876853853,
  "eval_leakage": 0.00041228855745439495,
  "eval_plan_path": "runs\\nn_size_sweep\\trpo\\a-2p2_22d48190\\seed_1\\plans\\iter_000016_control_plan.npz",
  "eval_time_ns": 106.0,
  "gamma": 1.5707963267948966,
  "iteration": 16,
  "robustness": {
    "sigma_1p0": {
      "average_fidelity": 0.9573028167733411,
      "average_gate_fidelity": 0.946628520966676,
      "fidelity_variance": 0.00025467493976653654,
      "num_samples": 60,
      "sigma_mhz": 1.0
    }
  }
}