{
  "alpha": 2.2,
  "eval_cost": 0.37956938342730817,
  "eval_fidelity": 0.9911821890811281,
  "eval_leakage": 0.0004776491169115983,
  "eval_plan_path": "runs\\nn_size_sweep\\trpo\\a-2p2_22d48190\\seed_1\\plans\\iter_000019_control_plan.npz",
  "eval_time_ns": 102.0,
  "gamma": 1.5707963267948966,
  "iteration": 19,
  "robustness": {
    "sigma_1p0": {
      "average_fidelity": 0.9622936156830186,
      "average_gate_fidelity": 0.9528670196037733,
      "fidelity_variance": 0.0002425231775370553,
      "num_samples": 60,
      "sigma_mhz": 1.0
    }
  }
}