{
  "alpha": 2.2,
  "eval_cost": 1.0190320544723632,
  "eval_fidelity": 0.9603203752077941,
  "eval_leakage": 0.00033834412293076303,
  "eval_plan_path": "runs\\cost_function_sweep\\trpo\\a-2p2_444b5f60\\seed_1\\plans\\iter_000004_control_plan.npz",
  "eval_time_ns": 180.0,
  "gamma": 1.5707963267948966,
  "iteration": 4,
  "robustness": {
    "sigma_1p0": {
      "average_fidelity": 0.9181108479890592,
      "average_gate_fidelity": 0.8976385599863239,
      "fidelity_variance": 0.0015489516097551806,
      "num_samples": 60,
      "sigma_mhz": 1.0
    }
  }
}