{
  "alpha": 2.2,
  "eval_cost": 0.9788891258252501,
  "eval_fidelity": 0.9644847065968891,
  "eval_leakage": 0.00028102289342501184,
  "eval_plan_path": "runs\\cost_function_sweep\\trpo\\a-2p2_444b5f60\\seed_1\\plans\\iter_000003_control_plan.npz",
  "eval_time_ns": 180.0,
  "gamma": 1.5707963267948966,
  "iteration": 3,
  "robustness": {
    "sigma_1p0": {
      "average_fidelity": 0.9169498500248875,
      "average_gate_fidelity": 0.8961873125311093,
      "fidelity_variance": 0.0014587463975258503,
      "num_samples": 60,
      "sigma_mhz": 1.0
    }
  }
}