{
  "alpha": 2.2,
  "eval_cost": 3.1148080402985143,
  "eval_fidelity": 0.7600797980859189,
  "eval_leakage": 0.00011907816784677096,
  "eval_plan_path": "runs\\cost_function_sweep\\trpo\\a-2p2_444b5f60\\seed_1\\plans\\iter_000001_control_plan.npz",
  "eval_time_ns": 180.0,
  "gamma": 1.5707963267948966,
  "iteration": 1,
  "robustness": {
    "sigma_1p0": {
      "average_fidelity": 0.7719568143317018,
      "average_gate_fidelity": 0.7149460179146273,
      "fidelity_variance": 0.0047130895026775465,
      "num_samples": 60,
      "sigma_mhz": 1.0
    }
  }
}