{
  "alpha": 1.9,
  "best_cost": 0.6337337773765017,
  "best_fidelity": 0.9521946748493456,
  "best_horizon_ns": 40.0,
  "best_leakage": 0.00027130977115997416,
  "control_plan": "runs/adam_runtime_sweep\\gamma_1.570796\\alpha_1.900000\\best_control_plan.npz",
  "gamma": 1.5707963267948966,
  "robustness_path": "runs/adam_runtime_sweep\\gamma_1.570796\\alpha_1.900000\\robustness\\best_robustness.json",
  "robustness_sigma_1p0_average_fidelity": 0.9499516414456161,
  "robustness_sigma_1p0_average_gate_fidelity": 0.9374395518070199,
  "robustness_sigma_1p0_fidelity_variance": 0.00028131754751552224,
  "runtime_ns": 40.0
}