{
  "alpha": 2.512,
  "best_checkpoint": "runs\\runtime\\gamma_1.570796\\alpha_2.512000\\best_agent.pt",
  "best_cost": 0.3990961876273884,
  "best_fidelity": 0.9918550634743656,
  "best_leakage": 0.0062967791254027634,
  "best_min_cost": 0.3990961876273884,
  "best_min_cost_time_ns": 136.0,
  "control_plan": "runs\\runtime\\gamma_1.570796\\alpha_2.512000\\best_control_plan.npz",
  "curriculum_checkpoint": "runs\\runtime\\gamma_1.570796\\curriculum_checkpoints\\after_alpha_2.512000.pt",
  "gamma": 1.5707963267948966,
  "iterations_used": 53.0,
  "last_checkpoint": "runs\\runtime\\gamma_1.570796\\alpha_2.512000\\last_agent.pt",
  "runtime_ns": 136.0,
  "train_avg_fidelity": 0.900684476029323
}