{
  "alpha": 2.2,
  "eval_cost": 0.19778234045865362,
  "eval_fidelity": 0.9932106164814108,
  "eval_leakage": 0.00047945909454321197,
  "eval_plan_path": "runs\\cost_function_sweep\\trpo\\a-2p2__g-pi_2__kl-0p005__tc-0p15__std-m1p0__dt-2p0__mt-180p0__chi-5p0__beta-10p0__mu-0p1__kappa-0p05__hs-64m32m32\\seed_2\\plans\\iter_000005_control_plan.npz",
  "eval_time_ns": 180.0,
  "gamma": 1.5707963267948966,
  "iteration": 5,
  "robustness": {
    "sigma_1p0": {
      "average_fidelity": 0.9420275702301684,
      "average_gate_fidelity": 0.9275344627877106,
      "fidelity_variance": 0.0005540932991673364,
      "num_samples": 60,
      "sigma_mhz": 1.0
    }
  }
}