{
  "alpha": 2.2,
  "eval_cost": 0.3826833541241415,
  "eval_fidelity": 0.9927456326646534,
  "eval_leakage": 0.00041350559784082697,
  "eval_plan_path": "runs\\nn_size_sweep\\trpo\\a-2p2_da5e9390\\seed_2\\plans\\iter_000013_control_plan.npz",
  "eval_time_ns": 104.0,
  "gamma": 1.5707963267948966,
  "iteration": 13,
  "robustness": {
    "sigma_1p0": {
      "average_fidelity": 0.9636130742124774,
      "average_gate_fidelity": 0.9545163427655968,
      "fidelity_variance": 0.00021179520738550758,
      "num_samples": 60,
      "sigma_mhz": 1.0
    }
  }
}