{
  "alpha": 2.2,
  "eval_cost": 0.37572436017880523,
  "eval_fidelity": 0.9918579072426266,
  "eval_leakage": 0.00041226465996912993,
  "eval_plan_path": "runs\\nn_size_sweep\\trpo\\a-2p2_da5e9390\\seed_2\\plans\\iter_000014_control_plan.npz",
  "eval_time_ns": 104.0,
  "gamma": 1.5707963267948966,
  "iteration": 14,
  "robustness": {
    "sigma_1p0": {
      "average_fidelity": 0.9635868916421195,
      "average_gate_fidelity": 0.9544836145526495,
      "fidelity_variance": 0.0003282712916125858,
      "num_samples": 60,
      "sigma_mhz": 1.0
    }
  }
}