{
  "alpha": 2.2,
  "eval_cost": 0.39111664007191566,
  "eval_fidelity": 0.9900780661576437,
  "eval_leakage": 0.00048041593741379415,
  "eval_plan_path": "runs\\nn_size_sweep\\trpo\\a-2p2_da5e9390\\seed_2\\plans\\iter_000019_control_plan.npz",
  "eval_time_ns": 100.0,
  "gamma": 1.5707963267948966,
  "iteration": 19,
  "robustness": {
    "sigma_1p0": {
      "average_fidelity": 0.96484829277312,
      "average_gate_fidelity": 0.9560603659664,
      "fidelity_variance": 0.00021118584009571114,
      "num_samples": 60,
      "sigma_mhz": 1.0
    }
  }
}