{
  "alpha": 2.2,
  "eval_cost": 2.086686996803439,
  "eval_fidelity": 0.8295360956185089,
  "eval_leakage": 0.00010066137614848076,
  "eval_plan_path": "runs\\nn_size_sweep\\trpo\\a-2p2_da5e9390\\seed_2\\plans\\iter_000001_control_plan.npz",
  "eval_time_ns": 180.0,
  "gamma": 1.5707963267948966,
  "iteration": 1,
  "robustness": {
    "sigma_1p0": {
      "average_fidelity": 0.8271554020396995,
      "average_gate_fidelity": 0.7839442525496245,
      "fidelity_variance": 0.002615583376226346,
      "num_samples": 60,
      "sigma_mhz": 1.0
    }
  }
}