{
  "alpha": 2.2,
  "eval_cost": 0.3655003743639764,
  "eval_fidelity": 0.9978645856934739,
  "eval_leakage": 0.0003065100727423337,
  "eval_plan_path": "runs\\nn_size_sweep\\trpo\\a-2p2_da5e9390\\seed_2\\plans\\iter_000007_control_plan.npz",
  "eval_time_ns": 118.0,
  "gamma": 1.5707963267948966,
  "iteration": 7,
  "robustness": {
    "sigma_1p0": {
      "average_fidelity": 0.9647261268053186,
      "average_gate_fidelity": 0.955907658506648,
      "fidelity_variance": 0.0002720213975400396,
      "num_samples": 60,
      "sigma_mhz": 1.0
    }
  }
}