{
  "alpha": 2.2,
  "eval_cost": 0.38172480689378346,
  "eval_fidelity": 0.9983224348216333,
  "eval_leakage": 0.00036443623997011284,
  "eval_plan_path": "runs\\nn_size_sweep\\trpo\\a-2p2_da5e9390\\seed_2\\plans\\iter_000008_control_plan.npz",
  "eval_time_ns": 114.0,
  "gamma": 1.5707963267948966,
  "iteration": 8,
  "robustness": {
    "sigma_1p0": {
      "average_fidelity": 0.9667078927477673,
      "average_gate_fidelity": 0.9583848659347093,
      "fidelity_variance": 0.0001883596774444844,
      "num_samples": 60,
      "sigma_mhz": 1.0
    }
  }
}