{
  "alpha": 2.2,
  "eval_cost": 0.38087323000305706,
  "eval_fidelity": 0.9928361245768185,
  "eval_leakage": 0.00044870198507012505,
  "eval_plan_path": "runs\\nn_size_sweep\\trpo\\a-2p2_da5e9390\\seed_2\\plans\\iter_000016_control_plan.npz",
  "eval_time_ns": 102.0,
  "gamma": 1.5707963267948966,
  "iteration": 16,
  "robustness": {
    "sigma_1p0": {
      "average_fidelity": 0.9635847290001358,
      "average_gate_fidelity": 0.9544809112501699,
      "fidelity_variance": 0.00030053272010713386,
      "num_samples": 60,
      "sigma_mhz": 1.0
    }
  }
}