{
  "alpha": 2.2,
  "eval_cost": 0.3626794487223859,
  "eval_fidelity": 0.9960541954057265,
  "eval_leakage": 0.0003856810060456305,
  "eval_plan_path": "runs\\nn_size_sweep\\trpo\\a-2p2_da5e9390\\seed_2\\plans\\iter_000011_control_plan.npz",
  "eval_time_ns": 108.0,
  "gamma": 1.5707963267948966,
  "iteration": 11,
  "robustness": {
    "sigma_1p0": {
      "average_fidelity": 0.9626723613412165,
      "average_gate_fidelity": 0.9533404516765206,
      "fidelity_variance": 0.00023505542914795872,
      "num_samples": 60,
      "sigma_mhz": 1.0
    }
  }
}