{
  "alpha": 2.2,
  "eval_cost": 0.38975885170759783,
  "eval_fidelity": 0.9929665825539151,
  "eval_leakage": 0.000426556204455947,
  "eval_plan_path": "runs\\nn_size_sweep\\trpo\\a-2p2_da5e9390\\seed_2\\plans\\iter_000015_control_plan.npz",
  "eval_time_ns": 102.0,
  "gamma": 1.5707963267948966,
  "iteration": 15,
  "robustness": {
    "sigma_1p0": {
      "average_fidelity": 0.9674030862541985,
      "average_gate_fidelity": 0.959253857817748,
      "fidelity_variance": 0.0002747692454340009,
      "num_samples": 60,
      "sigma_mhz": 1.0
    }
  }
}