{
  "alpha": 2.2,
  "eval_cost": 0.3678580738352849,
  "eval_fidelity": 0.9978483110315335,
  "eval_leakage": 0.00028333450469103885,
  "eval_plan_path": "runs\\nn_size_sweep\\trpo\\a-2p2_da5e9390\\seed_2\\plans\\iter_000006_control_plan.npz",
  "eval_time_ns": 124.0,
  "gamma": 1.5707963267948966,
  "iteration": 6,
  "robustness": {
    "sigma_1p0": {
      "average_fidelity": 0.9627860108378251,
      "average_gate_fidelity": 0.953482513547281,
      "fidelity_variance": 0.0002330415813079659,
      "num_samples": 60,
      "sigma_mhz": 1.0
    }
  }
}