{
  "alpha": 2.2,
  "eval_cost": 0.39860758724903034,
  "eval_fidelity": 0.9977098715719528,
  "eval_leakage": 0.0002850600438344152,
  "eval_plan_path": "runs\\nn_size_sweep\\trpo\\a-2p2_da5e9390\\seed_2\\plans\\iter_000003_control_plan.npz",
  "eval_time_ns": 162.0,
  "gamma": 1.5707963267948966,
  "iteration": 3,
  "robustness": {
    "sigma_1p0": {
      "average_fidelity": 0.9490729271544667,
      "average_gate_fidelity": 0.9363411589430833,
      "fidelity_variance": 0.0006370997767226549,
      "num_samples": 60,
      "sigma_mhz": 1.0
    }
  }
}