{
  "alpha": 2.2,
  "eval_cost": 0.3650049699624449,
  "eval_fidelity": 0.9962462252203219,
  "eval_leakage": 0.0003591037426793636,
  "eval_plan_path": "runs\\nn_size_sweep\\trpo\\a-2p2_da5e9390\\seed_2\\plans\\iter_000010_control_plan.npz",
  "eval_time_ns": 110.0,
  "gamma": 1.5707963267948966,
  "iteration": 10,
  "robustness": {
    "sigma_1p0": {
      "average_fidelity": 0.9652862303793216,
      "average_gate_fidelity": 0.9566077879741521,
      "fidelity_variance": 0.0002593906046823073,
      "num_samples": 60,
      "sigma_mhz": 1.0
    }
  }
}