{
  "alpha": 2.2,
  "eval_cost": 0.3663432319334212,
  "eval_fidelity": 0.9954761829448936,
  "eval_leakage": 0.0003612318013156753,
  "eval_plan_path": "runs\\nn_size_sweep\\trpo\\a-2p2_da5e9390\\seed_2\\plans\\iter_000009_control_plan.npz",
  "eval_time_ns": 112.0,
  "gamma": 1.5707963267948966,
  "iteration": 9,
  "robustness": {
    "sigma_1p0": {
      "average_fidelity": 0.9622485791788219,
      "average_gate_fidelity": 0.9528107239735272,
      "fidelity_variance": 0.0002574953278305516,
      "num_samples": 60,
      "sigma_mhz": 1.0
    }
  }
}