{
  "alpha": 2.2,
  "eval_cost": 0.3690878283132667,
  "eval_fidelity": 0.9926866585022803,
  "eval_leakage": 0.00047677542311172293,
  "eval_plan_path": "runs\\nn_size_sweep\\trpo\\a-2p2_da5e9390\\seed_2\\plans\\iter_000017_control_plan.npz",
  "eval_time_ns": 102.0,
  "gamma": 1.5707963267948966,
  "iteration": 17,
  "robustness": {
    "sigma_1p0": {
      "average_fidelity": 0.9642102584001965,
      "average_gate_fidelity": 0.9552628230002455,
      "fidelity_variance": 0.00030869054168329986,
      "num_samples": 60,
      "sigma_mhz": 1.0
    }
  }
}