{
  "alpha": 2.2,
  "eval_cost": 0.9402153952886421,
  "eval_fidelity": 0.9685591973018668,
  "eval_leakage": 0.0003390852120213935,
  "eval_plan_path": "runs\\cost_function_sweep\\trpo\\a-2p2_bee7464c\\seed_2\\plans\\iter_000005_control_plan.npz",
  "eval_time_ns": 180.0,
  "gamma": 1.5707963267948966,
  "iteration": 5,
  "robustness": {
    "sigma_1p0": {
      "average_fidelity": 0.925342121599535,
      "average_gate_fidelity": 0.9066776519994186,
      "fidelity_variance": 0.001270982706928908,
      "num_samples": 60,
      "sigma_mhz": 1.0
    }
  }
}