{
  "alpha": 2.2,
  "eval_cost": 0.6795305161415571,
  "eval_fidelity": 0.9957141587355232,
  "eval_leakage": 0.0002126774555143405,
  "eval_plan_path": "runs\\cost_function_sweep\\trpo\\a-2p2_bee7464c\\seed_2\\plans\\iter_000003_control_plan.npz",
  "eval_time_ns": 180.0,
  "gamma": 1.5707963267948966,
  "iteration": 3,
  "robustness": {
    "sigma_1p0": {
      "average_fidelity": 0.9434313834547711,
      "average_gate_fidelity": 0.9292892293184639,
      "fidelity_variance": 0.0007543611620388528,
      "num_samples": 60,
      "sigma_mhz": 1.0
    }
  }
}