{
  "alpha": 2.2,
  "eval_cost": 2.9404159498470857,
  "eval_fidelity": 0.7692851901519625,
  "eval_leakage": 9.573453682403446e-05,
  "eval_plan_path": "runs\\cost_function_sweep\\trpo\\a-2p2_bee7464c\\seed_2\\plans\\iter_000001_control_plan.npz",
  "eval_time_ns": 180.0,
  "gamma": 1.5707963267948966,
  "iteration": 1,
  "robustness": {
    "sigma_1p0": {
      "average_fidelity": 0.7827208221091796,
      "average_gate_fidelity": 0.7284010276364746,
      "fidelity_variance": 0.0031419970030801803,
      "num_samples": 60,
      "sigma_mhz": 1.0
    }
  }
}