{
  "alpha": 2.2,
  "eval_cost": 1.2075263976759745,
  "eval_fidelity": 0.973460834021558,
  "eval_leakage": 0.0003332275610005353,
  "eval_plan_path": "runs\\cost_function_sweep\\trpo\\a-2p2_36adba28\\seed_2\\plans\\iter_000005_control_plan.npz",
  "eval_time_ns": 180.0,
  "gamma": 1.5707963267948966,
  "iteration": 5,
  "robustness": {
    "sigma_1p0": {
      "average_fidelity": 0.9291558582203457,
      "average_gate_fidelity": 0.9114448227754325,
      "fidelity_variance": 0.0011541380989107514,
      "num_samples": 60,
      "sigma_mhz": 1.0
    }
  }
}