{
  "alpha": 2.2,
  "eval_cost": 0.7407843290046703,
  "eval_fidelity": 0.9959092836492088,
  "eval_leakage": 0.0001983385096688167,
  "eval_plan_path": "runs\\cost_function_sweep\\trpo\\a-2p2_36adba28\\seed_2\\plans\\iter_000003_control_plan.npz",
  "eval_time_ns": 180.0,
  "gamma": 1.5707963267948966,
  "iteration": 3,
  "robustness": {
    "sigma_1p0": {
      "average_fidelity": 0.9438837615661847,
      "average_gate_fidelity": 0.9298547019577306,
      "fidelity_variance": 0.0007651161418725138,
      "num_samples": 60,
      "sigma_mhz": 1.0
    }
  }
}