{
  "alpha": 2.2,
  "eval_cost": 1.0299139217005178,
  "eval_fidelity": 0.9565168099121211,
  "eval_leakage": 0.0002602758900451267,
  "eval_plan_path": "runs\\cost_function_sweep\\trpo\\a-2p2_7e1ba8ce\\seed_2\\plans\\iter_000004_control_plan.npz",
  "eval_time_ns": 180.0,
  "gamma": 1.5707963267948966,
  "iteration": 4,
  "robustness": {
    "sigma_1p0": {
      "average_fidelity": 0.9158900988658296,
      "average_gate_fidelity": 0.8948626235822872,
      "fidelity_variance": 0.0014195174482945015,
      "num_samples": 60,
      "sigma_mhz": 1.0
    }
  }
}