{
  "alpha": 2.2,
  "eval_cost": 0.4098553560667363,
  "eval_fidelity": 0.993132421610414,
  "eval_leakage": 0.0001986046340195305,
  "eval_plan_path": "runs\\cost_function_sweep\\trpo\\a-2p2_470b266b\\seed_2\\plans\\iter_000003_control_plan.npz",
  "eval_time_ns": 180.0,
  "gamma": 1.5707963267948966,
  "iteration": 3,
  "robustness": {
    "sigma_1p0": {
      "average_fidelity": 0.9402164911158256,
      "average_gate_fidelity": 0.925270613894782,
      "fidelity_variance": 0.0007969899791066155,
      "num_samples": 60,
      "sigma_mhz": 1.0
    }
  }
}