{
  "alpha": 2.2,
  "eval_cost": 0.4498690511670675,
  "eval_fidelity": 0.9925353989804502,
  "eval_leakage": 0.0003100531257528796,
  "eval_plan_path": "runs\\cost_function_sweep\\trpo\\a-2p2_470b266b\\seed_2\\plans\\iter_000005_control_plan.npz",
  "eval_time_ns": 180.0,
  "gamma": 1.5707963267948966,
  "iteration": 5,
  "robustness": {
    "sigma_1p0": {
      "average_fidelity": 0.9422254032726827,
      "average_gate_fidelity": 0.9277817540908532,
      "fidelity_variance": 0.0006229750525804385,
      "num_samples": 60,
      "sigma_mhz": 1.0
    }
  }
}