{
  "alpha": 2.2,
  "eval_cost": 0.3751636628770477,
  "eval_fidelity": 0.9934474906997544,
  "eval_leakage": 0.00025012018649205183,
  "eval_plan_path": "runs\\cost_function_sweep\\trpo\\a-2p2_470b266b\\seed_2\\plans\\iter_000004_control_plan.npz",
  "eval_time_ns": 180.0,
  "gamma": 1.5707963267948966,
  "iteration": 4,
  "robustness": {
    "sigma_1p0": {
      "average_fidelity": 0.9437863542493382,
      "average_gate_fidelity": 0.9297329428116726,
      "fidelity_variance": 0.0006055890456681949,
      "num_samples": 60,
      "sigma_mhz": 1.0
    }
  }
}