{
  "alpha": 1.6,
  "best_horizon_ns": 40.0,
  "gamma": 1.5707963267948966,
  "robustness": {
    "sigma_1p0": {
      "average_fidelity": 0.9883804622744009,
      "average_gate_fidelity": 0.9854755778430011,
      "fidelity_variance": 6.234496995843442e-05,
      "num_samples": 60,
      "sigma_mhz": 1.0
    }
  }
}