{
  "alpha": 2.2,
  "eval_cost": 0.2587755130993753,
  "eval_fidelity": 0.9931995775777901,
  "eval_leakage": 0.00019807423130827236,
  "eval_plan_path": "runs\\cost_function_sweep\\trpo\\a-2p2_8c31322a\\seed_2\\plans\\iter_000003_control_plan.npz",
  "eval_time_ns": 180.0,
  "gamma": 1.5707963267948966,
  "iteration": 3,
  "robustness": {
    "sigma_1p0": {
      "average_fidelity": 0.9402772975192559,
      "average_gate_fidelity": 0.9253466218990697,
      "fidelity_variance": 0.0007956588080352754,
      "num_samples": 60,
      "sigma_mhz": 1.0
    }
  }
}