{
  "alpha": 2.512,
  "eval_cost": 0.9735739262638811,
  "eval_fidelity": 0.9435182733100713,
  "eval_leakage": 0.008672513047100512,
  "eval_plan_path": "runs\\runtime\\gamma_1.570796\\alpha_2.512000\\plans\\iter_000010_control_plan.npz",
  "eval_time_ns": 180.0,
  "gamma": 1.5707963267948966,
  "phase_iter": 10,
  "robustness": {
    "sigma_1p0": {
      "average_fidelity": 0.9111048538404305,
      "average_gate_fidelity": 0.8888810673005381,
      "fidelity_variance": 0.001974828022360889,
      "num_samples": 60,
      "sigma_mhz": 1.0
    }
  }
}