{
  "alpha": 2.512,
  "eval_cost": 0.5438770751119493,
  "eval_fidelity": 0.985968693406937,
  "eval_leakage": 0.008498974087389905,
  "eval_plan_path": "runs\\runtime\\gamma_1.570796\\alpha_2.512000\\plans\\iter_000051_control_plan.npz",
  "eval_time_ns": 180.0,
  "gamma": 1.5707963267948966,
  "phase_iter": 51,
  "robustness": {
    "sigma_1p0": {
      "average_fidelity": 0.9359713767790585,
      "average_gate_fidelity": 0.9199642209738231,
      "fidelity_variance": 0.0006417618206219395,
      "num_samples": 60,
      "sigma_mhz": 1.0
    }
  }
}