{
  "alpha": 2.512,
  "eval_cost": 0.9388281412108391,
  "eval_fidelity": 0.9467204126348627,
  "eval_leakage": 0.008633716385632387,
  "eval_plan_path": "runs\\runtime\\gamma_1.570796\\alpha_2.512000\\plans\\iter_000004_control_plan.npz",
  "eval_time_ns": 180.0,
  "gamma": 1.5707963267948966,
  "phase_iter": 4,
  "robustness": {
    "sigma_1p0": {
      "average_fidelity": 0.9146047560931824,
      "average_gate_fidelity": 0.893255945116478,
      "fidelity_variance": 0.0015590477067856075,
      "num_samples": 60,
      "sigma_mhz": 1.0
    }
  }
}