{
  "alpha": 2.512,
  "eval_cost": 0.7790997362911597,
  "eval_fidelity": 0.9614003375386774,
  "eval_leakage": 0.008628566301869731,
  "eval_plan_path": "runs\\runtime\\gamma_1.570796\\alpha_2.512000\\plans\\iter_000027_control_plan.npz",
  "eval_time_ns": 180.0,
  "gamma": 1.5707963267948966,
  "phase_iter": 27,
  "robustness": {
    "sigma_1p0": {
      "average_fidelity": 0.9201156008240716,
      "average_gate_fidelity": 0.9001445010300893,
      "fidelity_variance": 0.0010834569771282151,
      "num_samples": 60,
      "sigma_mhz": 1.0
    }
  }
}