{
  "alpha": 2.512,
  "eval_cost": 0.610815477674413,
  "eval_fidelity": 0.9783653786921176,
  "eval_leakage": 0.008520294919931778,
  "eval_plan_path": "runs\\runtime\\gamma_1.570796\\alpha_2.512000\\plans\\iter_000042_control_plan.npz",
  "eval_time_ns": 180.0,
  "gamma": 1.5707963267948966,
  "phase_iter": 42,
  "robustness": {
    "sigma_1p0": {
      "average_fidelity": 0.926751473265539,
      "average_gate_fidelity": 0.9084393415819236,
      "fidelity_variance": 0.0010001509929702353,
      "num_samples": 60,
      "sigma_mhz": 1.0
    }
  }
}