{
  "alpha": 2.512,
  "eval_cost": 0.8182490908978244,
  "eval_fidelity": 0.9578402036355874,
  "eval_leakage": 0.008620487708178495,
  "eval_plan_path": "runs\\runtime\\gamma_1.570796\\alpha_2.512000\\plans\\iter_000016_control_plan.npz",
  "eval_time_ns": 180.0,
  "gamma": 1.5707963267948966,
  "phase_iter": 16,
  "robustness": {
    "sigma_1p0": {
      "average_fidelity": 0.9182556193734925,
      "average_gate_fidelity": 0.8978195242168655,
      "fidelity_variance": 0.0011111325262348542,
      "num_samples": 60,
      "sigma_mhz": 1.0
    }
  }
}