{
  "alpha": 2.512,
  "eval_cost": 0.8324921818513533,
  "eval_fidelity": 0.9570419880601422,
  "eval_leakage": 0.008614928563875674,
  "eval_plan_path": "runs\\runtime\\gamma_1.570796\\alpha_2.512000\\plans\\iter_000014_control_plan.npz",
  "eval_time_ns": 180.0,
  "gamma": 1.5707963267948966,
  "phase_iter": 14,
  "robustness": {
    "sigma_1p0": {
      "average_fidelity": 0.9143955855772149,
      "average_gate_fidelity": 0.8929944819715188,
      "fidelity_variance": 0.0011331640228725496,
      "num_samples": 60,
      "sigma_mhz": 1.0
    }
  }
}