{
  "alpha": 2.512,
  "eval_cost": 0.8610166516753653,
  "eval_fidelity": 0.9528021426905458,
  "eval_leakage": 0.008617114579312283,
  "eval_plan_path": "runs\\runtime\\gamma_1.570796\\alpha_2.512000\\plans\\iter_000024_control_plan.npz",
  "eval_time_ns": 180.0,
  "gamma": 1.5707963267948966,
  "phase_iter": 24,
  "robustness": {
    "sigma_1p0": {
      "average_fidelity": 0.9139527381707415,
      "average_gate_fidelity": 0.8924409227134269,
      "fidelity_variance": 0.0010373950364441819,
      "num_samples": 60,
      "sigma_mhz": 1.0
    }
  }
}