{
  "alpha": 2.512,
  "eval_cost": 0.806901955961314,
  "eval_fidelity": 0.9591498602929726,
  "eval_leakage": 0.00859782086061987,
  "eval_plan_path": "runs\\runtime\\gamma_1.570796\\alpha_2.512000\\plans\\iter_000013_control_plan.npz",
  "eval_time_ns": 180.0,
  "gamma": 1.5707963267948966,
  "phase_iter": 13,
  "robustness": {
    "sigma_1p0": {
      "average_fidelity": 0.9212142612474689,
      "average_gate_fidelity": 0.9015178265593359,
      "fidelity_variance": 0.0013837357322043719,
      "num_samples": 60,
      "sigma_mhz": 1.0
    }
  }
}