{
  "alpha": 2.512,
  "eval_cost": 0.6628008895005795,
  "eval_fidelity": 0.9731495316544538,
  "eval_leakage": 0.008575940256348032,
  "eval_plan_path": "runs\\runtime\\gamma_1.570796\\alpha_2.512000\\plans\\iter_000036_control_plan.npz",
  "eval_time_ns": 180.0,
  "gamma": 1.5707963267948966,
  "phase_iter": 36,
  "robustness": {
    "sigma_1p0": {
      "average_fidelity": 0.9290288296496487,
      "average_gate_fidelity": 0.9112860370620607,
      "fidelity_variance": 0.0012713780556505092,
      "num_samples": 60,
      "sigma_mhz": 1.0
    }
  }
}