{
  "alpha": 2.512,
  "eval_cost": 0.3990961876273884,
  "eval_fidelity": 0.9918550634743656,
  "eval_leakage": 0.0062967791254027634,
  "eval_plan_path": "runs\\runtime\\gamma_1.570796\\alpha_2.512000\\plans\\iter_000053_control_plan.npz",
  "eval_time_ns": 136.0,
  "gamma": 1.5707963267948966,
  "phase_iter": 53,
  "robustness": {
    "sigma_1p0": {
      "average_fidelity": 0.9567186794583885,
      "average_gate_fidelity": 0.9458983493229854,
      "fidelity_variance": 0.00028928915968129946,
      "num_samples": 60,
      "sigma_mhz": 1.0
    }
  }
}