{
  "alpha": 2.512,
  "eval_cost": 0.8911279040317174,
  "eval_fidelity": 0.9522622733839541,
  "eval_leakage": 0.008602855852027967,
  "eval_plan_path": "runs\\runtime\\gamma_1.570796\\alpha_2.512000\\plans\\iter_000006_control_plan.npz",
  "eval_time_ns": 180.0,
  "gamma": 1.5707963267948966,
  "phase_iter": 6,
  "robustness": {
    "sigma_1p0": {
      "average_fidelity": 0.9115364329136973,
      "average_gate_fidelity": 0.8894205411421219,
      "fidelity_variance": 0.0014515964517005742,
      "num_samples": 60,
      "sigma_mhz": 1.0
    }
  }
}