{
  "alpha": 2.512,
  "eval_cost": 0.8260832418379978,
  "eval_fidelity": 0.957218038487842,
  "eval_leakage": 0.008656476548542973,
  "eval_plan_path": "runs\\runtime\\gamma_1.570796\\alpha_2.512000\\plans\\iter_000026_control_plan.npz",
  "eval_time_ns": 180.0,
  "gamma": 1.5707963267948966,
  "phase_iter": 26,
  "robustness": {
    "sigma_1p0": {
      "average_fidelity": 0.9136044675773631,
      "average_gate_fidelity": 0.892005584471704,
      "fidelity_variance": 0.0011052733041331724,
      "num_samples": 60,
      "sigma_mhz": 1.0
    }
  }
}