{
  "alpha": 2.512,
  "eval_cost": 0.6141273584517216,
  "eval_fidelity": 0.9788082431356518,
  "eval_leakage": 0.008549034868417406,
  "eval_plan_path": "runs\\runtime\\gamma_1.570796\\alpha_2.512000\\plans\\iter_000043_control_plan.npz",
  "eval_time_ns": 180.0,
  "gamma": 1.5707963267948966,
  "phase_iter": 43,
  "robustness": {
    "sigma_1p0": {
      "average_fidelity": 0.9351372878319322,
      "average_gate_fidelity": 0.9189216097899153,
      "fidelity_variance": 0.0007535897621972142,
      "num_samples": 60,
      "sigma_mhz": 1.0
    }
  }
}