{
  "alpha": 2.512,
  "eval_cost": 0.669250777392538,
  "eval_fidelity": 0.9726485154369148,
  "eval_leakage": 0.008557374336433882,
  "eval_plan_path": "runs\\runtime\\gamma_1.570796\\alpha_2.512000\\plans\\iter_000034_control_plan.npz",
  "eval_time_ns": 180.0,
  "gamma": 1.5707963267948966,
  "phase_iter": 34,
  "robustness": {
    "sigma_1p0": {
      "average_fidelity": 0.9279292895246963,
      "average_gate_fidelity": 0.9099116119058704,
      "fidelity_variance": 0.0013192107921373018,
      "num_samples": 60,
      "sigma_mhz": 1.0
    }
  }
}