{
  "alpha": 2.512,
  "eval_cost": 0.6518180311872781,
  "eval_fidelity": 0.9746033118141255,
  "eval_leakage": 0.008573909830815804,
  "eval_plan_path": "runs\\runtime\\gamma_1.570796\\alpha_2.512000\\plans\\iter_000040_control_plan.npz",
  "eval_time_ns": 180.0,
  "gamma": 1.5707963267948966,
  "phase_iter": 40,
  "robustness": {
    "sigma_1p0": {
      "average_fidelity": 0.9323052921289228,
      "average_gate_fidelity": 0.9153816151611535,
      "fidelity_variance": 0.0007628447193188772,
      "num_samples": 60,
      "sigma_mhz": 1.0
    }
  }
}