{
  "alpha": 2.512,
  "eval_cost": 0.7489430195684423,
  "eval_fidelity": 0.9657169822272168,
  "eval_leakage": 0.008610081075614798,
  "eval_plan_path": "runs\\runtime\\gamma_1.570796\\alpha_2.512000\\plans\\iter_000031_control_plan.npz",
  "eval_time_ns": 180.0,
  "gamma": 1.5707963267948966,
  "phase_iter": 31,
  "robustness": {
    "sigma_1p0": {
      "average_fidelity": 0.9250178511491169,
      "average_gate_fidelity": 0.9062723139363961,
      "fidelity_variance": 0.0009662926423619963,
      "num_samples": 60,
      "sigma_mhz": 1.0
    }
  }
}