{
  "alpha": 2.512,
  "eval_cost": 0.5796932210008334,
  "eval_fidelity": 0.9821870419985597,
  "eval_leakage": 0.008464061305737406,
  "eval_plan_path": "runs\\runtime\\gamma_1.570796\\alpha_2.512000\\plans\\iter_000048_control_plan.npz",
  "eval_time_ns": 180.0,
  "gamma": 1.5707963267948966,
  "phase_iter": 48,
  "robustness": {
    "sigma_1p0": {
      "average_fidelity": 0.9395060127140831,
      "average_gate_fidelity": 0.9243825158926037,
      "fidelity_variance": 0.0005693532805228816,
      "num_samples": 60,
      "sigma_mhz": 1.0
    }
  }
}