{
  "alpha": 2.512,
  "eval_cost": 0.8614841091813613,
  "eval_fidelity": 0.954650694044881,
  "eval_leakage": 0.008603235546365686,
  "eval_plan_path": "runs\\runtime\\gamma_1.570796\\alpha_2.512000\\plans\\iter_000009_control_plan.npz",
  "eval_time_ns": 180.0,
  "gamma": 1.5707963267948966,
  "phase_iter": 9,
  "robustness": {
    "sigma_1p0": {
      "average_fidelity": 0.9141533962519294,
      "average_gate_fidelity": 0.8926917453149118,
      "fidelity_variance": 0.0013490261934031543,
      "num_samples": 60,
      "sigma_mhz": 1.0
    }
  }
}