{
  "alpha": 2.512,
  "eval_cost": 0.8555298155505049,
  "eval_fidelity": 0.9543236972032032,
  "eval_leakage": 0.008649553333863757,
  "eval_plan_path": "runs\\runtime\\gamma_1.570796\\alpha_2.512000\\plans\\iter_000011_control_plan.npz",
  "eval_time_ns": 180.0,
  "gamma": 1.5707963267948966,
  "phase_iter": 11,
  "robustness": {
    "sigma_1p0": {
      "average_fidelity": 0.9115925719214935,
      "average_gate_fidelity": 0.8894907149018667,
      "fidelity_variance": 0.0017190593209317712,
      "num_samples": 60,
      "sigma_mhz": 1.0
    }
  }
}