{
  "alpha": 2.512,
  "eval_cost": 0.7264431996685491,
  "eval_fidelity": 0.967395020769554,
  "eval_leakage": 0.008589995828235808,
  "eval_plan_path": "runs\\runtime\\gamma_1.570796\\alpha_2.512000\\plans\\iter_000032_control_plan.npz",
  "eval_time_ns": 180.0,
  "gamma": 1.5707963267948966,
  "phase_iter": 32,
  "robustness": {
    "sigma_1p0": {
      "average_fidelity": 0.9247781023638076,
      "average_gate_fidelity": 0.9059726279547593,
      "fidelity_variance": 0.0012383103499800123,
      "num_samples": 60,
      "sigma_mhz": 1.0
    }
  }
}