{
  "alpha": 2.512,
  "eval_cost": 0.8363736155835513,
  "eval_fidelity": 0.9554753522540445,
  "eval_leakage": 0.00862000888350038,
  "eval_plan_path": "runs\\runtime\\gamma_1.570796\\alpha_2.512000\\plans\\iter_000022_control_plan.npz",
  "eval_time_ns": 180.0,
  "gamma": 1.5707963267948966,
  "phase_iter": 22,
  "robustness": {
    "sigma_1p0": {
      "average_fidelity": 0.9115376234531323,
      "average_gate_fidelity": 0.8894220293164151,
      "fidelity_variance": 0.0009148691468439574,
      "num_samples": 60,
      "sigma_mhz": 1.0
    }
  }
}