{
  "alpha": 2.512,
  "eval_cost": 0.6751427006680347,
  "eval_fidelity": 0.9719459877097841,
  "eval_leakage": 0.008560885189034634,
  "eval_plan_path": "runs\\runtime\\gamma_1.570796\\alpha_2.512000\\plans\\iter_000035_control_plan.npz",
  "eval_time_ns": 180.0,
  "gamma": 1.5707963267948966,
  "phase_iter": 35,
  "robustness": {
    "sigma_1p0": {
      "average_fidelity": 0.927995117187924,
      "average_gate_fidelity": 0.9099938964849049,
      "fidelity_variance": 0.0009027211341552202,
      "num_samples": 60,
      "sigma_mhz": 1.0
    }
  }
}