{
  "alpha": 2.512,
  "eval_cost": 0.884474113433925,
  "eval_fidelity": 0.9516683044755289,
  "eval_leakage": 0.008664367960505234,
  "eval_plan_path": "runs\\runtime\\gamma_1.570796\\alpha_2.512000\\plans\\iter_000012_control_plan.npz",
  "eval_time_ns": 180.0,
  "gamma": 1.5707963267948966,
  "phase_iter": 12,
  "robustness": {
    "sigma_1p0": {
      "average_fidelity": 0.9148460007439154,
      "average_gate_fidelity": 0.8935575009298943,
      "fidelity_variance": 0.0009761960868073749,
      "num_samples": 60,
      "sigma_mhz": 1.0
    }
  }
}