{
  "alpha": 2.512,
  "eval_cost": 0.6524683063529645,
  "eval_fidelity": 0.9740770672965616,
  "eval_leakage": 0.00858736541873509,
  "eval_plan_path": "runs\\runtime\\gamma_1.570796\\alpha_2.512000\\plans\\iter_000038_control_plan.npz",
  "eval_time_ns": 180.0,
  "gamma": 1.5707963267948966,
  "phase_iter": 38,
  "robustness": {
    "sigma_1p0": {
      "average_fidelity": 0.928000340455716,
      "average_gate_fidelity": 0.9100004255696449,
      "fidelity_variance": 0.0011971981315361438,
      "num_samples": 60,
      "sigma_mhz": 1.0
    }
  }
}