{
  "alpha": 2.512,
  "eval_cost": 0.6153669544263591,
  "eval_fidelity": 0.9794933731488386,
  "eval_leakage": 0.008563385652566141,
  "eval_plan_path": "runs\\runtime\\gamma_1.570796\\alpha_2.512000\\plans\\iter_000044_control_plan.npz",
  "eval_time_ns": 180.0,
  "gamma": 1.5707963267948966,
  "phase_iter": 44,
  "robustness": {
    "sigma_1p0": {
      "average_fidelity": 0.9352214482597516,
      "average_gate_fidelity": 0.9190268103246898,
      "fidelity_variance": 0.0009108123740286237,
      "num_samples": 60,
      "sigma_mhz": 1.0
    }
  }
}