{
  "alpha": 2.512,
  "eval_cost": 0.8883819822416913,
  "eval_fidelity": 0.9525936846132195,
  "eval_leakage": 0.008602890375781177,
  "eval_plan_path": "runs\\runtime\\gamma_1.570796\\alpha_2.512000\\plans\\iter_000008_control_plan.npz",
  "eval_time_ns": 180.0,
  "gamma": 1.5707963267948966,
  "phase_iter": 8,
  "robustness": {
    "sigma_1p0": {
      "average_fidelity": 0.9238521726933743,
      "average_gate_fidelity": 0.9048152158667179,
      "fidelity_variance": 0.0011974824111310662,
      "num_samples": 60,
      "sigma_mhz": 1.0
    }
  }
}