{
  "alpha": 2.512,
  "eval_cost": 0.8253588591647463,
  "eval_fidelity": 0.9568302301604643,
  "eval_leakage": 0.008649468796386745,
  "eval_plan_path": "runs\\runtime\\gamma_1.570796\\alpha_2.512000\\plans\\iter_000025_control_plan.npz",
  "eval_time_ns": 180.0,
  "gamma": 1.5707963267948966,
  "phase_iter": 25,
  "robustness": {
    "sigma_1p0": {
      "average_fidelity": 0.9265928172558227,
      "average_gate_fidelity": 0.9082410215697785,
      "fidelity_variance": 0.0010535652677517216,
      "num_samples": 60,
      "sigma_mhz": 1.0
    }
  }
}