{
  "alpha": 2.512,
  "eval_cost": 0.7028860828510364,
  "eval_fidelity": 0.9693353519950169,
  "eval_leakage": 0.00858293041068612,
  "eval_plan_path": "runs\\runtime\\gamma_1.570796\\alpha_2.512000\\plans\\iter_000033_control_plan.npz",
  "eval_time_ns": 180.0,
  "gamma": 1.5707963267948966,
  "phase_iter": 33,
  "robustness": {
    "sigma_1p0": {
      "average_fidelity": 0.9319874005502226,
      "average_gate_fidelity": 0.9149842506877783,
      "fidelity_variance": 0.0009501178894048459,
      "num_samples": 60,
      "sigma_mhz": 1.0
    }
  }
}