{
  "alpha": 2.512,
  "eval_cost": 0.9665983373720501,
  "eval_fidelity": 0.9450307528193143,
  "eval_leakage": 0.008672172440504191,
  "eval_plan_path": "runs\\runtime\\gamma_1.570796\\alpha_2.512000\\plans\\iter_000005_control_plan.npz",
  "eval_time_ns": 180.0,
  "gamma": 1.5707963267948966,
  "phase_iter": 5,
  "robustness": {
    "sigma_1p0": {
      "average_fidelity": 0.9114981539491066,
      "average_gate_fidelity": 0.8893726924363833,
      "fidelity_variance": 0.0014798776910333673,
      "num_samples": 60,
      "sigma_mhz": 1.0
    }
  }
}