{
  "alpha": 2.512,
  "eval_cost": 0.8292729081754489,
  "eval_fidelity": 0.956841656144444,
  "eval_leakage": 0.008662921421059967,
  "eval_plan_path": "runs\\runtime\\gamma_1.570796\\alpha_2.512000\\plans\\iter_000019_control_plan.npz",
  "eval_time_ns": 180.0,
  "gamma": 1.5707963267948966,
  "phase_iter": 19,
  "robustness": {
    "sigma_1p0": {
      "average_fidelity": 0.914211481411245,
      "average_gate_fidelity": 0.8927643517640561,
      "fidelity_variance": 0.0013796832496678318,
      "num_samples": 60,
      "sigma_mhz": 1.0
    }
  }
}