{
  "alpha": 2.512,
  "eval_cost": 0.652355951195447,
  "eval_fidelity": 0.97426006991196,
  "eval_leakage": 0.008575423773908604,
  "eval_plan_path": "runs\\runtime\\gamma_1.570796\\alpha_2.512000\\plans\\iter_000039_control_plan.npz",
  "eval_time_ns": 180.0,
  "gamma": 1.5707963267948966,
  "phase_iter": 39,
  "robustness": {
    "sigma_1p0": {
      "average_fidelity": 0.9311628385852121,
      "average_gate_fidelity": 0.9139535482315149,
      "fidelity_variance": 0.0011638447326945555,
      "num_samples": 60,
      "sigma_mhz": 1.0
    }
  }
}