{
  "alpha": "2.2",
  "best_eval_cost_max": 0.3608738188021834,
  "best_eval_cost_mean": 0.35835249870624764,
  "best_eval_cost_min": 0.35635936222937836,
  "best_eval_cost_std": 0.001880480964810726,
  "best_eval_fidelity_max": 0.9962439324792479,
  "best_eval_fidelity_mean": 0.9941261616710744,
  "best_eval_fidelity_min": 0.9910495227135901,
  "best_eval_fidelity_std": 0.002226363896463195,
  "best_eval_leakage_max": 0.0004869818030718763,
  "best_eval_leakage_mean": 0.0004045495969582786,
  "best_eval_leakage_min": 0.00034050431543862497,
  "best_eval_leakage_std": 6.119625719957532e-05,
  "best_eval_time_ns_max": 110.0,
  "best_eval_time_ns_mean": 106.66666666666667,
  "best_eval_time_ns_min": 102.0,
  "best_eval_time_ns_std": 3.39934634239519,
  "config_id": "a-2p2_da5e9390",
  "cost_beta": 10.0,
  "cost_chi": 10.0,
  "cost_kappa": 0.1,
  "cost_mu": 0.2,
  "dt_ns": 2.0,
  "gamma": "pi/2",
  "hidden_sizes": "64-64-64",
  "init_log_std": -1.0,
  "max_kl": 0.01,
  "max_time_ns": 180.0,
  "mode": "trpo",
  "num_runs": 3,
  "primary_metric_max": 0.3608738188021834,
  "primary_metric_mean": 0.35835249870624764,
  "primary_metric_min": 0.35635936222937836,
  "primary_metric_std": 0.001880480964810726,
  "termination_cost": 0.4
}