{
  "alpha": 2.2,
  "eval_cost": 1.4047557302522051,
  "eval_fidelity": 0.8450656329285665,
  "eval_leakage": 0.00019148825553380085,
  "eval_plan_path": "runs\\cost_function_sweep\\trpo\\a-2p2_99e68da7\\seed_2\\plans\\iter_000005_control_plan.npz",
  "eval_time_ns": 180.0,
  "gamma": 1.5707963267948966,
  "iteration": 5,
  "robustness": {
    "sigma_1p0": {
      "average_fidelity": 0.8296353346586738,
      "average_gate_fidelity": 0.7870441683233421,
      "fidelity_variance": 0.003318988860497479,
      "num_samples": 60,
      "sigma_mhz": 1.0
    }
  }
}