{
  "alpha": 2.2,
  "eval_cost": 1.3622483250968331,
  "eval_fidelity": 0.7644842900317876,
  "eval_leakage": 0.00011716259737104823,
  "eval_plan_path": "runs\\cost_function_sweep\\trpo\\a-2p2__g-pi_2__kl-0p005__tc-0p15__std-m1p0__dt-2p0__mt-180p0__chi-5p0__beta-10p0__mu-0p1__kappa-0p05\\seed_1\\plans\\iter_000001_control_plan.npz",
  "eval_time_ns": 180.0,
  "gamma": 1.5707963267948966,
  "iteration": 1,
  "robustness": {
    "sigma_1p0": {
      "average_fidelity": 0.7754996813418953,
      "average_gate_fidelity": 0.719374601677369,
      "fidelity_variance": 0.004646803266489257,
      "num_samples": 60,
      "sigma_mhz": 1.0
    }
  }
}