{
  "alpha": 2.2,
  "eval_cost": 0.31776980478794303,
  "eval_fidelity": 0.9946534283730907,
  "eval_leakage": 0.00018467650417408886,
  "eval_plan_path": "runs\\cost_function_sweep\\trpo\\a-2p2_7dd94fd1\\seed_2\\plans\\iter_000003_control_plan.npz",
  "eval_time_ns": 180.0,
  "gamma": 1.5707963267948966,
  "iteration": 3,
  "robustness": {
    "sigma_1p0": {
      "average_fidelity": 0.9416054970496106,
      "average_gate_fidelity": 0.9270068713120133,
      "fidelity_variance": 0.0007669292734361301,
      "num_samples": 60,
      "sigma_mhz": 1.0
    }
  }
}