{
  "alpha": 2.2,
  "eval_cost": 0.36617846109510443,
  "eval_fidelity": 0.9896247927294164,
  "eval_leakage": 0.000489136167934471,
  "eval_plan_path": "runs\\nn_size_sweep\\trpo\\a-2p2_22d48190\\seed_2\\plans\\iter_000018_control_plan.npz",
  "eval_time_ns": 102.0,
  "gamma": 1.5707963267948966,
  "iteration": 18,
  "robustness": {
    "sigma_1p0": {
      "average_fidelity": 0.9621132410974913,
      "average_gate_fidelity": 0.9526415513718641,
      "fidelity_variance": 0.0003628916775846377,
      "num_samples": 60,
      "sigma_mhz": 1.0
    }
  }
}