{
  "alpha": 2.2,
  "eval_cost": 0.3827540335095596,
  "eval_fidelity": 0.9946332239777504,
  "eval_leakage": 0.00031879483883265965,
  "eval_plan_path": "runs\\nn_size_sweep\\trpo\\a-2p2_22d48190\\seed_2\\plans\\iter_000008_control_plan.npz",
  "eval_time_ns": 112.0,
  "gamma": 1.5707963267948966,
  "iteration": 8,
  "robustness": {
    "sigma_1p0": {
      "average_fidelity": 0.9652257103204356,
      "average_gate_fidelity": 0.9565321379005444,
      "fidelity_variance": 0.0002645023736891598,
      "num_samples": 60,
      "sigma_mhz": 1.0
    }
  }
}