{
  "alpha": 2.2,
  "eval_cost": 0.3715213064674584,
  "eval_fidelity": 0.9966471952769875,
  "eval_leakage": 0.0002671214427246478,
  "eval_plan_path": "runs\\nn_size_sweep\\trpo\\a-2p2_22d48190\\seed_2\\plans\\iter_000006_control_plan.npz",
  "eval_time_ns": 120.0,
  "gamma": 1.5707963267948966,
  "iteration": 6,
  "robustness": {
    "sigma_1p0": {
      "average_fidelity": 0.9629527862610608,
      "average_gate_fidelity": 0.9536909828263264,
      "fidelity_variance": 0.00021214062831697756,
      "num_samples": 60,
      "sigma_mhz": 1.0
    }
  }
}