{
  "alpha": 2.2,
  "eval_cost": 0.3780950481977602,
  "eval_fidelity": 0.9920093033019238,
  "eval_leakage": 0.000469230985473581,
  "eval_plan_path": "runs\\nn_size_sweep\\trpo\\a-2p2_22d48190\\seed_2\\plans\\iter_000016_control_plan.npz",
  "eval_time_ns": 102.0,
  "gamma": 1.5707963267948966,
  "iteration": 16,
  "robustness": {
    "sigma_1p0": {
      "average_fidelity": 0.9626715829357739,
      "average_gate_fidelity": 0.9533394786697174,
      "fidelity_variance": 0.00031568065089935323,
      "num_samples": 60,
      "sigma_mhz": 1.0
    }
  }
}