{
  "alpha": 2.2,
  "eval_cost": 0.3763589482005994,
  "eval_fidelity": 0.992743628939137,
  "eval_leakage": 0.00035528696697344724,
  "eval_plan_path": "runs\\nn_size_sweep\\trpo\\a-2p2_22d48190\\seed_2\\plans\\iter_000012_control_plan.npz",
  "eval_time_ns": 106.0,
  "gamma": 1.5707963267948966,
  "iteration": 12,
  "robustness": {
    "sigma_1p0": {
      "average_fidelity": 0.9648499882970267,
      "average_gate_fidelity": 0.9560624853712832,
      "fidelity_variance": 0.00027362154959335416,
      "num_samples": 60,
      "sigma_mhz": 1.0
    }
  }
}