{
  "alpha": 2.2,
  "eval_cost": 0.5271777922203369,
  "eval_fidelity": 0.9868544821062315,
  "eval_leakage": 0.0003094634531776883,
  "eval_plan_path": "runs\\nn_size_sweep\\trpo\\a-2p2_22d48190\\seed_2\\plans\\iter_000002_control_plan.npz",
  "eval_time_ns": 180.0,
  "gamma": 1.5707963267948966,
  "iteration": 2,
  "robustness": {
    "sigma_1p0": {
      "average_fidelity": 0.9362051750686282,
      "average_gate_fidelity": 0.9202564688357853,
      "fidelity_variance": 0.0007875990185055465,
      "num_samples": 60,
      "sigma_mhz": 1.0
    }
  }
}