{
  "alpha": 2.2,
  "eval_cost": 0.35858946544516235,
  "eval_fidelity": 0.9956521950069569,
  "eval_leakage": 0.0003266985424525792,
  "eval_plan_path": "runs\\nn_size_sweep\\trpo\\a-2p2_22d48190\\seed_2\\plans\\iter_000010_control_plan.npz",
  "eval_time_ns": 108.0,
  "gamma": 1.5707963267948966,
  "iteration": 10,
  "robustness": {
    "sigma_1p0": {
      "average_fidelity": 0.9654763251957967,
      "average_gate_fidelity": 0.956845406494746,
      "fidelity_variance": 0.0003974631717192327,
      "num_samples": 60,
      "sigma_mhz": 1.0
    }
  }
}