{
  "alpha": 2.2,
  "eval_cost": 2.185190471999746,
  "eval_fidelity": 0.8180894184875284,
  "eval_leakage": 0.00021174132600571783,
  "eval_plan_path": "runs\\nn_size_sweep\\trpo\\a-2p2_22d48190\\seed_2\\plans\\iter_000001_control_plan.npz",
  "eval_time_ns": 180.0,
  "gamma": 1.5707963267948966,
  "iteration": 1,
  "robustness": {
    "sigma_1p0": {
      "average_fidelity": 0.8184527702287024,
      "average_gate_fidelity": 0.7730659627858781,
      "fidelity_variance": 0.002677538346498051,
      "num_samples": 60,
      "sigma_mhz": 1.0
    }
  }
}