{
  "alpha": 2.2,
  "eval_cost": 0.3677751342696664,
  "eval_fidelity": 0.9978333403997022,
  "eval_leakage": 0.0003152989369888156,
  "eval_plan_path": "runs\\nn_size_sweep\\trpo\\a-2p2_22d48190\\seed_2\\plans\\iter_000007_control_plan.npz",
  "eval_time_ns": 114.0,
  "gamma": 1.5707963267948966,
  "iteration": 7,
  "robustness": {
    "sigma_1p0": {
      "average_fidelity": 0.9648657224735342,
      "average_gate_fidelity": 0.9560821530919178,
      "fidelity_variance": 0.00024153829286637803,
      "num_samples": 60,
      "sigma_mhz": 1.0
    }
  }
}