{
  "alpha": 2.2,
  "eval_cost": 0.3572918182806921,
  "eval_fidelity": 0.994107565342589,
  "eval_leakage": 0.00038662853459848465,
  "eval_plan_path": "runs\\nn_size_sweep\\trpo\\a-2p2_22d48190\\seed_2\\plans\\iter_000013_control_plan.npz",
  "eval_time_ns": 106.0,
  "gamma": 1.5707963267948966,
  "iteration": 13,
  "robustness": {
    "sigma_1p0": {
      "average_fidelity": 0.9646096079588097,
      "average_gate_fidelity": 0.9557620099485116,
      "fidelity_variance": 0.0003134647867075072,
      "num_samples": 60,
      "sigma_mhz": 1.0
    }
  }
}