{
  "alpha": 2.2,
  "eval_cost": 0.39140078191435923,
  "eval_fidelity": 0.9984732005571316,
  "eval_leakage": 0.0002709265785079076,
  "eval_plan_path": "runs\\nn_size_sweep\\trpo\\a-2p2_22d48190\\seed_2\\plans\\iter_000005_control_plan.npz",
  "eval_time_ns": 126.0,
  "gamma": 1.5707963267948966,
  "iteration": 5,
  "robustness": {
    "sigma_1p0": {
      "average_fidelity": 0.9657261512344935,
      "average_gate_fidelity": 0.9571576890431168,
      "fidelity_variance": 0.0002643158504665206,
      "num_samples": 60,
      "sigma_mhz": 1.0
    }
  }
}