{
  "alpha": 2.2,
  "eval_cost": 0.3915582578246993,
  "eval_fidelity": 0.9886494370515433,
  "eval_leakage": 0.000491752645479625,
  "eval_plan_path": "runs\\nn_size_sweep\\trpo\\a-2p2_22d48190\\seed_2\\plans\\iter_000020_control_plan.npz",
  "eval_time_ns": 100.0,
  "gamma": 1.5707963267948966,
  "iteration": 20,
  "robustness": {
    "sigma_1p0": {
      "average_fidelity": 0.9637778455552048,
      "average_gate_fidelity": 0.954722306944006,
      "fidelity_variance": 0.00028165912388255246,
      "num_samples": 60,
      "sigma_mhz": 1.0
    }
  }
}