{
  "alpha": 2.3,
  "best_horizon_ns": 70.0,
  "gamma": 1.5707963267948966,
  "robustness": {
    "sigma_1p0": {
      "average_fidelity": 0.9785360637596059,
      "average_gate_fidelity": 0.9731700796995072,
      "fidelity_variance": 7.845020523175e-05,
      "num_samples": 60,
      "sigma_mhz": 1.0
    }
  }
}