{
  "alpha": 2.983,
  "eval_cost": 1.2725729240700585,
  "eval_fidelity": 0.9436740649571991,
  "eval_leakage": 0.008335981010084257,
  "eval_plan_path": "runs\\runtime\\gamma_1.570796\\alpha_2.983000\\plans\\iter_000103_control_plan.npz",
  "eval_time_ns": 180.0,
  "gamma": 1.5707963267948966,
  "phase_iter": 103,
  "robustness": {
    "sigma_1p0": {
      "average_fidelity": 0.9058481762974367,
      "average_gate_fidelity": 0.882310220371796,
      "fidelity_variance": 0.0013104360254626338,
      "num_samples": 60,
      "sigma_mhz": 1.0
    }
  }
}