{
  "alpha": 2.983,
  "eval_cost": 0.7820380845463005,
  "eval_fidelity": 0.9653994953576464,
  "eval_leakage": 0.00775925802682526,
  "eval_plan_path": "runs\\runtime\\gamma_1.570796\\alpha_2.983000\\plans\\iter_000005_control_plan.npz",
  "eval_time_ns": 180.0,
  "gamma": 1.5707963267948966,
  "phase_iter": 5,
  "robustness": {
    "sigma_1p0": {
      "average_fidelity": 0.9235748363018481,
      "average_gate_fidelity": 0.9044685453773103,
      "fidelity_variance": 0.0010564495959699317,
      "num_samples": 60,
      "sigma_mhz": 1.0
    }
  }
}