{
  "alpha": 2.983,
  "eval_cost": 0.9434556106981256,
  "eval_fidelity": 0.9454986830645564,
  "eval_leakage": 0.008162405540734186,
  "eval_plan_path": "runs\\runtime\\gamma_1.570796\\alpha_2.983000\\plans\\iter_000020_control_plan.npz",
  "eval_time_ns": 180.0,
  "gamma": 1.5707963267948966,
  "phase_iter": 20,
  "robustness": {
    "sigma_1p0": {
      "average_fidelity": 0.9098586278377241,
      "average_gate_fidelity": 0.887323284797155,
      "fidelity_variance": 0.0011105631796211892,
      "num_samples": 60,
      "sigma_mhz": 1.0
    }
  }
}