{
  "alpha": 2.983,
  "eval_cost": 1.1655603930409297,
  "eval_fidelity": 0.9535955451384489,
  "eval_leakage": 0.008688890446971227,
  "eval_plan_path": "runs\\runtime\\gamma_1.570796\\alpha_2.983000\\plans\\iter_000087_control_plan.npz",
  "eval_time_ns": 180.0,
  "gamma": 1.5707963267948966,
  "phase_iter": 87,
  "robustness": {
    "sigma_1p0": {
      "average_fidelity": 0.9106306631730914,
      "average_gate_fidelity": 0.8882883289663641,
      "fidelity_variance": 0.0008186121821593771,
      "num_samples": 60,
      "sigma_mhz": 1.0
    }
  }
}