{
  "alpha": 2.983,
  "eval_cost": 1.3567534939289396,
  "eval_fidelity": 0.9340427965209204,
  "eval_leakage": 0.008178119177143273,
  "eval_plan_path": "runs\\runtime\\gamma_1.570796\\alpha_2.983000\\plans\\iter_000111_control_plan.npz",
  "eval_time_ns": 180.0,
  "gamma": 1.5707963267948966,
  "phase_iter": 111,
  "robustness": {
    "sigma_1p0": {
      "average_fidelity": 0.9010468279023578,
      "average_gate_fidelity": 0.8763085348779476,
      "fidelity_variance": 0.001013466372959509,
      "num_samples": 60,
      "sigma_mhz": 1.0
    }
  }
}