{
  "alpha": 2.983,
  "eval_cost": 1.0361956996508233,
  "eval_fidelity": 0.935454057562735,
  "eval_leakage": 0.0074963955471167385,
  "eval_plan_path": "runs\\runtime\\gamma_1.570796\\alpha_2.983000\\plans\\iter_000002_control_plan.npz",
  "eval_time_ns": 180.0,
  "gamma": 1.5707963267948966,
  "phase_iter": 2,
  "robustness": {
    "sigma_1p0": {
      "average_fidelity": 0.8955392580333346,
      "average_gate_fidelity": 0.8694240725416683,
      "fidelity_variance": 0.0018088563630335977,
      "num_samples": 60,
      "sigma_mhz": 1.0
    }
  }
}