{
  "alpha": 2.983,
  "eval_cost": 0.9080112059791995,
  "eval_fidelity": 0.9567698845433625,
  "eval_leakage": 0.008910875924766028,
  "eval_plan_path": "runs\\runtime\\gamma_1.570796\\alpha_2.983000\\plans\\iter_000054_control_plan.npz",
  "eval_time_ns": 180.0,
  "gamma": 1.5707963267948966,
  "phase_iter": 54,
  "robustness": {
    "sigma_1p0": {
      "average_fidelity": 0.9113700326729923,
      "average_gate_fidelity": 0.8892125408412404,
      "fidelity_variance": 0.0009873776757100977,
      "num_samples": 60,
      "sigma_mhz": 1.0
    }
  }
}