{
  "alpha": 2.983,
  "eval_cost": 1.0066951051346646,
  "eval_fidelity": 0.9601794834125146,
  "eval_leakage": 0.008861618473556892,
  "eval_plan_path": "runs\\runtime\\gamma_1.570796\\alpha_2.983000\\plans\\iter_000074_control_plan.npz",
  "eval_time_ns": 180.0,
  "gamma": 1.5707963267948966,
  "phase_iter": 74,
  "robustness": {
    "sigma_1p0": {
      "average_fidelity": 0.917669445420811,
      "average_gate_fidelity": 0.8970868067760136,
      "fidelity_variance": 0.0010017125075851136,
      "num_samples": 60,
      "sigma_mhz": 1.0
    }
  }
}