{
  "alpha": 2.983,
  "eval_cost": 1.029084599844226,
  "eval_fidelity": 0.9592810674368962,
  "eval_leakage": 0.008823741293170406,
  "eval_plan_path": "runs\\runtime\\gamma_1.570796\\alpha_2.983000\\plans\\iter_000076_control_plan.npz",
  "eval_time_ns": 180.0,
  "gamma": 1.5707963267948966,
  "phase_iter": 76,
  "robustness": {
    "sigma_1p0": {
      "average_fidelity": 0.9226329431371769,
      "average_gate_fidelity": 0.9032911789214709,
      "fidelity_variance": 0.0007780045601293945,
      "num_samples": 60,
      "sigma_mhz": 1.0
    }
  }
}