{
  "alpha": 2.983,
  "eval_cost": 0.8784637441216832,
  "eval_fidelity": 0.9621052851028188,
  "eval_leakage": 0.009005417047911055,
  "eval_plan_path": "runs\\runtime\\gamma_1.570796\\alpha_2.983000\\plans\\iter_000060_control_plan.npz",
  "eval_time_ns": 180.0,
  "gamma": 1.5707963267948966,
  "phase_iter": 60,
  "robustness": {
    "sigma_1p0": {
      "average_fidelity": 0.9230568035516037,
      "average_gate_fidelity": 0.903821004439505,
      "fidelity_variance": 0.0007709151568061408,
      "num_samples": 60,
      "sigma_mhz": 1.0
    }
  }
}