{
  "alpha": 2.983,
  "eval_cost": 1.1363482693137632,
  "eval_fidelity": 0.9251096756062562,
  "eval_leakage": 0.008252323398619987,
  "eval_plan_path": "runs\\runtime\\gamma_1.570796\\alpha_2.983000\\plans\\iter_000040_control_plan.npz",
  "eval_time_ns": 180.0,
  "gamma": 1.5707963267948966,
  "phase_iter": 40,
  "robustness": {
    "sigma_1p0": {
      "average_fidelity": 0.8911601595170341,
      "average_gate_fidelity": 0.8639501993962926,
      "fidelity_variance": 0.0015293190616124082,
      "num_samples": 60,
      "sigma_mhz": 1.0
    }
  }
}