{
  "alpha": 2.983,
  "eval_cost": 1.3481443531390387,
  "eval_fidelity": 0.9212635057587495,
  "eval_leakage": 0.0076519014739140365,
  "eval_plan_path": "runs\\runtime\\gamma_1.570796\\alpha_2.983000\\plans\\iter_000150_control_plan.npz",
  "eval_time_ns": 180.0,
  "gamma": 1.5707963267948966,
  "phase_iter": 150,
  "robustness": {
    "sigma_1p0": {
      "average_fidelity": 0.8871738474693434,
      "average_gate_fidelity": 0.8589673093366792,
      "fidelity_variance": 0.0009530598831743732,
      "num_samples": 60,
      "sigma_mhz": 1.0
    }
  }
}