{
  "alpha": 2.983,
  "eval_cost": 1.013360282064394,
  "eval_fidelity": 0.9594078231978869,
  "eval_leakage": 0.008908206978156554,
  "eval_plan_path": "runs\\runtime\\gamma_1.570796\\alpha_2.983000\\plans\\iter_000073_control_plan.npz",
  "eval_time_ns": 180.0,
  "gamma": 1.5707963267948966,
  "phase_iter": 73,
  "robustness": {
    "sigma_1p0": {
      "average_fidelity": 0.9184079953340973,
      "average_gate_fidelity": 0.8980099941676216,
      "fidelity_variance": 0.0008159398132900566,
      "num_samples": 60,
      "sigma_mhz": 1.0
    }
  }
}