{
  "alpha": 2.983,
  "eval_cost": 1.0208056643542966,
  "eval_fidelity": 0.9597397710166469,
  "eval_leakage": 0.008847722059112325,
  "eval_plan_path": "runs\\runtime\\gamma_1.570796\\alpha_2.983000\\plans\\iter_000075_control_plan.npz",
  "eval_time_ns": 180.0,
  "gamma": 1.5707963267948966,
  "phase_iter": 75,
  "robustness": {
    "sigma_1p0": {
      "average_fidelity": 0.9129446410791782,
      "average_gate_fidelity": 0.8911808013489726,
      "fidelity_variance": 0.0005815767388669523,
      "num_samples": 60,
      "sigma_mhz": 1.0
    }
  }
}