{
  "alpha": 2.983,
  "eval_cost": 1.4438526001362546,
  "eval_fidelity": 0.8979692171947257,
  "eval_leakage": 0.006958527343833107,
  "eval_plan_path": "runs\\runtime\\gamma_1.570796\\alpha_2.983000\\plans\\iter_000026_control_plan.npz",
  "eval_time_ns": 180.0,
  "gamma": 1.5707963267948966,
  "phase_iter": 26,
  "robustness": {
    "sigma_1p0": {
      "average_fidelity": 0.8648254168168162,
      "average_gate_fidelity": 0.8310317710210204,
      "fidelity_variance": 0.0029137253988683848,
      "num_samples": 60,
      "sigma_mhz": 1.0
    }
  }
}