{
  "alpha": 2.983,
  "eval_cost": 0.8896025929841068,
  "eval_fidelity": 0.9632048888499336,
  "eval_leakage": 0.008991580973186884,
  "eval_plan_path": "runs\\runtime\\gamma_1.570796\\alpha_2.983000\\plans\\iter_000062_control_plan.npz",
  "eval_time_ns": 180.0,
  "gamma": 1.5707963267948966,
  "phase_iter": 62,
  "robustness": {
    "sigma_1p0": {
      "average_fidelity": 0.9211086358002174,
      "average_gate_fidelity": 0.9013857947502716,
      "fidelity_variance": 0.0007185953132208742,
      "num_samples": 60,
      "sigma_mhz": 1.0
    }
  }
}