{
  "alpha": 2.983,
  "eval_cost": 0.8209047795107951,
  "eval_fidelity": 0.9659426005684553,
  "eval_leakage": 0.008967339173611208,
  "eval_plan_path": "runs\\runtime\\gamma_1.570796\\alpha_2.983000\\plans\\iter_000057_control_plan.npz",
  "eval_time_ns": 180.0,
  "gamma": 1.5707963267948966,
  "phase_iter": 57,
  "robustness": {
    "sigma_1p0": {
      "average_fidelity": 0.9268489290513868,
      "average_gate_fidelity": 0.9085611613142336,
      "fidelity_variance": 0.0012365025883662696,
      "num_samples": 60,
      "sigma_mhz": 1.0
    }
  }
}