{
  "alpha": 2.983,
  "eval_cost": 0.9188694485859364,
  "eval_fidelity": 0.9526051693678532,
  "eval_leakage": 0.00877475201564854,
  "eval_plan_path": "runs\\runtime\\gamma_1.570796\\alpha_2.983000\\plans\\iter_000050_control_plan.npz",
  "eval_time_ns": 180.0,
  "gamma": 1.5707963267948966,
  "phase_iter": 50,
  "robustness": {
    "sigma_1p0": {
      "average_fidelity": 0.9144328142775788,
      "average_gate_fidelity": 0.8930410178469734,
      "fidelity_variance": 0.0007338660250390306,
      "num_samples": 60,
      "sigma_mhz": 1.0
    }
  }
}