{
  "alpha": 2.983,
  "eval_cost": 0.8182085783533106,
  "eval_fidelity": 0.961563031878282,
  "eval_leakage": 0.008350651693538788,
  "eval_plan_path": "runs\\runtime\\gamma_1.570796\\alpha_2.983000\\plans\\iter_000017_control_plan.npz",
  "eval_time_ns": 180.0,
  "gamma": 1.5707963267948966,
  "phase_iter": 17,
  "robustness": {
    "sigma_1p0": {
      "average_fidelity": 0.9217840561181672,
      "average_gate_fidelity": 0.9022300701477091,
      "fidelity_variance": 0.0009848488396663716,
      "num_samples": 60,
      "sigma_mhz": 1.0
    }
  }
}