{
  "alpha": 2.983,
  "eval_cost": 0.984881017639544,
  "eval_fidelity": 0.9623161645198108,
  "eval_leakage": 0.008827023415301007,
  "eval_plan_path": "runs\\runtime\\gamma_1.570796\\alpha_2.983000\\plans\\iter_000078_control_plan.npz",
  "eval_time_ns": 180.0,
  "gamma": 1.5707963267948966,
  "phase_iter": 78,
  "robustness": {
    "sigma_1p0": {
      "average_fidelity": 0.9198797977371517,
      "average_gate_fidelity": 0.8998497471714392,
      "fidelity_variance": 0.0007192384903153675,
      "num_samples": 60,
      "sigma_mhz": 1.0
    }
  }
}