{
  "alpha": 2.983,
  "eval_cost": 1.339343488188704,
  "eval_fidelity": 0.935330056040946,
  "eval_leakage": 0.007861912943355276,
  "eval_plan_path": "runs\\runtime\\gamma_1.570796\\alpha_2.983000\\plans\\iter_000129_control_plan.npz",
  "eval_time_ns": 180.0,
  "gamma": 1.5707963267948966,
  "phase_iter": 129,
  "robustness": {
    "sigma_1p0": {
      "average_fidelity": 0.9086207500036768,
      "average_gate_fidelity": 0.885775937504596,
      "fidelity_variance": 0.0010572680504808446,
      "num_samples": 60,
      "sigma_mhz": 1.0
    }
  }
}