{
  "alpha": 2.983,
  "eval_cost": 1.3473233945238057,
  "eval_fidelity": 0.9336790518578331,
  "eval_leakage": 0.007718491874195405,
  "eval_plan_path": "runs\\runtime\\gamma_1.570796\\alpha_2.983000\\plans\\iter_000134_control_plan.npz",
  "eval_time_ns": 180.0,
  "gamma": 1.5707963267948966,
  "phase_iter": 134,
  "robustness": {
    "sigma_1p0": {
      "average_fidelity": 0.9076903734196011,
      "average_gate_fidelity": 0.8846129667745011,
      "fidelity_variance": 0.0011306610716302077,
      "num_samples": 60,
      "sigma_mhz": 1.0
    }
  }
}