{
  "alpha": 2.983,
  "eval_cost": 1.3278451297755842,
  "eval_fidelity": 0.9319392164708237,
  "eval_leakage": 0.007668575591880344,
  "eval_plan_path": "runs\\runtime\\gamma_1.570796\\alpha_2.983000\\plans\\iter_000140_control_plan.npz",
  "eval_time_ns": 180.0,
  "gamma": 1.5707963267948966,
  "phase_iter": 140,
  "robustness": {
    "sigma_1p0": {
      "average_fidelity": 0.9010043811540662,
      "average_gate_fidelity": 0.8762554764425831,
      "fidelity_variance": 0.0014371847401187631,
      "num_samples": 60,
      "sigma_mhz": 1.0
    }
  }
}