{
  "alpha": 2.983,
  "eval_cost": 1.3046624789590007,
  "eval_fidelity": 0.939207739267162,
  "eval_leakage": 0.008287585656016788,
  "eval_plan_path": "runs\\runtime\\gamma_1.570796\\alpha_2.983000\\plans\\iter_000105_control_plan.npz",
  "eval_time_ns": 180.0,
  "gamma": 1.5707963267948966,
  "phase_iter": 105,
  "robustness": {
    "sigma_1p0": {
      "average_fidelity": 0.9067645680682905,
      "average_gate_fidelity": 0.8834557100853632,
      "fidelity_variance": 0.001054666536359997,
      "num_samples": 60,
      "sigma_mhz": 1.0
    }
  }
}