{
  "alpha": 2.983,
  "eval_cost": 1.3134912797303397,
  "eval_fidelity": 0.9103466136240256,
  "eval_leakage": 0.00723853602875423,
  "eval_plan_path": "runs\\runtime\\gamma_1.570796\\alpha_2.983000\\plans\\iter_000025_control_plan.npz",
  "eval_time_ns": 180.0,
  "gamma": 1.5707963267948966,
  "phase_iter": 25,
  "robustness": {
    "sigma_1p0": {
      "average_fidelity": 0.8889667486230377,
      "average_gate_fidelity": 0.8612084357787972,
      "fidelity_variance": 0.0012561963367512191,
      "num_samples": 60,
      "sigma_mhz": 1.0
    }
  }
}