{
  "alpha": 2.983,
  "eval_cost": 0.9075009814583281,
  "eval_fidelity": 0.9626120284951759,
  "eval_leakage": 0.008976642865492232,
  "eval_plan_path": "runs\\runtime\\gamma_1.570796\\alpha_2.983000\\plans\\iter_000063_control_plan.npz",
  "eval_time_ns": 180.0,
  "gamma": 1.5707963267948966,
  "phase_iter": 63,
  "robustness": {
    "sigma_1p0": {
      "average_fidelity": 0.9172571378945694,
      "average_gate_fidelity": 0.8965714223682116,
      "fidelity_variance": 0.0010944449851674272,
      "num_samples": 60,
      "sigma_mhz": 1.0
    }
  }
}