{
  "alpha": 2.983,
  "eval_cost": 0.878031687138829,
  "eval_fidelity": 0.9609155837893317,
  "eval_leakage": 0.008981090416568591,
  "eval_plan_path": "runs\\runtime\\gamma_1.570796\\alpha_2.983000\\plans\\iter_000059_control_plan.npz",
  "eval_time_ns": 180.0,
  "gamma": 1.5707963267948966,
  "phase_iter": 59,
  "robustness": {
    "sigma_1p0": {
      "average_fidelity": 0.9194888222242149,
      "average_gate_fidelity": 0.8993610277802684,
      "fidelity_variance": 0.0006821187227159228,
      "num_samples": 60,
      "sigma_mhz": 1.0
    }
  }
}