{
  "alpha": 2.983,
  "eval_cost": 1.0064006244852781,
  "eval_fidelity": 0.9612152593334684,
  "eval_leakage": 0.00882183834232673,
  "eval_plan_path": "runs\\runtime\\gamma_1.570796\\alpha_2.983000\\plans\\iter_000079_control_plan.npz",
  "eval_time_ns": 180.0,
  "gamma": 1.5707963267948966,
  "phase_iter": 79,
  "robustness": {
    "sigma_1p0": {
      "average_fidelity": 0.9190123876712009,
      "average_gate_fidelity": 0.8987654845890011,
      "fidelity_variance": 0.0008114179781245407,
      "num_samples": 60,
      "sigma_mhz": 1.0
    }
  }
}