{
  "alpha": 2.983,
  "eval_cost": 1.5797335799409586,
  "eval_fidelity": 0.8834674308278032,
  "eval_leakage": 0.006921429071339871,
  "eval_plan_path": "runs\\runtime\\gamma_1.570796\\alpha_2.983000\\plans\\iter_000032_control_plan.npz",
  "eval_time_ns": 180.0,
  "gamma": 1.5707963267948966,
  "phase_iter": 32,
  "robustness": {
    "sigma_1p0": {
      "average_fidelity": 0.864101248739752,
      "average_gate_fidelity": 0.83012656092469,
      "fidelity_variance": 0.001959383849016218,
      "num_samples": 60,
      "sigma_mhz": 1.0
    }
  }
}