{
  "alpha": 2.983,
  "eval_cost": 0.8499443700444735,
  "eval_fidelity": 0.9582718011352642,
  "eval_leakage": 0.008388099637098356,
  "eval_plan_path": "runs\\runtime\\gamma_1.570796\\alpha_2.983000\\plans\\iter_000016_control_plan.npz",
  "eval_time_ns": 180.0,
  "gamma": 1.5707963267948966,
  "phase_iter": 16,
  "robustness": {
    "sigma_1p0": {
      "average_fidelity": 0.9185779139561361,
      "average_gate_fidelity": 0.8982223924451702,
      "fidelity_variance": 0.001238485437949327,
      "num_samples": 60,
      "sigma_mhz": 1.0
    }
  }
}