{
  "alpha": 2.983,
  "eval_cost": 1.2306299842522739,
  "eval_fidelity": 0.9473357579743485,
  "eval_leakage": 0.008526292820041583,
  "eval_plan_path": "runs\\runtime\\gamma_1.570796\\alpha_2.983000\\plans\\iter_000093_control_plan.npz",
  "eval_time_ns": 180.0,
  "gamma": 1.5707963267948966,
  "phase_iter": 93,
  "robustness": {
    "sigma_1p0": {
      "average_fidelity": 0.9108728988352381,
      "average_gate_fidelity": 0.8885911235440475,
      "fidelity_variance": 0.0009087714269449699,
      "num_samples": 60,
      "sigma_mhz": 1.0
    }
  }
}