{
  "alpha": 2.983,
  "eval_cost": 0.855810090856633,
  "eval_fidelity": 0.9610500728591427,
  "eval_leakage": 0.00889429531137989,
  "eval_plan_path": "runs\\runtime\\gamma_1.570796\\alpha_2.983000\\plans\\iter_000053_control_plan.npz",
  "eval_time_ns": 180.0,
  "gamma": 1.5707963267948966,
  "phase_iter": 53,
  "robustness": {
    "sigma_1p0": {
      "average_fidelity": 0.9195120775986434,
      "average_gate_fidelity": 0.8993900969983041,
      "fidelity_variance": 0.0010699702007483506,
      "num_samples": 60,
      "sigma_mhz": 1.0
    }
  }
}