{
  "alpha": 2.983,
  "eval_cost": 1.319676868710421,
  "eval_fidelity": 0.928969660497542,
  "eval_leakage": 0.007656947401193106,
  "eval_plan_path": "runs\\runtime\\gamma_1.570796\\alpha_2.983000\\plans\\iter_000145_control_plan.npz",
  "eval_time_ns": 180.0,
  "gamma": 1.5707963267948966,
  "phase_iter": 145,
  "robustness": {
    "sigma_1p0": {
      "average_fidelity": 0.8947200706554878,
      "average_gate_fidelity": 0.8684000883193597,
      "fidelity_variance": 0.0019157379819165962,
      "num_samples": 60,
      "sigma_mhz": 1.0
    }
  }
}