{
  "alpha": 2.983,
  "eval_cost": 1.3543168127391982,
  "eval_fidelity": 0.9330166646844325,
  "eval_leakage": 0.007981557729320965,
  "eval_plan_path": "runs\\runtime\\gamma_1.570796\\alpha_2.983000\\plans\\iter_000125_control_plan.npz",
  "eval_time_ns": 180.0,
  "gamma": 1.5707963267948966,
  "phase_iter": 125,
  "robustness": {
    "sigma_1p0": {
      "average_fidelity": 0.8929651630618644,
      "average_gate_fidelity": 0.8662064538273302,
      "fidelity_variance": 0.001863144610898637,
      "num_samples": 60,
      "sigma_mhz": 1.0
    }
  }
}