{
  "alpha": 2.983,
  "eval_cost": 1.3663452442765056,
  "eval_fidelity": 0.9350769357220255,
  "eval_leakage": 0.008173887801226317,
  "eval_plan_path": "runs\\runtime\\gamma_1.570796\\alpha_2.983000\\plans\\iter_000113_control_plan.npz",
  "eval_time_ns": 180.0,
  "gamma": 1.5707963267948966,
  "phase_iter": 113,
  "robustness": {
    "sigma_1p0": {
      "average_fidelity": 0.906231991134789,
      "average_gate_fidelity": 0.8827899889184863,
      "fidelity_variance": 0.0007033773572044122,
      "num_samples": 60,
      "sigma_mhz": 1.0
    }
  }
}