{
  "alpha": 2.983,
  "eval_cost": 1.0756154783339906,
  "eval_fidelity": 0.9580293379404756,
  "eval_leakage": 0.008724158897576604,
  "eval_plan_path": "runs\\runtime\\gamma_1.570796\\alpha_2.983000\\plans\\iter_000084_control_plan.npz",
  "eval_time_ns": 180.0,
  "gamma": 1.5707963267948966,
  "phase_iter": 84,
  "robustness": {
    "sigma_1p0": {
      "average_fidelity": 0.9189528933694799,
      "average_gate_fidelity": 0.89869111671185,
      "fidelity_variance": 0.0008617206373808338,
      "num_samples": 60,
      "sigma_mhz": 1.0
    }
  }
}