{
  "alpha": 2.983,
  "eval_cost": 0.8036505347006938,
  "eval_fidelity": 0.9639693595868043,
  "eval_leakage": 0.008281062710264402,
  "eval_plan_path": "runs\\runtime\\gamma_1.570796\\alpha_2.983000\\plans\\iter_000012_control_plan.npz",
  "eval_time_ns": 180.0,
  "gamma": 1.5707963267948966,
  "phase_iter": 12,
  "robustness": {
    "sigma_1p0": {
      "average_fidelity": 0.924007337555739,
      "average_gate_fidelity": 0.9050091719446738,
      "fidelity_variance": 0.0008907522078295988,
      "num_samples": 60,
      "sigma_mhz": 1.0
    }
  }
}