{
  "alpha": 2.983,
  "eval_cost": 1.3918303082094843,
  "eval_fidelity": 0.9325669646549005,
  "eval_leakage": 0.008212784756043144,
  "eval_plan_path": "runs\\runtime\\gamma_1.570796\\alpha_2.983000\\plans\\iter_000109_control_plan.npz",
  "eval_time_ns": 180.0,
  "gamma": 1.5707963267948966,
  "phase_iter": 109,
  "robustness": {
    "sigma_1p0": {
      "average_fidelity": 0.8978888992884386,
      "average_gate_fidelity": 0.8723611241105481,
      "fidelity_variance": 0.0018330692587734067,
      "num_samples": 60,
      "sigma_mhz": 1.0
    }
  }
}