{
  "alpha": 2.983,
  "eval_cost": 1.2497913665403682,
  "eval_fidelity": 0.9452584247561318,
  "eval_leakage": 0.008528929627093534,
  "eval_plan_path": "runs\\runtime\\gamma_1.570796\\alpha_2.983000\\plans\\iter_000094_control_plan.npz",
  "eval_time_ns": 180.0,
  "gamma": 1.5707963267948966,
  "phase_iter": 94,
  "robustness": {
    "sigma_1p0": {
      "average_fidelity": 0.9099635641044674,
      "average_gate_fidelity": 0.8874544551305842,
      "fidelity_variance": 0.0012727878296116247,
      "num_samples": 60,
      "sigma_mhz": 1.0
    }
  }
}