{
  "alpha": 2.983,
  "eval_cost": 1.2186517118567135,
  "eval_fidelity": 0.9495236984634434,
  "eval_leakage": 0.008650477780708592,
  "eval_plan_path": "runs\\runtime\\gamma_1.570796\\alpha_2.983000\\plans\\iter_000090_control_plan.npz",
  "eval_time_ns": 180.0,
  "gamma": 1.5707963267948966,
  "phase_iter": 90,
  "robustness": {
    "sigma_1p0": {
      "average_fidelity": 0.9108171311540076,
      "average_gate_fidelity": 0.8885214139425096,
      "fidelity_variance": 0.0011722672191760105,
      "num_samples": 60,
      "sigma_mhz": 1.0
    }
  }
}