{
  "alpha": 2.983,
  "eval_cost": 1.3089916285249095,
  "eval_fidelity": 0.9266811499830543,
  "eval_leakage": 0.00765001260567698,
  "eval_plan_path": "runs\\runtime\\gamma_1.570796\\alpha_2.983000\\plans\\iter_000147_control_plan.npz",
  "eval_time_ns": 180.0,
  "gamma": 1.5707963267948966,
  "phase_iter": 147,
  "robustness": {
    "sigma_1p0": {
      "average_fidelity": 0.8994229082966474,
      "average_gate_fidelity": 0.8742786353708093,
      "fidelity_variance": 0.0012079027980594313,
      "num_samples": 60,
      "sigma_mhz": 1.0
    }
  }
}