{
  "alpha": 2.983,
  "eval_cost": 1.2711939091279676,
  "eval_fidelity": 0.9434361755707823,
  "eval_leakage": 0.008452415363843242,
  "eval_plan_path": "runs\\runtime\\gamma_1.570796\\alpha_2.983000\\plans\\iter_000095_control_plan.npz",
  "eval_time_ns": 180.0,
  "gamma": 1.5707963267948966,
  "phase_iter": 95,
  "robustness": {
    "sigma_1p0": {
      "average_fidelity": 0.9073457308084543,
      "average_gate_fidelity": 0.8841821635105679,
      "fidelity_variance": 0.001193425823128066,
      "num_samples": 60,
      "sigma_mhz": 1.0
    }
  }
}