{
  "alpha": 2.983,
  "eval_cost": 1.6159237163776694,
  "eval_fidelity": 0.881480837882539,
  "eval_leakage": 0.006659673081610605,
  "eval_plan_path": "runs\\runtime\\gamma_1.570796\\alpha_2.983000\\plans\\iter_000028_control_plan.npz",
  "eval_time_ns": 180.0,
  "gamma": 1.5707963267948966,
  "phase_iter": 28,
  "robustness": {
    "sigma_1p0": {
      "average_fidelity": 0.8512319004716006,
      "average_gate_fidelity": 0.8140398755895006,
      "fidelity_variance": 0.00216463130597961,
      "num_samples": 60,
      "sigma_mhz": 1.0
    }
  }
}