{
  "alpha": 2.983,
  "eval_cost": 1.3407542911128458,
  "eval_fidelity": 0.9359253376131654,
  "eval_leakage": 0.00816974076237433,
  "eval_plan_path": "runs\\runtime\\gamma_1.570796\\alpha_2.983000\\plans\\iter_000112_control_plan.npz",
  "eval_time_ns": 180.0,
  "gamma": 1.5707963267948966,
  "phase_iter": 112,
  "robustness": {
    "sigma_1p0": {
      "average_fidelity": 0.9058936552370682,
      "average_gate_fidelity": 0.8823670690463352,
      "fidelity_variance": 0.0013834280472917783,
      "num_samples": 60,
      "sigma_mhz": 1.0
    }
  }
}