{
  "alpha": 2.983,
  "eval_cost": 1.00236904689421,
  "eval_fidelity": 0.9613365598175078,
  "eval_leakage": 0.008734065356060977,
  "eval_plan_path": "runs\\runtime\\gamma_1.570796\\alpha_2.983000\\plans\\iter_000077_control_plan.npz",
  "eval_time_ns": 180.0,
  "gamma": 1.5707963267948966,
  "phase_iter": 77,
  "robustness": {
    "sigma_1p0": {
      "average_fidelity": 0.9223902297574723,
      "average_gate_fidelity": 0.9029877871968405,
      "fidelity_variance": 0.0007683464632459093,
      "num_samples": 60,
      "sigma_mhz": 1.0
    }
  }
}