{
  "alpha": 2.983,
  "eval_cost": 1.031970207416387,
  "eval_fidelity": 0.9607679286436308,
  "eval_leakage": 0.00874173355270486,
  "eval_plan_path": "runs\\runtime\\gamma_1.570796\\alpha_2.983000\\plans\\iter_000081_control_plan.npz",
  "eval_time_ns": 180.0,
  "gamma": 1.5707963267948966,
  "phase_iter": 81,
  "robustness": {
    "sigma_1p0": {
      "average_fidelity": 0.919471246654117,
      "average_gate_fidelity": 0.8993390583176459,
      "fidelity_variance": 0.0013194675723282277,
      "num_samples": 60,
      "sigma_mhz": 1.0
    }
  }
}