{
  "alpha": 2.983,
  "eval_cost": 0.9213535661821587,
  "eval_fidelity": 0.9627578377510817,
  "eval_leakage": 0.0089901212065576,
  "eval_plan_path": "runs\\runtime\\gamma_1.570796\\alpha_2.983000\\plans\\iter_000065_control_plan.npz",
  "eval_time_ns": 180.0,
  "gamma": 1.5707963267948966,
  "phase_iter": 65,
  "robustness": {
    "sigma_1p0": {
      "average_fidelity": 0.92231563442916,
      "average_gate_fidelity": 0.9028945430364499,
      "fidelity_variance": 0.0010437095328221617,
      "num_samples": 60,
      "sigma_mhz": 1.0
    }
  }
}