{
  "alpha": 2.983,
  "eval_cost": 1.027291118509083,
  "eval_fidelity": 0.960716816636382,
  "eval_leakage": 0.008771983072678959,
  "eval_plan_path": "runs\\runtime\\gamma_1.570796\\alpha_2.983000\\plans\\iter_000083_control_plan.npz",
  "eval_time_ns": 180.0,
  "gamma": 1.5707963267948966,
  "phase_iter": 83,
  "robustness": {
    "sigma_1p0": {
      "average_fidelity": 0.9161915332122557,
      "average_gate_fidelity": 0.8952394165153195,
      "fidelity_variance": 0.0009553494265320002,
      "num_samples": 60,
      "sigma_mhz": 1.0
    }
  }
}