{
  "alpha": 2.983,
  "eval_cost": 1.1137382063071024,
  "eval_fidelity": 0.9273040450708504,
  "eval_leakage": 0.008333208615907367,
  "eval_plan_path": "runs\\runtime\\gamma_1.570796\\alpha_2.983000\\plans\\iter_000041_control_plan.npz",
  "eval_time_ns": 180.0,
  "gamma": 1.5707963267948966,
  "phase_iter": 41,
  "robustness": {
    "sigma_1p0": {
      "average_fidelity": 0.8942878855181173,
      "average_gate_fidelity": 0.8678598568976464,
      "fidelity_variance": 0.0016589934759403309,
      "num_samples": 60,
      "sigma_mhz": 1.0
    }
  }
}