{
  "alpha": 2.983,
  "eval_cost": 1.2512252044264944,
  "eval_fidelity": 0.9471570738731026,
  "eval_leakage": 0.008608714977496207,
  "eval_plan_path": "runs\\runtime\\gamma_1.570796\\alpha_2.983000\\plans\\iter_000091_control_plan.npz",
  "eval_time_ns": 180.0,
  "gamma": 1.5707963267948966,
  "phase_iter": 91,
  "robustness": {
    "sigma_1p0": {
      "average_fidelity": 0.9052155435988389,
      "average_gate_fidelity": 0.8815194294985483,
      "fidelity_variance": 0.001390589387923126,
      "num_samples": 60,
      "sigma_mhz": 1.0
    }
  }
}