{
  "alpha": 2.983,
  "eval_cost": 1.5214666553227882,
  "eval_fidelity": 0.888652374387636,
  "eval_leakage": 0.007305698381569295,
  "eval_plan_path": "runs\\runtime\\gamma_1.570796\\alpha_2.983000\\plans\\iter_000034_control_plan.npz",
  "eval_time_ns": 180.0,
  "gamma": 1.5707963267948966,
  "phase_iter": 34,
  "robustness": {
    "sigma_1p0": {
      "average_fidelity": 0.8623175825806716,
      "average_gate_fidelity": 0.8278969782258393,
      "fidelity_variance": 0.002589862893903031,
      "num_samples": 60,
      "sigma_mhz": 1.0
    }
  }
}