{
  "alpha": 2.983,
  "eval_cost": 0.7911964090197332,
  "eval_fidelity": 0.9653583077376557,
  "eval_leakage": 0.008335495076573489,
  "eval_plan_path": "runs\\runtime\\gamma_1.570796\\alpha_2.983000\\plans\\iter_000014_control_plan.npz",
  "eval_time_ns": 180.0,
  "gamma": 1.5707963267948966,
  "phase_iter": 14,
  "robustness": {
    "sigma_1p0": {
      "average_fidelity": 0.9226398419080941,
      "average_gate_fidelity": 0.9032998023851174,
      "fidelity_variance": 0.0008361953296948237,
      "num_samples": 60,
      "sigma_mhz": 1.0
    }
  }
}