{
  "alpha": 2.983,
  "eval_cost": 0.8168207228600176,
  "eval_fidelity": 0.9657993579176916,
  "eval_leakage": 0.008987007802197225,
  "eval_plan_path": "runs\\runtime\\gamma_1.570796\\alpha_2.983000\\plans\\iter_000056_control_plan.npz",
  "eval_time_ns": 180.0,
  "gamma": 1.5707963267948966,
  "phase_iter": 56,
  "robustness": {
    "sigma_1p0": {
      "average_fidelity": 0.9190968546930833,
      "average_gate_fidelity": 0.8988710683663542,
      "fidelity_variance": 0.0010923387659171212,
      "num_samples": 60,
      "sigma_mhz": 1.0
    }
  }
}