{
  "alpha": 2.983,
  "eval_cost": 1.3558262826970457,
  "eval_fidelity": 0.9351373696541669,
  "eval_leakage": 0.008234671530205616,
  "eval_plan_path": "runs\\runtime\\gamma_1.570796\\alpha_2.983000\\plans\\iter_000108_control_plan.npz",
  "eval_time_ns": 180.0,
  "gamma": 1.5707963267948966,
  "phase_iter": 108,
  "robustness": {
    "sigma_1p0": {
      "average_fidelity": 0.9007740868949858,
      "average_gate_fidelity": 0.8759676086187322,
      "fidelity_variance": 0.0018766253560909775,
      "num_samples": 60,
      "sigma_mhz": 1.0
    }
  }
}