{
  "alpha": 2.983,
  "eval_cost": 1.6042675987684796,
  "eval_fidelity": 0.8818859514878225,
  "eval_leakage": 0.006841534284907714,
  "eval_plan_path": "runs\\runtime\\gamma_1.570796\\alpha_2.983000\\plans\\iter_000031_control_plan.npz",
  "eval_time_ns": 180.0,
  "gamma": 1.5707963267948966,
  "phase_iter": 31,
  "robustness": {
    "sigma_1p0": {
      "average_fidelity": 0.8638771566062906,
      "average_gate_fidelity": 0.8298464457578631,
      "fidelity_variance": 0.002357005718530518,
      "num_samples": 60,
      "sigma_mhz": 1.0
    }
  }
}