{
  "alpha": 2.983,
  "eval_cost": 1.3619717874360997,
  "eval_fidelity": 0.9342710316701938,
  "eval_leakage": 0.00828106032812259,
  "eval_plan_path": "runs\\runtime\\gamma_1.570796\\alpha_2.983000\\plans\\iter_000107_control_plan.npz",
  "eval_time_ns": 180.0,
  "gamma": 1.5707963267948966,
  "phase_iter": 107,
  "robustness": {
    "sigma_1p0": {
      "average_fidelity": 0.9043738789856484,
      "average_gate_fidelity": 0.8804673487320607,
      "fidelity_variance": 0.0015175610523192366,
      "num_samples": 60,
      "sigma_mhz": 1.0
    }
  }
}