{
  "alpha": 2.983,
  "eval_cost": 0.7392004405115241,
  "eval_fidelity": 0.9713440026163618,
  "eval_leakage": 0.008032567015926851,
  "eval_plan_path": "runs\\runtime\\gamma_1.570796\\alpha_2.983000\\plans\\iter_000009_control_plan.npz",
  "eval_time_ns": 180.0,
  "gamma": 1.5707963267948966,
  "phase_iter": 9,
  "robustness": {
    "sigma_1p0": {
      "average_fidelity": 0.9272662682175459,
      "average_gate_fidelity": 0.9090828352719323,
      "fidelity_variance": 0.0010124333525962656,
      "num_samples": 60,
      "sigma_mhz": 1.0
    }
  }
}