{
  "alpha": 2.983,
  "eval_cost": 1.3164785045208294,
  "eval_fidelity": 0.9395879045414239,
  "eval_leakage": 0.008441681921632124,
  "eval_plan_path": "runs\\runtime\\gamma_1.570796\\alpha_2.983000\\plans\\iter_000098_control_plan.npz",
  "eval_time_ns": 180.0,
  "gamma": 1.5707963267948966,
  "phase_iter": 98,
  "robustness": {
    "sigma_1p0": {
      "average_fidelity": 0.9084318589647516,
      "average_gate_fidelity": 0.8855398237059396,
      "fidelity_variance": 0.0010484192896430982,
      "num_samples": 60,
      "sigma_mhz": 1.0
    }
  }
}