{
  "alpha": 2.983,
  "eval_cost": 1.3695245210785318,
  "eval_fidelity": 0.9280279305730874,
  "eval_leakage": 0.007717973639087691,
  "eval_plan_path": "runs\\runtime\\gamma_1.570796\\alpha_2.983000\\plans\\iter_000137_control_plan.npz",
  "eval_time_ns": 180.0,
  "gamma": 1.5707963267948966,
  "phase_iter": 137,
  "robustness": {
    "sigma_1p0": {
      "average_fidelity": 0.8947066309098664,
      "average_gate_fidelity": 0.868383288637333,
      "fidelity_variance": 0.0013494838589036993,
      "num_samples": 60,
      "sigma_mhz": 1.0
    }
  }
}