{
  "alpha": 2.983,
  "eval_cost": 1.306067364211524,
  "eval_fidelity": 0.9375882951113778,
  "eval_leakage": 0.007866349814564353,
  "eval_plan_path": "runs\\runtime\\gamma_1.570796\\alpha_2.983000\\plans\\iter_000128_control_plan.npz",
  "eval_time_ns": 180.0,
  "gamma": 1.5707963267948966,
  "phase_iter": 128,
  "robustness": {
    "sigma_1p0": {
      "average_fidelity": 0.9067447698462318,
      "average_gate_fidelity": 0.8834309623077897,
      "fidelity_variance": 0.0013445263728293216,
      "num_samples": 60,
      "sigma_mhz": 1.0
    }
  }
}