{
  "alpha": 2.983,
  "eval_cost": 1.4101353759368418,
  "eval_fidelity": 0.9312004275561776,
  "eval_leakage": 0.008098245058890287,
  "eval_plan_path": "runs\\runtime\\gamma_1.570796\\alpha_2.983000\\plans\\iter_000114_control_plan.npz",
  "eval_time_ns": 180.0,
  "gamma": 1.5707963267948966,
  "phase_iter": 114,
  "robustness": {
    "sigma_1p0": {
      "average_fidelity": 0.8961170169399288,
      "average_gate_fidelity": 0.870146271174911,
      "fidelity_variance": 0.0012285703860514677,
      "num_samples": 60,
      "sigma_mhz": 1.0
    }
  }
}