{
  "alpha": 2.983,
  "eval_cost": 1.3447876799591643,
  "eval_fidelity": 0.921596884085585,
  "eval_leakage": 0.007632820805051219,
  "eval_plan_path": "runs\\runtime\\gamma_1.570796\\alpha_2.983000\\plans\\iter_000149_control_plan.npz",
  "eval_time_ns": 180.0,
  "gamma": 1.5707963267948966,
  "phase_iter": 149,
  "robustness": {
    "sigma_1p0": {
      "average_fidelity": 0.8915461718671344,
      "average_gate_fidelity": 0.8644327148339179,
      "fidelity_variance": 0.001501563897923989,
      "num_samples": 60,
      "sigma_mhz": 1.0
    }
  }
}