{
  "alpha": 2.983,
  "eval_cost": 1.600886477028615,
  "eval_fidelity": 0.8828949713088083,
  "eval_leakage": 0.006651591617791489,
  "eval_plan_path": "runs\\runtime\\gamma_1.570796\\alpha_2.983000\\plans\\iter_000029_control_plan.npz",
  "eval_time_ns": 180.0,
  "gamma": 1.5707963267948966,
  "phase_iter": 29,
  "robustness": {
    "sigma_1p0": {
      "average_fidelity": 0.8625888192420054,
      "average_gate_fidelity": 0.8282360240525065,
      "fidelity_variance": 0.0017247380896858002,
      "num_samples": 60,
      "sigma_mhz": 1.0
    }
  }
}