{
  "alpha": 2.983,
  "eval_cost": 0.9161541581454988,
  "eval_fidelity": 0.9632326401528261,
  "eval_leakage": 0.00898047931413561,
  "eval_plan_path": "runs\\runtime\\gamma_1.570796\\alpha_2.983000\\plans\\iter_000066_control_plan.npz",
  "eval_time_ns": 180.0,
  "gamma": 1.5707963267948966,
  "phase_iter": 66,
  "robustness": {
    "sigma_1p0": {
      "average_fidelity": 0.9166789823516608,
      "average_gate_fidelity": 0.8958487279395759,
      "fidelity_variance": 0.001019493206744077,
      "num_samples": 60,
      "sigma_mhz": 1.0
    }
  }
}