{
  "alpha": 2.983,
  "eval_cost": 0.8486578565467189,
  "eval_fidelity": 0.9568368423334611,
  "eval_leakage": 0.007685496012425276,
  "eval_plan_path": "runs\\runtime\\gamma_1.570796\\alpha_2.983000\\plans\\iter_000004_control_plan.npz",
  "eval_time_ns": 180.0,
  "gamma": 1.5707963267948966,
  "phase_iter": 4,
  "robustness": {
    "sigma_1p0": {
      "average_fidelity": 0.9157222558304297,
      "average_gate_fidelity": 0.894652819788037,
      "fidelity_variance": 0.0013720597105881325,
      "num_samples": 60,
      "sigma_mhz": 1.0
    }
  }
}