{
  "alpha": 2.983,
  "eval_cost": 1.3604567285071765,
  "eval_fidelity": 0.9344064255809272,
  "eval_leakage": 0.00791578493230484,
  "eval_plan_path": "runs\\runtime\\gamma_1.570796\\alpha_2.983000\\plans\\iter_000127_control_plan.npz",
  "eval_time_ns": 180.0,
  "gamma": 1.5707963267948966,
  "phase_iter": 127,
  "robustness": {
    "sigma_1p0": {
      "average_fidelity": 0.8964943290825904,
      "average_gate_fidelity": 0.8706179113532381,
      "fidelity_variance": 0.00101045918282229,
      "num_samples": 60,
      "sigma_mhz": 1.0
    }
  }
}