{
  "alpha": 2.983,
  "eval_cost": 0.919955328784192,
  "eval_fidelity": 0.9524223986839028,
  "eval_leakage": 0.00875113997125007,
  "eval_plan_path": "runs\\runtime\\gamma_1.570796\\alpha_2.983000\\plans\\iter_000049_control_plan.npz",
  "eval_time_ns": 180.0,
  "gamma": 1.5707963267948966,
  "phase_iter": 49,
  "robustness": {
    "sigma_1p0": {
      "average_fidelity": 0.9070700874675597,
      "average_gate_fidelity": 0.8838376093344495,
      "fidelity_variance": 0.0009105901546789817,
      "num_samples": 60,
      "sigma_mhz": 1.0
    }
  }
}