{
  "alpha": 2.983,
  "eval_cost": 1.3495517721907684,
  "eval_fidelity": 0.9256746358521158,
  "eval_leakage": 0.007660047597711646,
  "eval_plan_path": "runs\\runtime\\gamma_1.570796\\alpha_2.983000\\plans\\iter_000144_control_plan.npz",
  "eval_time_ns": 180.0,
  "gamma": 1.5707963267948966,
  "phase_iter": 144,
  "robustness": {
    "sigma_1p0": {
      "average_fidelity": 0.8996921146074531,
      "average_gate_fidelity": 0.8746151432593164,
      "fidelity_variance": 0.000985716036922908,
      "num_samples": 60,
      "sigma_mhz": 1.0
    }
  }
}