{
  "alpha": 2.983,
  "eval_cost": 1.2553514567804627,
  "eval_fidelity": 0.9471823293119255,
  "eval_leakage": 0.008511974467714603,
  "eval_plan_path": "runs\\runtime\\gamma_1.570796\\alpha_2.983000\\plans\\iter_000092_control_plan.npz",
  "eval_time_ns": 180.0,
  "gamma": 1.5707963267948966,
  "phase_iter": 92,
  "robustness": {
    "sigma_1p0": {
      "average_fidelity": 0.9019317974137984,
      "average_gate_fidelity": 0.8774147467672481,
      "fidelity_variance": 0.0015932649990231791,
      "num_samples": 60,
      "sigma_mhz": 1.0
    }
  }
}