{
  "alpha": 2.983,
  "eval_cost": 1.0426000358550669,
  "eval_fidelity": 0.9356367683121319,
  "eval_leakage": 0.008445355738763377,
  "eval_plan_path": "runs\\runtime\\gamma_1.570796\\alpha_2.983000\\plans\\iter_000043_control_plan.npz",
  "eval_time_ns": 180.0,
  "gamma": 1.5707963267948966,
  "phase_iter": 43,
  "robustness": {
    "sigma_1p0": {
      "average_fidelity": 0.8973521836251793,
      "average_gate_fidelity": 0.871690229531474,
      "fidelity_variance": 0.0010749864433300571,
      "num_samples": 60,
      "sigma_mhz": 1.0
    }
  }
}