{
  "alpha": 2.983,
  "eval_cost": 0.9182969132046568,
  "eval_fidelity": 0.9642185805977839,
  "eval_leakage": 0.00897629651460048,
  "eval_plan_path": "runs\\runtime\\gamma_1.570796\\alpha_2.983000\\plans\\iter_000068_control_plan.npz",
  "eval_time_ns": 180.0,
  "gamma": 1.5707963267948966,
  "phase_iter": 68,
  "robustness": {
    "sigma_1p0": {
      "average_fidelity": 0.9205203728741456,
      "average_gate_fidelity": 0.9006504660926817,
      "fidelity_variance": 0.0007442334285653406,
      "num_samples": 60,
      "sigma_mhz": 1.0
    }
  }
}