{
  "alpha": 2.983,
  "eval_cost": 1.3431708005209146,
  "eval_fidelity": 0.9271072009746599,
  "eval_leakage": 0.007689547274817262,
  "eval_plan_path": "runs\\runtime\\gamma_1.570796\\alpha_2.983000\\plans\\iter_000142_control_plan.npz",
  "eval_time_ns": 180.0,
  "gamma": 1.5707963267948966,
  "phase_iter": 142,
  "robustness": {
    "sigma_1p0": {
      "average_fidelity": 0.8972070614835528,
      "average_gate_fidelity": 0.8715088268544411,
      "fidelity_variance": 0.001193329232369164,
      "num_samples": 60,
      "sigma_mhz": 1.0
    }
  }
}