{
  "alpha": 2.983,
  "eval_cost": 1.371908591350642,
  "eval_fidelity": 0.9236367841590741,
  "eval_leakage": 0.007684767724945052,
  "eval_plan_path": "runs\\runtime\\gamma_1.570796\\alpha_2.983000\\plans\\iter_000143_control_plan.npz",
  "eval_time_ns": 180.0,
  "gamma": 1.5707963267948966,
  "phase_iter": 143,
  "robustness": {
    "sigma_1p0": {
      "average_fidelity": 0.8819549365652647,
      "average_gate_fidelity": 0.8524436707065808,
      "fidelity_variance": 0.001689630326623992,
      "num_samples": 60,
      "sigma_mhz": 1.0
    }
  }
}