{
  "alpha": 2.983,
  "eval_cost": 0.7555131846544416,
  "eval_fidelity": 0.9680641780279137,
  "eval_leakage": 0.008148487774383859,
  "eval_plan_path": "runs\\runtime\\gamma_1.570796\\alpha_2.983000\\plans\\iter_000011_control_plan.npz",
  "eval_time_ns": 180.0,
  "gamma": 1.5707963267948966,
  "phase_iter": 11,
  "robustness": {
    "sigma_1p0": {
      "average_fidelity": 0.920909249421948,
      "average_gate_fidelity": 0.9011365617774348,
      "fidelity_variance": 0.0014820585113305236,
      "num_samples": 60,
      "sigma_mhz": 1.0
    }
  }
}