{
  "alpha": 2.983,
  "eval_cost": 0.8744328694034875,
  "eval_fidelity": 0.9629875953687218,
  "eval_leakage": 0.009014383533902205,
  "eval_plan_path": "runs\\runtime\\gamma_1.570796\\alpha_2.983000\\plans\\iter_000061_control_plan.npz",
  "eval_time_ns": 180.0,
  "gamma": 1.5707963267948966,
  "phase_iter": 61,
  "robustness": {
    "sigma_1p0": {
      "average_fidelity": 0.9215126112347612,
      "average_gate_fidelity": 0.9018907640434514,
      "fidelity_variance": 0.0008582379967656414,
      "num_samples": 60,
      "sigma_mhz": 1.0
    }
  }
}