{
  "alpha": 2.983,
  "eval_cost": 0.7367955495773345,
  "eval_fidelity": 0.9723071761856096,
  "eval_leakage": 0.007991024495025104,
  "eval_plan_path": "runs\\runtime\\gamma_1.570796\\alpha_2.983000\\plans\\iter_000008_control_plan.npz",
  "eval_time_ns": 180.0,
  "gamma": 1.5707963267948966,
  "phase_iter": 8,
  "robustness": {
    "sigma_1p0": {
      "average_fidelity": 0.933199562945215,
      "average_gate_fidelity": 0.9164994536815186,
      "fidelity_variance": 0.0007786436867257489,
      "num_samples": 60,
      "sigma_mhz": 1.0
    }
  }
}