{
  "alpha": 2.983,
  "eval_cost": 0.9409628523050051,
  "eval_fidelity": 0.9512440791705958,
  "eval_leakage": 0.008820002581209753,
  "eval_plan_path": "runs\\runtime\\gamma_1.570796\\alpha_2.983000\\plans\\iter_000051_control_plan.npz",
  "eval_time_ns": 180.0,
  "gamma": 1.5707963267948966,
  "phase_iter": 51,
  "robustness": {
    "sigma_1p0": {
      "average_fidelity": 0.9044592942681003,
      "average_gate_fidelity": 0.8805741178351253,
      "fidelity_variance": 0.0008622645827525648,
      "num_samples": 60,
      "sigma_mhz": 1.0
    }
  }
}