{
  "alpha": 2.983,
  "eval_cost": 0.8919721668892734,
  "eval_fidelity": 0.9562458398352309,
  "eval_leakage": 0.008861922643516672,
  "eval_plan_path": "runs\\runtime\\gamma_1.570796\\alpha_2.983000\\plans\\iter_000052_control_plan.npz",
  "eval_time_ns": 180.0,
  "gamma": 1.5707963267948966,
  "phase_iter": 52,
  "robustness": {
    "sigma_1p0": {
      "average_fidelity": 0.9149380416339037,
      "average_gate_fidelity": 0.8936725520423795,
      "fidelity_variance": 0.0006391549856508467,
      "num_samples": 60,
      "sigma_mhz": 1.0
    }
  }
}