{
  "alpha": 2.983,
  "eval_cost": 0.961155653177403,
  "eval_fidelity": 0.9620632393316897,
  "eval_leakage": 0.008958236650443914,
  "eval_plan_path": "runs\\runtime\\gamma_1.570796\\alpha_2.983000\\plans\\iter_000072_control_plan.npz",
  "eval_time_ns": 180.0,
  "gamma": 1.5707963267948966,
  "phase_iter": 72,
  "robustness": {
    "sigma_1p0": {
      "average_fidelity": 0.9191571936817283,
      "average_gate_fidelity": 0.8989464921021606,
      "fidelity_variance": 0.0009425791720303269,
      "num_samples": 60,
      "sigma_mhz": 1.0
    }
  }
}