{
  "alpha": 2.983,
  "eval_cost": 1.323222948065162,
  "eval_fidelity": 0.937378008354404,
  "eval_leakage": 0.00828506610282899,
  "eval_plan_path": "runs\\runtime\\gamma_1.570796\\alpha_2.983000\\plans\\iter_000106_control_plan.npz",
  "eval_time_ns": 180.0,
  "gamma": 1.5707963267948966,
  "phase_iter": 106,
  "robustness": {
    "sigma_1p0": {
      "average_fidelity": 0.8963757896657175,
      "average_gate_fidelity": 0.8704697370821467,
      "fidelity_variance": 0.001978089026313761,
      "num_samples": 60,
      "sigma_mhz": 1.0
    }
  }
}