{
  "alpha": 2.983,
  "eval_cost": 0.7809105260203539,
  "eval_fidelity": 0.9679106065001699,
  "eval_leakage": 0.007841159066119954,
  "eval_plan_path": "runs\\runtime\\gamma_1.570796\\alpha_2.983000\\plans\\iter_000006_control_plan.npz",
  "eval_time_ns": 180.0,
  "gamma": 1.5707963267948966,
  "phase_iter": 6,
  "robustness": {
    "sigma_1p0": {
      "average_fidelity": 0.9196354129280071,
      "average_gate_fidelity": 0.8995442661600089,
      "fidelity_variance": 0.0012820413533105855,
      "num_samples": 60,
      "sigma_mhz": 1.0
    }
  }
}