{
  "alpha": 2.983,
  "eval_cost": 1.3104382403678871,
  "eval_fidelity": 0.9318285565566691,
  "eval_leakage": 0.007669838034616102,
  "eval_plan_path": "runs\\runtime\\gamma_1.570796\\alpha_2.983000\\plans\\iter_000141_control_plan.npz",
  "eval_time_ns": 180.0,
  "gamma": 1.5707963267948966,
  "phase_iter": 141,
  "robustness": {
    "sigma_1p0": {
      "average_fidelity": 0.8964955183198221,
      "average_gate_fidelity": 0.8706193978997775,
      "fidelity_variance": 0.0011582376328645144,
      "num_samples": 60,
      "sigma_mhz": 1.0
    }
  }
}