{
  "alpha": 2.983,
  "eval_cost": 1.307041222903296,
  "eval_fidelity": 0.9409362623401308,
  "eval_leakage": 0.008321208413359205,
  "eval_plan_path": "runs\\runtime\\gamma_1.570796\\alpha_2.983000\\plans\\iter_000104_control_plan.npz",
  "eval_time_ns": 180.0,
  "gamma": 1.5707963267948966,
  "phase_iter": 104,
  "robustness": {
    "sigma_1p0": {
      "average_fidelity": 0.9047260014689148,
      "average_gate_fidelity": 0.8809075018361434,
      "fidelity_variance": 0.0011081433831428822,
      "num_samples": 60,
      "sigma_mhz": 1.0
    }
  }
}