{
  "alpha": 2.983,
  "eval_cost": 1.298840704018529,
  "eval_fidelity": 0.9412168143168063,
  "eval_leakage": 0.008403750640831195,
  "eval_plan_path": "runs\\runtime\\gamma_1.570796\\alpha_2.983000\\plans\\iter_000102_control_plan.npz",
  "eval_time_ns": 180.0,
  "gamma": 1.5707963267948966,
  "phase_iter": 102,
  "robustness": {
    "sigma_1p0": {
      "average_fidelity": 0.9033955648958618,
      "average_gate_fidelity": 0.8792444561198266,
      "fidelity_variance": 0.0011765528473233432,
      "num_samples": 60,
      "sigma_mhz": 1.0
    }
  }
}