{
  "alpha": 2.983,
  "eval_cost": 1.3471559057005165,
  "eval_fidelity": 0.9344317292171846,
  "eval_leakage": 0.007836376939027234,
  "eval_plan_path": "runs\\runtime\\gamma_1.570796\\alpha_2.983000\\plans\\iter_000130_control_plan.npz",
  "eval_time_ns": 180.0,
  "gamma": 1.5707963267948966,
  "phase_iter": 130,
  "robustness": {
    "sigma_1p0": {
      "average_fidelity": 0.8967938932267508,
      "average_gate_fidelity": 0.8709923665334383,
      "fidelity_variance": 0.0011809337822185533,
      "num_samples": 60,
      "sigma_mhz": 1.0
    }
  }
}