{
  "alpha": 2.983,
  "eval_cost": 1.4123953530446467,
  "eval_fidelity": 0.932508492469602,
  "eval_leakage": 0.008015051215563724,
  "eval_plan_path": "runs\\runtime\\gamma_1.570796\\alpha_2.983000\\plans\\iter_000117_control_plan.npz",
  "eval_time_ns": 180.0,
  "gamma": 1.5707963267948966,
  "phase_iter": 117,
  "robustness": {
    "sigma_1p0": {
      "average_fidelity": 0.9023756974214511,
      "average_gate_fidelity": 0.877969621776814,
      "fidelity_variance": 0.0014451528809360696,
      "num_samples": 60,
      "sigma_mhz": 1.0
    }
  }
}