{
  "alpha": 2.983,
  "eval_cost": 1.3811376062251834,
  "eval_fidelity": 0.9270818374054779,
  "eval_leakage": 0.007700227320037972,
  "eval_plan_path": "runs\\runtime\\gamma_1.570796\\alpha_2.983000\\plans\\iter_000139_control_plan.npz",
  "eval_time_ns": 180.0,
  "gamma": 1.5707963267948966,
  "phase_iter": 139,
  "robustness": {
    "sigma_1p0": {
      "average_fidelity": 0.8974355794762645,
      "average_gate_fidelity": 0.8717944743453305,
      "fidelity_variance": 0.0013322423042235853,
      "num_samples": 60,
      "sigma_mhz": 1.0
    }
  }
}