{
  "alpha": 2.983,
  "eval_cost": 1.3773255700153713,
  "eval_fidelity": 0.9320246610985157,
  "eval_leakage": 0.007985552184626168,
  "eval_plan_path": "runs\\runtime\\gamma_1.570796\\alpha_2.983000\\plans\\iter_000121_control_plan.npz",
  "eval_time_ns": 180.0,
  "gamma": 1.5707963267948966,
  "phase_iter": 121,
  "robustness": {
    "sigma_1p0": {
      "average_fidelity": 0.9063491853253596,
      "average_gate_fidelity": 0.8829364816566991,
      "fidelity_variance": 0.001154416528433373,
      "num_samples": 60,
      "sigma_mhz": 1.0
    }
  }
}