{
  "alpha": 2.983,
  "eval_cost": 1.3615894690987547,
  "eval_fidelity": 0.9342870714878734,
  "eval_leakage": 0.007941966532201895,
  "eval_plan_path": "runs\\runtime\\gamma_1.570796\\alpha_2.983000\\plans\\iter_000120_control_plan.npz",
  "eval_time_ns": 180.0,
  "gamma": 1.5707963267948966,
  "phase_iter": 120,
  "robustness": {
    "sigma_1p0": {
      "average_fidelity": 0.8931572235369578,
      "average_gate_fidelity": 0.8664465294211972,
      "fidelity_variance": 0.0014424289975471444,
      "num_samples": 60,
      "sigma_mhz": 1.0
    }
  }
}