{
  "alpha": 2.983,
  "eval_cost": 1.3664059587907866,
  "eval_fidelity": 0.9312628313726791,
  "eval_leakage": 0.007803223314935944,
  "eval_plan_path": "runs\\runtime\\gamma_1.570796\\alpha_2.983000\\plans\\iter_000133_control_plan.npz",
  "eval_time_ns": 180.0,
  "gamma": 1.5707963267948966,
  "phase_iter": 133,
  "robustness": {
    "sigma_1p0": {
      "average_fidelity": 0.9024002436658624,
      "average_gate_fidelity": 0.8780003045823278,
      "fidelity_variance": 0.0015332157641936882,
      "num_samples": 60,
      "sigma_mhz": 1.0
    }
  }
}