{
  "alpha": 2.983,
  "eval_cost": 0.9043312167013848,
  "eval_fidelity": 0.9578557326297568,
  "eval_leakage": 0.008985618241239725,
  "eval_plan_path": "runs\\runtime\\gamma_1.570796\\alpha_2.983000\\plans\\iter_000058_control_plan.npz",
  "eval_time_ns": 180.0,
  "gamma": 1.5707963267948966,
  "phase_iter": 58,
  "robustness": {
    "sigma_1p0": {
      "average_fidelity": 0.9148068950892313,
      "average_gate_fidelity": 0.8935086188615389,
      "fidelity_variance": 0.0008533154985160834,
      "num_samples": 60,
      "sigma_mhz": 1.0
    }
  }
}