{
  "alpha": 2.983,
  "eval_cost": 1.3755091103107315,
  "eval_fidelity": 0.9309319007856169,
  "eval_leakage": 0.007818206810571087,
  "eval_plan_path": "runs\\runtime\\gamma_1.570796\\alpha_2.983000\\plans\\iter_000132_control_plan.npz",
  "eval_time_ns": 180.0,
  "gamma": 1.5707963267948966,
  "phase_iter": 132,
  "robustness": {
    "sigma_1p0": {
      "average_fidelity": 0.8981926070516494,
      "average_gate_fidelity": 0.8727407588145618,
      "fidelity_variance": 0.0011645057539329084,
      "num_samples": 60,
      "sigma_mhz": 1.0
    }
  }
}