{
  "alpha": 2.983,
  "eval_cost": 1.4326499488116535,
  "eval_fidelity": 0.8959258491693106,
  "eval_leakage": 0.00763225102989627,
  "eval_plan_path": "runs\\runtime\\gamma_1.570796\\alpha_2.983000\\plans\\iter_000036_control_plan.npz",
  "eval_time_ns": 180.0,
  "gamma": 1.5707963267948966,
  "phase_iter": 36,
  "robustness": {
    "sigma_1p0": {
      "average_fidelity": 0.8726021462723349,
      "average_gate_fidelity": 0.8407526828404187,
      "fidelity_variance": 0.0017690831186336332,
      "num_samples": 60,
      "sigma_mhz": 1.0
    }
  }
}