{
  "alpha": 2.983,
  "eval_cost": 1.338062905982029,
  "eval_fidelity": 0.9237884102670384,
  "eval_leakage": 0.007658760870009841,
  "eval_plan_path": "runs\\runtime\\gamma_1.570796\\alpha_2.983000\\plans\\iter_000146_control_plan.npz",
  "eval_time_ns": 180.0,
  "gamma": 1.5707963267948966,
  "phase_iter": 146,
  "robustness": {
    "sigma_1p0": {
      "average_fidelity": 0.8951308448337454,
      "average_gate_fidelity": 0.8689135560421813,
      "fidelity_variance": 0.001029889667208329,
      "num_samples": 60,
      "sigma_mhz": 1.0
    }
  }
}