{
  "alpha": 2.983,
  "eval_cost": 1.33095597588062,
  "eval_fidelity": 0.9362025199944392,
  "eval_leakage": 0.008195333328117053,
  "eval_plan_path": "runs\\runtime\\gamma_1.570796\\alpha_2.983000\\plans\\iter_000110_control_plan.npz",
  "eval_time_ns": 180.0,
  "gamma": 1.5707963267948966,
  "phase_iter": 110,
  "robustness": {
    "sigma_1p0": {
      "average_fidelity": 0.9085915709255379,
      "average_gate_fidelity": 0.885739463656922,
      "fidelity_variance": 0.0008646588308356439,
      "num_samples": 60,
      "sigma_mhz": 1.0
    }
  }
}