{
  "alpha": 2.983,
  "eval_cost": 1.4029184589098187,
  "eval_fidelity": 0.9327506259280566,
  "eval_leakage": 0.008090127437166568,
  "eval_plan_path": "runs\\runtime\\gamma_1.570796\\alpha_2.983000\\plans\\iter_000116_control_plan.npz",
  "eval_time_ns": 180.0,
  "gamma": 1.5707963267948966,
  "phase_iter": 116,
  "robustness": {
    "sigma_1p0": {
      "average_fidelity": 0.8942190333663835,
      "average_gate_fidelity": 0.8677737917079793,
      "fidelity_variance": 0.0016501173823959014,
      "num_samples": 60,
      "sigma_mhz": 1.0
    }
  }
}