{
  "alpha": 2.2,
  "eval_cost": 2.4406870340126297,
  "eval_fidelity": 0.7586588513189957,
  "eval_leakage": 0.00011766834287434168,
  "eval_plan_path": "runs\\cost_function_sweep\\trpo\\a-2p2_dc7e8ba1\\seed_1\\plans\\iter_000001_control_plan.npz",
  "eval_time_ns": 180.0,
  "gamma": 1.5707963267948966,
  "iteration": 1,
  "robustness": {
    "sigma_1p0": {
      "average_fidelity": 0.7711659765983545,
      "average_gate_fidelity": 0.713957470747943,
      "fidelity_variance": 0.00469826882376223,
      "num_samples": 60,
      "sigma_mhz": 1.0
    }
  }
}