{
  "alpha": 2.2,
  "eval_cost": 1.2802655113888837,
  "eval_fidelity": 0.991521186877751,
  "eval_leakage": 0.0002881432169011674,
  "eval_plan_path": "runs\\cost_function_sweep\\trpo\\a-2p2_dc7e8ba1\\seed_1\\plans\\iter_000003_control_plan.npz",
  "eval_time_ns": 180.0,
  "gamma": 1.5707963267948966,
  "iteration": 3,
  "robustness": {
    "sigma_1p0": {
      "average_fidelity": 0.9377692349720488,
      "average_gate_fidelity": 0.9222115437150608,
      "fidelity_variance": 0.0006998609769665292,
      "num_samples": 60,
      "sigma_mhz": 1.0
    }
  }
}