{
  "alpha": 2.2,
  "eval_cost": 1.2300901600784993,
  "eval_fidelity": 0.9966339819362376,
  "eval_leakage": 0.0003937231689021045,
  "eval_plan_path": "runs\\cost_function_sweep\\trpo\\a-2p2_dc7e8ba1\\seed_1\\plans\\iter_000004_control_plan.npz",
  "eval_time_ns": 180.0,
  "gamma": 1.5707963267948966,
  "iteration": 4,
  "robustness": {
    "sigma_1p0": {
      "average_fidelity": 0.9464302718582213,
      "average_gate_fidelity": 0.9330378398227767,
      "fidelity_variance": 0.0004933662132174784,
      "num_samples": 60,
      "sigma_mhz": 1.0
    }
  }
}