{
  "alpha": 2.2,
  "eval_cost": 1.408374590359967,
  "eval_fidelity": 0.8409150058161098,
  "eval_leakage": 0.00014536157673790274,
  "eval_plan_path": "runs\\cost_function_sweep\\trpo\\a-2p2_99e68da7\\seed_2\\plans\\iter_000003_control_plan.npz",
  "eval_time_ns": 180.0,
  "gamma": 1.5707963267948966,
  "iteration": 3,
  "robustness": {
    "sigma_1p0": {
      "average_fidelity": 0.8221719298556348,
      "average_gate_fidelity": 0.7777149123195436,
      "fidelity_variance": 0.003911697319235989,
      "num_samples": 60,
      "sigma_mhz": 1.0
    }
  }
}