{
  "alpha": 2.2,
  "eval_cost": 1.5675781354548495,
  "eval_fidelity": 0.8144525577647955,
  "eval_leakage": 0.00013411988436244662,
  "eval_plan_path": "runs\\cost_function_sweep\\trpo\\a-2p2_99e68da7\\seed_2\\plans\\iter_000002_control_plan.npz",
  "eval_time_ns": 180.0,
  "gamma": 1.5707963267948966,
  "iteration": 2,
  "robustness": {
    "sigma_1p0": {
      "average_fidelity": 0.8059127651289393,
      "average_gate_fidelity": 0.7573909564111739,
      "fidelity_variance": 0.0035665883072671985,
      "num_samples": 60,
      "sigma_mhz": 1.0
    }
  }
}