{
  "alpha": 2.2,
  "eval_cost": 1.4391454687085337,
  "eval_fidelity": 0.8345367847787156,
  "eval_leakage": 0.00017107735860890952,
  "eval_plan_path": "runs\\cost_function_sweep\\trpo\\a-2p2_99e68da7\\seed_2\\plans\\iter_000004_control_plan.npz",
  "eval_time_ns": 180.0,
  "gamma": 1.5707963267948966,
  "iteration": 4,
  "robustness": {
    "sigma_1p0": {
      "average_fidelity": 0.8271034797720862,
      "average_gate_fidelity": 0.783879349715108,
      "fidelity_variance": 0.004311533161336559,
      "num_samples": 60,
      "sigma_mhz": 1.0
    }
  }
}