{
  "alpha": 2.2,
  "eval_cost": 2.21829895841121,
  "eval_fidelity": 0.6867578898247879,
  "eval_leakage": 7.798657682461065e-05,
  "eval_plan_path": "runs\\cost_function_sweep\\trpo\\a-2p2_99e68da7\\seed_2\\plans\\iter_000001_control_plan.npz",
  "eval_time_ns": 180.0,
  "gamma": 1.5707963267948966,
  "iteration": 1,
  "robustness": {
    "sigma_1p0": {
      "average_fidelity": 0.7202939430658422,
      "average_gate_fidelity": 0.6503674288323027,
      "fidelity_variance": 0.003722961984287379,
      "num_samples": 60,
      "sigma_mhz": 1.0
    }
  }
}