{
  "alpha": 2.2,
  "eval_cost": 0.7895131932379387,
  "eval_fidelity": 0.9925296588915351,
  "eval_leakage": 0.00020434519436605592,
  "eval_plan_path": "runs\\cost_function_sweep\\trpo\\a-2p2_417e426d\\seed_2\\plans\\iter_000003_control_plan.npz",
  "eval_time_ns": 180.0,
  "gamma": 1.5707963267948966,
  "iteration": 3,
  "robustness": {
    "sigma_1p0": {
      "average_fidelity": 0.9420303239130435,
      "average_gate_fidelity": 0.9275379048913045,
      "fidelity_variance": 0.000875865728165227,
      "num_samples": 60,
      "sigma_mhz": 1.0
    }
  }
}