{
  "alpha": 2.2,
  "eval_cost": 4.989251178982164,
  "eval_fidelity": 0.7823769338216523,
  "eval_leakage": 0.00010123578429592154,
  "eval_plan_path": "runs\\cost_function_sweep\\trpo\\a-2p2_417e426d\\seed_2\\plans\\iter_000001_control_plan.npz",
  "eval_time_ns": 180.0,
  "gamma": 1.5707963267948966,
  "iteration": 1,
  "robustness": {
    "sigma_1p0": {
      "average_fidelity": 0.7926640532868509,
      "average_gate_fidelity": 0.7408300666085637,
      "fidelity_variance": 0.003022524075007265,
      "num_samples": 60,
      "sigma_mhz": 1.0
    }
  }
}