{
  "alpha": 2.2,
  "eval_cost": 1.250786199671626,
  "eval_fidelity": 0.9704966701114898,
  "eval_leakage": 0.00016280440824233876,
  "eval_plan_path": "runs\\cost_function_sweep\\trpo\\a-2p2_417e426d\\seed_2\\plans\\iter_000002_control_plan.npz",
  "eval_time_ns": 180.0,
  "gamma": 1.5707963267948966,
  "iteration": 2,
  "robustness": {
    "sigma_1p0": {
      "average_fidelity": 0.9247572154847454,
      "average_gate_fidelity": 0.9059465193559316,
      "fidelity_variance": 0.0010862174172772802,
      "num_samples": 60,
      "sigma_mhz": 1.0
    }
  }
}