{
  "alpha": 2.2,
  "eval_cost": 2.3736156317697317,
  "eval_fidelity": 0.9427130748798043,
  "eval_leakage": 0.00034672325783252053,
  "eval_plan_path": "runs\\cost_function_sweep\\trpo\\a-2p2__g-pi_2__kl-0p005__tc-0p15__std-m1p0__dt-2p0__mt-180p0__chi-20p0__beta-10p0__mu-0p1__kappa-0p4\\seed_2\\plans\\iter_000005_control_plan.npz",
  "eval_time_ns": 180.0,
  "gamma": 1.5707963267948966,
  "iteration": 5,
  "robustness": {
    "sigma_1p0": {
      "average_fidelity": 0.9068578648097297,
      "average_gate_fidelity": 0.8835723310121623,
      "fidelity_variance": 0.0018791733886030703,
      "num_samples": 60,
      "sigma_mhz": 1.0
    }
  }
}