{
  "alpha": 2.2,
  "eval_cost": 1.063597407503143,
  "eval_fidelity": 0.9591457682455173,
  "eval_leakage": 0.00016575256366413427,
  "eval_plan_path": "runs\\cost_function_sweep\\trpo\\a-2p2_bee7464c\\seed_2\\plans\\iter_000002_control_plan.npz",
  "eval_time_ns": 180.0,
  "gamma": 1.5707963267948966,
  "iteration": 2,
  "robustness": {
    "sigma_1p0": {
      "average_fidelity": 0.91592677363547,
      "average_gate_fidelity": 0.8949084670443371,
      "fidelity_variance": 0.0012994519495949754,
      "num_samples": 60,
      "sigma_mhz": 1.0
    }
  }
}