{
  "alpha": 2.2,
  "eval_cost": 0.8222041754952469,
  "eval_fidelity": 0.9786568313018374,
  "eval_leakage": 0.0002706722884371954,
  "eval_plan_path": "runs\\cost_function_sweep\\trpo\\a-2p2_bee7464c\\seed_2\\plans\\iter_000004_control_plan.npz",
  "eval_time_ns": 180.0,
  "gamma": 1.5707963267948966,
  "iteration": 4,
  "robustness": {
    "sigma_1p0": {
      "average_fidelity": 0.9322508891121603,
      "average_gate_fidelity": 0.9153136113902001,
      "fidelity_variance": 0.000897451521375821,
      "num_samples": 60,
      "sigma_mhz": 1.0
    }
  }
}