{
  "alpha": 2.826,
  "best_checkpoint": "runs\\runtime\\gamma_1.570796\\alpha_2.826000\\best_agent.pt",
  "best_cost": 0.501332963166268,
  "best_fidelity": 0.9885280103246107,
  "best_leakage": 0.007446951248274783,
  "best_min_cost": 0.4500064850314112,
  "best_min_cost_time_ns": 156.0,
  "control_plan": "runs\\runtime\\gamma_1.570796\\alpha_2.826000\\best_control_plan.npz",
  "curriculum_checkpoint": "runs\\runtime\\gamma_1.570796\\curriculum_checkpoints\\after_alpha_2.826000.pt",
  "gamma": 1.5707963267948966,
  "iterations_used": 150.0,
  "last_checkpoint": "runs\\runtime\\gamma_1.570796\\alpha_2.826000\\last_agent.pt",
  "runtime_ns": 180.0,
  "train_avg_fidelity": 0.9086330088484564
}