{
  "alpha": 2.2,
  "eval_cost": 1.1513445069813542,
  "eval_fidelity": 0.9590987501758744,
  "eval_leakage": 0.0002443433948816565,
  "eval_plan_path": "runs\\cost_function_sweep\\trpo\\a-2p2_444b5f60\\seed_2\\plans\\iter_000005_control_plan.npz",
  "eval_time_ns": 180.0,
  "gamma": 1.5707963267948966,
  "iteration": 5,
  "robustness": {
    "sigma_1p0": {
      "average_fidelity": 0.9154976203631048,
      "average_gate_fidelity": 0.894372025453881,
      "fidelity_variance": 0.0012689986610468673,
      "num_samples": 60,
      "sigma_mhz": 1.0
    }
  }
}