{
  "alpha": 2.2,
  "eval_cost": 0.9972669354007652,
  "eval_fidelity": 0.9631581153544471,
  "eval_leakage": 0.0002083152715246352,
  "eval_plan_path": "runs\\cost_function_sweep\\trpo\\a-2p2_444b5f60\\seed_2\\plans\\iter_000004_control_plan.npz",
  "eval_time_ns": 180.0,
  "gamma": 1.5707963267948966,
  "iteration": 4,
  "robustness": {
    "sigma_1p0": {
      "average_fidelity": 0.9219773535265035,
      "average_gate_fidelity": 0.9024716919081293,
      "fidelity_variance": 0.0015505273117789667,
      "num_samples": 60,
      "sigma_mhz": 1.0
    }
  }
}