{
  "alpha": 0.157,
  "best_checkpoint": "runs\\runtime\\gamma_1.570796\\alpha_0.157000\\best_agent.pt",
  "best_cost": 0.39880300836735394,
  "best_fidelity": 0.9880321465291605,
  "best_leakage": 0.0035524523475873927,
  "best_min_cost": 0.39880300836735394,
  "best_min_cost_time_ns": 142.0,
  "control_plan": "runs\\runtime\\gamma_1.570796\\alpha_0.157000\\best_control_plan.npz",
  "curriculum_checkpoint": "runs\\runtime\\gamma_1.570796\\curriculum_checkpoints\\after_alpha_0.157000.pt",
  "gamma": 1.5707963267948966,
  "iterations_used": 90.0,
  "last_checkpoint": "runs\\runtime\\gamma_1.570796\\alpha_0.157000\\last_agent.pt",
  "runtime_ns": 142.0,
  "train_avg_fidelity": 0.478004367909119
}