{
  "alpha": 2.2,
  "eval_cost": 0.852499637231819,
  "eval_fidelity": 0.9035001952043905,
  "eval_leakage": 0.00019415685285133682,
  "eval_plan_path": "runs\\cost_function_sweep\\trpo\\a-2p2_ba3552fe\\seed_1\\plans\\iter_000002_control_plan.npz",
  "eval_time_ns": 180.0,
  "gamma": 1.5707963267948966,
  "iteration": 2,
  "robustness": {
    "sigma_1p0": {
      "average_fidelity": 0.8771867391843391,
      "average_gate_fidelity": 0.8464834239804239,
      "fidelity_variance": 0.002077673408755919,
      "num_samples": 60,
      "sigma_mhz": 1.0
    }
  }
}