{
  "alpha": 1.0,
  "best_cost": 0.24306553776021492,
  "best_fidelity": 0.9904871240289036,
  "best_horizon_ns": 60.0,
  "best_leakage": 0.0003902216192122685,
  "control_plan": "runs/adam_runtime_sweep\\gamma_1.570796\\alpha_1.000000\\best_control_plan.npz",
  "gamma": 1.5707963267948966,
  "robustness_path": "runs/adam_runtime_sweep\\gamma_1.570796\\alpha_1.000000\\robustness\\best_robustness.json",
  "robustness_sigma_1p0_average_fidelity": 0.9753383487767338,
  "robustness_sigma_1p0_average_gate_fidelity": 0.9691729359709171,
  "robustness_sigma_1p0_fidelity_variance": 0.00012238265003320663,
  "runtime_ns": 60.0
}