{
  "alpha": 3.1,
  "best_horizon_ns": 70.0,
  "gamma": 1.5707963267948966,
  "robustness": {
    "sigma_1p0": {
      "average_fidelity": 0.9377015729985916,
      "average_gate_fidelity": 0.9221269662482395,
      "fidelity_variance": 0.00034117788578033327,
      "num_samples": 60,
      "sigma_mhz": 1.0
    }
  }
}