{
  "alpha": 1.727,
  "eval_cost": 3.4369006773035187,
  "eval_fidelity": 0.6946580794808139,
  "eval_leakage": 0.007243447124777639,
  "eval_plan_path": "runs\\runtime\\gamma_1.570796\\alpha_1.727000\\plans\\iter_000026_control_plan.npz",
  "eval_time_ns": 180.0,
  "gamma": 1.5707963267948966,
  "phase_iter": 26,
  "robustness": {
    "sigma_1p0": {
      "average_fidelity": 0.712319229310775,
      "average_gate_fidelity": 0.6403990366384686,
      "fidelity_variance": 0.0037211655620033803,
      "num_samples": 60,
      "sigma_mhz": 1.0
    }
  }
}