{
  "alpha": 1.727,
  "eval_cost": 3.7789323653836426,
  "eval_fidelity": 0.6676055478403977,
  "eval_leakage": 0.006720859443762397,
  "eval_plan_path": "runs\\runtime\\gamma_1.570796\\alpha_1.727000\\plans\\iter_000057_control_plan.npz",
  "eval_time_ns": 180.0,
  "gamma": 1.5707963267948966,
  "phase_iter": 57,
  "robustness": {
    "sigma_1p0": {
      "average_fidelity": 0.712878680259127,
      "average_gate_fidelity": 0.6410983503239088,
      "fidelity_variance": 0.0035022818665404474,
      "num_samples": 60,
      "sigma_mhz": 1.0
    }
  }
}