{
  "alpha": 1.727,
  "eval_cost": 3.207023769783172,
  "eval_fidelity": 0.72551515817709,
  "eval_leakage": 0.0068468007733207,
  "eval_plan_path": "runs\\runtime\\gamma_1.570796\\alpha_1.727000\\plans\\iter_000050_control_plan.npz",
  "eval_time_ns": 180.0,
  "gamma": 1.5707963267948966,
  "phase_iter": 50,
  "robustness": {
    "sigma_1p0": {
      "average_fidelity": 0.7540337885868206,
      "average_gate_fidelity": 0.6925422357335258,
      "fidelity_variance": 0.003684700348832645,
      "num_samples": 60,
      "sigma_mhz": 1.0
    }
  }
}