{
  "alpha": 1.727,
  "eval_cost": 3.4486252557145063,
  "eval_fidelity": 0.6935694318164342,
  "eval_leakage": 0.007229971721090551,
  "eval_plan_path": "runs\\runtime\\gamma_1.570796\\alpha_1.727000\\plans\\iter_000025_control_plan.npz",
  "eval_time_ns": 180.0,
  "gamma": 1.5707963267948966,
  "phase_iter": 25,
  "robustness": {
    "sigma_1p0": {
      "average_fidelity": 0.7285983441444039,
      "average_gate_fidelity": 0.6607479301805047,
      "fidelity_variance": 0.0029253738227217885,
      "num_samples": 60,
      "sigma_mhz": 1.0
    }
  }
}