{
  "alpha": 1.727,
  "eval_cost": 3.808176872617687,
  "eval_fidelity": 0.6658498260616922,
  "eval_leakage": 0.006794104536696456,
  "eval_plan_path": "runs\\runtime\\gamma_1.570796\\alpha_1.727000\\plans\\iter_000053_control_plan.npz",
  "eval_time_ns": 180.0,
  "gamma": 1.5707963267948966,
  "phase_iter": 53,
  "robustness": {
    "sigma_1p0": {
      "average_fidelity": 0.7066014221826284,
      "average_gate_fidelity": 0.6332517777282856,
      "fidelity_variance": 0.003371935622889755,
      "num_samples": 60,
      "sigma_mhz": 1.0
    }
  }
}