{
  "alpha": 1.727,
  "eval_cost": 0.3935678552546607,
  "eval_fidelity": 0.9861485763420528,
  "eval_leakage": 0.004701925036006043,
  "eval_plan_path": "runs\\runtime\\gamma_1.570796\\alpha_1.727000\\plans\\iter_000061_control_plan.npz",
  "eval_time_ns": 124.0,
  "gamma": 1.5707963267948966,
  "phase_iter": 61,
  "robustness": {
    "sigma_1p0": {
      "average_fidelity": 0.9575170643879893,
      "average_gate_fidelity": 0.9468963304849864,
      "fidelity_variance": 0.00045700922438529515,
      "num_samples": 60,
      "sigma_mhz": 1.0
    }
  }
}