{
  "alpha": 1.727,
  "eval_cost": 3.3094476611012027,
  "eval_fidelity": 0.7074278551636842,
  "eval_leakage": 0.007214572903996601,
  "eval_plan_path": "runs\\runtime\\gamma_1.570796\\alpha_1.727000\\plans\\iter_000027_control_plan.npz",
  "eval_time_ns": 180.0,
  "gamma": 1.5707963267948966,
  "phase_iter": 27,
  "robustness": {
    "sigma_1p0": {
      "average_fidelity": 0.7253696248219095,
      "average_gate_fidelity": 0.656712031027387,
      "fidelity_variance": 0.002435198376934854,
      "num_samples": 60,
      "sigma_mhz": 1.0
    }
  }
}