{
  "alpha": 1.727,
  "eval_cost": 3.775506492607059,
  "eval_fidelity": 0.6693235270967742,
  "eval_leakage": 0.006760070962538056,
  "eval_plan_path": "runs\\runtime\\gamma_1.570796\\alpha_1.727000\\plans\\iter_000054_control_plan.npz",
  "eval_time_ns": 180.0,
  "gamma": 1.5707963267948966,
  "phase_iter": 54,
  "robustness": {
    "sigma_1p0": {
      "average_fidelity": 0.7007237993181739,
      "average_gate_fidelity": 0.6259047491477172,
      "fidelity_variance": 0.0029279307498334102,
      "num_samples": 60,
      "sigma_mhz": 1.0
    }
  }
}