{
  "alpha": 1.727,
  "eval_cost": 4.092062521175656,
  "eval_fidelity": 0.6313367265920655,
  "eval_leakage": 0.007558309585444329,
  "eval_plan_path": "runs\\runtime\\gamma_1.570796\\alpha_1.727000\\plans\\iter_000007_control_plan.npz",
  "eval_time_ns": 180.0,
  "gamma": 1.5707963267948966,
  "phase_iter": 7,
  "robustness": {
    "sigma_1p0": {
      "average_fidelity": 0.6714642551756139,
      "average_gate_fidelity": 0.5893303189695175,
      "fidelity_variance": 0.004468042098947003,
      "num_samples": 60,
      "sigma_mhz": 1.0
    }
  }
}