{
  "alpha": 1.727,
  "eval_cost": 2.7548245598540317,
  "eval_fidelity": 0.7693217472308264,
  "eval_leakage": 0.006932929683249782,
  "eval_plan_path": "runs\\runtime\\gamma_1.570796\\alpha_1.727000\\plans\\iter_000044_control_plan.npz",
  "eval_time_ns": 180.0,
  "gamma": 1.5707963267948966,
  "phase_iter": 44,
  "robustness": {
    "sigma_1p0": {
      "average_fidelity": 0.7931325166268814,
      "average_gate_fidelity": 0.7414156457836019,
      "fidelity_variance": 0.002039527850274381,
      "num_samples": 60,
      "sigma_mhz": 1.0
    }
  }
}