{
  "alpha": 1.727,
  "eval_cost": 2.9781213806357174,
  "eval_fidelity": 0.7433996449709132,
  "eval_leakage": 0.007051185291303569,
  "eval_plan_path": "runs\\runtime\\gamma_1.570796\\alpha_1.727000\\plans\\iter_000033_control_plan.npz",
  "eval_time_ns": 180.0,
  "gamma": 1.5707963267948966,
  "phase_iter": 33,
  "robustness": {
    "sigma_1p0": {
      "average_fidelity": 0.7636474570220566,
      "average_gate_fidelity": 0.7045593212775707,
      "fidelity_variance": 0.003145099583459235,
      "num_samples": 60,
      "sigma_mhz": 1.0
    }
  }
}