{
  "alpha": 1.727,
  "eval_cost": 3.7991429095315814,
  "eval_fidelity": 0.6638025716087483,
  "eval_leakage": 0.006701735353764071,
  "eval_plan_path": "runs\\runtime\\gamma_1.570796\\alpha_1.727000\\plans\\iter_000059_control_plan.npz",
  "eval_time_ns": 180.0,
  "gamma": 1.5707963267948966,
  "phase_iter": 59,
  "robustness": {
    "sigma_1p0": {
      "average_fidelity": 0.7048086331210295,
      "average_gate_fidelity": 0.6310107914012868,
      "fidelity_variance": 0.0029762327644981,
      "num_samples": 60,
      "sigma_mhz": 1.0
    }
  }
}