{
  "alpha": 1.727,
  "eval_cost": 3.6988288464088006,
  "eval_fidelity": 0.6771956805378193,
  "eval_leakage": 0.006747961729222127,
  "eval_plan_path": "runs\\runtime\\gamma_1.570796\\alpha_1.727000\\plans\\iter_000055_control_plan.npz",
  "eval_time_ns": 180.0,
  "gamma": 1.5707963267948966,
  "phase_iter": 55,
  "robustness": {
    "sigma_1p0": {
      "average_fidelity": 0.7012819403001004,
      "average_gate_fidelity": 0.6266024253751254,
      "fidelity_variance": 0.0037302152641541775,
      "num_samples": 60,
      "sigma_mhz": 1.0
    }
  }
}