{
  "alpha": 1.727,
  "eval_cost": 3.749699396862357,
  "eval_fidelity": 0.6632962396339003,
  "eval_leakage": 0.007458776052921902,
  "eval_plan_path": "runs\\runtime\\gamma_1.570796\\alpha_1.727000\\plans\\iter_000015_control_plan.npz",
  "eval_time_ns": 180.0,
  "gamma": 1.5707963267948966,
  "phase_iter": 15,
  "robustness": {
    "sigma_1p0": {
      "average_fidelity": 0.7062093306171621,
      "average_gate_fidelity": 0.6327616632714524,
      "fidelity_variance": 0.004826083019689334,
      "num_samples": 60,
      "sigma_mhz": 1.0
    }
  }
}