{
  "alpha": 1.727,
  "eval_cost": 3.577711321129506,
  "eval_fidelity": 0.6802369746245703,
  "eval_leakage": 0.007410970304643867,
  "eval_plan_path": "runs\\runtime\\gamma_1.570796\\alpha_1.727000\\plans\\iter_000018_control_plan.npz",
  "eval_time_ns": 180.0,
  "gamma": 1.5707963267948966,
  "phase_iter": 18,
  "robustness": {
    "sigma_1p0": {
      "average_fidelity": 0.7091257134383642,
      "average_gate_fidelity": 0.6364071417979551,
      "fidelity_variance": 0.003866101811213182,
      "num_samples": 60,
      "sigma_mhz": 1.0
    }
  }
}