{
  "alpha": 1.727,
  "eval_cost": 2.8532013276669526,
  "eval_fidelity": 0.7591455700700358,
  "eval_leakage": 0.006934481288728184,
  "eval_plan_path": "runs\\runtime\\gamma_1.570796\\alpha_1.727000\\plans\\iter_000046_control_plan.npz",
  "eval_time_ns": 180.0,
  "gamma": 1.5707963267948966,
  "phase_iter": 46,
  "robustness": {
    "sigma_1p0": {
      "average_fidelity": 0.7804954084635461,
      "average_gate_fidelity": 0.7256192605794326,
      "fidelity_variance": 0.002422233861899378,
      "num_samples": 60,
      "sigma_mhz": 1.0
    }
  }
}