{
  "alpha": 1.727,
  "eval_cost": 3.651371916332778,
  "eval_fidelity": 0.6810682930576243,
  "eval_leakage": 0.006747901087274208,
  "eval_plan_path": "runs\\runtime\\gamma_1.570796\\alpha_1.727000\\plans\\iter_000056_control_plan.npz",
  "eval_time_ns": 180.0,
  "gamma": 1.5707963267948966,
  "phase_iter": 56,
  "robustness": {
    "sigma_1p0": {
      "average_fidelity": 0.7054926424507766,
      "average_gate_fidelity": 0.6318658030634706,
      "fidelity_variance": 0.0038557192115531067,
      "num_samples": 60,
      "sigma_mhz": 1.0
    }
  }
}