{
  "alpha": 1.727,
  "eval_cost": 3.7702450059396817,
  "eval_fidelity": 0.6619558323432572,
  "eval_leakage": 0.007505946112250918,
  "eval_plan_path": "runs\\runtime\\gamma_1.570796\\alpha_1.727000\\plans\\iter_000013_control_plan.npz",
  "eval_time_ns": 180.0,
  "gamma": 1.5707963267948966,
  "phase_iter": 13,
  "robustness": {
    "sigma_1p0": {
      "average_fidelity": 0.695341837143189,
      "average_gate_fidelity": 0.6191772964289861,
      "fidelity_variance": 0.0046561588808095,
      "num_samples": 60,
      "sigma_mhz": 1.0
    }
  }
}