{
  "alpha": 1.727,
  "eval_cost": 2.9512273041372774,
  "eval_fidelity": 0.745802430244934,
  "eval_leakage": 0.00709186895742207,
  "eval_plan_path": "runs\\runtime\\gamma_1.570796\\alpha_1.727000\\plans\\iter_000032_control_plan.npz",
  "eval_time_ns": 180.0,
  "gamma": 1.5707963267948966,
  "phase_iter": 32,
  "robustness": {
    "sigma_1p0": {
      "average_fidelity": 0.757389762852579,
      "average_gate_fidelity": 0.6967372035657237,
      "fidelity_variance": 0.0031456893938763284,
      "num_samples": 60,
      "sigma_mhz": 1.0
    }
  }
}