{
  "alpha": 1.727,
  "eval_cost": 3.166697756861824,
  "eval_fidelity": 0.7226810476647394,
  "eval_leakage": 0.007131790851613052,
  "eval_plan_path": "runs\\runtime\\gamma_1.570796\\alpha_1.727000\\plans\\iter_000030_control_plan.npz",
  "eval_time_ns": 180.0,
  "gamma": 1.5707963267948966,
  "phase_iter": 30,
  "robustness": {
    "sigma_1p0": {
      "average_fidelity": 0.7490485663894235,
      "average_gate_fidelity": 0.6863107079867793,
      "fidelity_variance": 0.00280165600387773,
      "num_samples": 60,
      "sigma_mhz": 1.0
    }
  }
}