{
  "alpha": 1.727,
  "eval_cost": 2.7482784571342735,
  "eval_fidelity": 0.7690996002797903,
  "eval_leakage": 0.006976645698196659,
  "eval_plan_path": "runs\\runtime\\gamma_1.570796\\alpha_1.727000\\plans\\iter_000040_control_plan.npz",
  "eval_time_ns": 180.0,
  "gamma": 1.5707963267948966,
  "phase_iter": 40,
  "robustness": {
    "sigma_1p0": {
      "average_fidelity": 0.7833368227215156,
      "average_gate_fidelity": 0.7291710284018945,
      "fidelity_variance": 0.0032749145240792295,
      "num_samples": 60,
      "sigma_mhz": 1.0
    }
  }
}