{
  "alpha": 1.727,
  "eval_cost": 3.4051158296738624,
  "eval_fidelity": 0.6987224407541148,
  "eval_leakage": 0.007203793021319216,
  "eval_plan_path": "runs\\runtime\\gamma_1.570796\\alpha_1.727000\\plans\\iter_000028_control_plan.npz",
  "eval_time_ns": 180.0,
  "gamma": 1.5707963267948966,
  "phase_iter": 28,
  "robustness": {
    "sigma_1p0": {
      "average_fidelity": 0.7219286738737859,
      "average_gate_fidelity": 0.6524108423422323,
      "fidelity_variance": 0.0032564335242133533,
      "num_samples": 60,
      "sigma_mhz": 1.0
    }
  }
}