{
  "alpha": 1.727,
  "eval_cost": 3.2575147317176185,
  "eval_fidelity": 0.7199341390617777,
  "eval_leakage": 0.006891206167528321,
  "eval_plan_path": "runs\\runtime\\gamma_1.570796\\alpha_1.727000\\plans\\iter_000049_control_plan.npz",
  "eval_time_ns": 180.0,
  "gamma": 1.5707963267948966,
  "phase_iter": 49,
  "robustness": {
    "sigma_1p0": {
      "average_fidelity": 0.7425886314350327,
      "average_gate_fidelity": 0.6782357892937909,
      "fidelity_variance": 0.002603577511892631,
      "num_samples": 60,
      "sigma_mhz": 1.0
    }
  }
}