{
  "alpha": 1.727,
  "eval_cost": 3.3290010005708197,
  "eval_fidelity": 0.7136447526798116,
  "eval_leakage": 0.0068293379440656655,
  "eval_plan_path": "runs\\runtime\\gamma_1.570796\\alpha_1.727000\\plans\\iter_000051_control_plan.npz",
  "eval_time_ns": 180.0,
  "gamma": 1.5707963267948966,
  "phase_iter": 51,
  "robustness": {
    "sigma_1p0": {
      "average_fidelity": 0.7275223854528416,
      "average_gate_fidelity": 0.6594029818160521,
      "fidelity_variance": 0.0027638826631851813,
      "num_samples": 60,
      "sigma_mhz": 1.0
    }
  }
}