{
  "alpha": 1.727,
  "eval_cost": 2.820672070551807,
  "eval_fidelity": 0.7629162272835835,
  "eval_leakage": 0.006972656451879008,
  "eval_plan_path": "runs\\runtime\\gamma_1.570796\\alpha_1.727000\\plans\\iter_000038_control_plan.npz",
  "eval_time_ns": 180.0,
  "gamma": 1.5707963267948966,
  "phase_iter": 38,
  "robustness": {
    "sigma_1p0": {
      "average_fidelity": 0.7596614445606198,
      "average_gate_fidelity": 0.6995768057007746,
      "fidelity_variance": 0.003499685054302128,
      "num_samples": 60,
      "sigma_mhz": 1.0
    }
  }
}