{
  "alpha": 1.727,
  "eval_cost": 3.447715718558941,
  "eval_fidelity": 0.6931249269850022,
  "eval_leakage": 0.007261320597400483,
  "eval_plan_path": "runs\\runtime\\gamma_1.570796\\alpha_1.727000\\plans\\iter_000024_control_plan.npz",
  "eval_time_ns": 180.0,
  "gamma": 1.5707963267948966,
  "phase_iter": 24,
  "robustness": {
    "sigma_1p0": {
      "average_fidelity": 0.715120105891276,
      "average_gate_fidelity": 0.6439001323640948,
      "fidelity_variance": 0.0034631962680995504,
      "num_samples": 60,
      "sigma_mhz": 1.0
    }
  }
}