{
  "alpha": 1.727,
  "eval_cost": 2.9036065936447635,
  "eval_fidelity": 0.7545663153031298,
  "eval_leakage": 0.006991789014675648,
  "eval_plan_path": "runs\\runtime\\gamma_1.570796\\alpha_1.727000\\plans\\iter_000039_control_plan.npz",
  "eval_time_ns": 180.0,
  "gamma": 1.5707963267948966,
  "phase_iter": 39,
  "robustness": {
    "sigma_1p0": {
      "average_fidelity": 0.7643988232934031,
      "average_gate_fidelity": 0.7054985291167538,
      "fidelity_variance": 0.004432851741818624,
      "num_samples": 60,
      "sigma_mhz": 1.0
    }
  }
}