{
  "alpha": 1.727,
  "eval_cost": 3.5482073825648817,
  "eval_fidelity": 0.6829880076232862,
  "eval_leakage": 0.007346630039735,
  "eval_plan_path": "runs\\runtime\\gamma_1.570796\\alpha_1.727000\\plans\\iter_000020_control_plan.npz",
  "eval_time_ns": 180.0,
  "gamma": 1.5707963267948966,
  "phase_iter": 20,
  "robustness": {
    "sigma_1p0": {
      "average_fidelity": 0.7180256621702568,
      "average_gate_fidelity": 0.6475320777128211,
      "fidelity_variance": 0.003326156501857668,
      "num_samples": 60,
      "sigma_mhz": 1.0
    }
  }
}