{
  "alpha": 1.727,
  "eval_cost": 2.942572934624101,
  "eval_fidelity": 0.7480478587289644,
  "eval_leakage": 0.006974223116446054,
  "eval_plan_path": "runs\\runtime\\gamma_1.570796\\alpha_1.727000\\plans\\iter_000036_control_plan.npz",
  "eval_time_ns": 180.0,
  "gamma": 1.5707963267948966,
  "phase_iter": 36,
  "robustness": {
    "sigma_1p0": {
      "average_fidelity": 0.7583097462368363,
      "average_gate_fidelity": 0.6978871827960452,
      "fidelity_variance": 0.0031312572678856405,
      "num_samples": 60,
      "sigma_mhz": 1.0
    }
  }
}