{
  "alpha": 1.727,
  "eval_cost": 2.9634048127436703,
  "eval_fidelity": 0.745133147008411,
  "eval_leakage": 0.007035399509242577,
  "eval_plan_path": "runs\\runtime\\gamma_1.570796\\alpha_1.727000\\plans\\iter_000034_control_plan.npz",
  "eval_time_ns": 180.0,
  "gamma": 1.5707963267948966,
  "phase_iter": 34,
  "robustness": {
    "sigma_1p0": {
      "average_fidelity": 0.7644105154019438,
      "average_gate_fidelity": 0.7055131442524297,
      "fidelity_variance": 0.0036451756394654507,
      "num_samples": 60,
      "sigma_mhz": 1.0
    }
  }
}