{
  "alpha": 1.727,
  "eval_cost": 3.755374823700862,
  "eval_fidelity": 0.6627076311583434,
  "eval_leakage": 0.007458263250892546,
  "eval_plan_path": "runs\\runtime\\gamma_1.570796\\alpha_1.727000\\plans\\iter_000016_control_plan.npz",
  "eval_time_ns": 180.0,
  "gamma": 1.5707963267948966,
  "phase_iter": 16,
  "robustness": {
    "sigma_1p0": {
      "average_fidelity": 0.6993620899888359,
      "average_gate_fidelity": 0.6242026124860448,
      "fidelity_variance": 0.003739669441854562,
      "num_samples": 60,
      "sigma_mhz": 1.0
    }
  }
}