{
  "alpha": 1.727,
  "eval_cost": 3.6502693952591603,
  "eval_fidelity": 0.673120772389164,
  "eval_leakage": 0.007342284691216872,
  "eval_plan_path": "runs\\runtime\\gamma_1.570796\\alpha_1.727000\\plans\\iter_000022_control_plan.npz",
  "eval_time_ns": 180.0,
  "gamma": 1.5707963267948966,
  "phase_iter": 22,
  "robustness": {
    "sigma_1p0": {
      "average_fidelity": 0.6965635752233148,
      "average_gate_fidelity": 0.6207044690291437,
      "fidelity_variance": 0.002552418124488011,
      "num_samples": 60,
      "sigma_mhz": 1.0
    }
  }
}