{
  "alpha": 1.727,
  "eval_cost": 3.9665691080477137,
  "eval_fidelity": 0.6436463501028181,
  "eval_leakage": 0.007535994759849542,
  "eval_plan_path": "runs\\runtime\\gamma_1.570796\\alpha_1.727000\\plans\\iter_000008_control_plan.npz",
  "eval_time_ns": 180.0,
  "gamma": 1.5707963267948966,
  "phase_iter": 8,
  "robustness": {
    "sigma_1p0": {
      "average_fidelity": 0.6915371465479234,
      "average_gate_fidelity": 0.6144214331849042,
      "fidelity_variance": 0.004611554569526912,
      "num_samples": 60,
      "sigma_mhz": 1.0
    }
  }
}