{
  "alpha": 1.727,
  "eval_cost": 3.7773506905191123,
  "eval_fidelity": 0.6661007001389293,
  "eval_leakage": 0.006675281594877817,
  "eval_plan_path": "runs\\runtime\\gamma_1.570796\\alpha_1.727000\\plans\\iter_000060_control_plan.npz",
  "eval_time_ns": 180.0,
  "gamma": 1.5707963267948966,
  "phase_iter": 60,
  "robustness": {
    "sigma_1p0": {
      "average_fidelity": 0.705946485724644,
      "average_gate_fidelity": 0.6324331071558049,
      "fidelity_variance": 0.0030429680017952784,
      "num_samples": 60,
      "sigma_mhz": 1.0
    }
  }
}