{
  "alpha": 1.727,
  "eval_cost": 3.67527321244504,
  "eval_fidelity": 0.6702155986064731,
  "eval_leakage": 0.00738884743896224,
  "eval_plan_path": "runs\\runtime\\gamma_1.570796\\alpha_1.727000\\plans\\iter_000019_control_plan.npz",
  "eval_time_ns": 180.0,
  "gamma": 1.5707963267948966,
  "phase_iter": 19,
  "robustness": {
    "sigma_1p0": {
      "average_fidelity": 0.6990138389397867,
      "average_gate_fidelity": 0.6237672986747331,
      "fidelity_variance": 0.004350994150795443,
      "num_samples": 60,
      "sigma_mhz": 1.0
    }
  }
}