{
  "alpha": 1.727,
  "eval_cost": 2.8784078814182443,
  "eval_fidelity": 0.755975994051025,
  "eval_leakage": 0.006963409427496635,
  "eval_plan_path": "runs\\runtime\\gamma_1.570796\\alpha_1.727000\\plans\\iter_000037_control_plan.npz",
  "eval_time_ns": 180.0,
  "gamma": 1.5707963267948966,
  "phase_iter": 37,
  "robustness": {
    "sigma_1p0": {
      "average_fidelity": 0.7693953363806633,
      "average_gate_fidelity": 0.7117441704758293,
      "fidelity_variance": 0.004412080137229646,
      "num_samples": 60,
      "sigma_mhz": 1.0
    }
  }
}