{
  "alpha": 1.727,
  "eval_cost": 3.62534117507495,
  "eval_fidelity": 0.6835644207971219,
  "eval_leakage": 0.006826567034499145,
  "eval_plan_path": "runs\\runtime\\gamma_1.570796\\alpha_1.727000\\plans\\iter_000052_control_plan.npz",
  "eval_time_ns": 180.0,
  "gamma": 1.5707963267948966,
  "phase_iter": 52,
  "robustness": {
    "sigma_1p0": {
      "average_fidelity": 0.7160622767244511,
      "average_gate_fidelity": 0.6450778459055637,
      "fidelity_variance": 0.0028328236285577396,
      "num_samples": 60,
      "sigma_mhz": 1.0
    }
  }
}