{
  "alpha": 1.727,
  "eval_cost": 3.0122310872211653,
  "eval_fidelity": 0.743332739863859,
  "eval_leakage": 0.006879786123188911,
  "eval_plan_path": "runs\\runtime\\gamma_1.570796\\alpha_1.727000\\plans\\iter_000048_control_plan.npz",
  "eval_time_ns": 180.0,
  "gamma": 1.5707963267948966,
  "phase_iter": 48,
  "robustness": {
    "sigma_1p0": {
      "average_fidelity": 0.7715565063473969,
      "average_gate_fidelity": 0.7144456329342462,
      "fidelity_variance": 0.0027929171947951464,
      "num_samples": 60,
      "sigma_mhz": 1.0
    }
  }
}