{
  "alpha": 1.727,
  "eval_cost": 2.959348966288627,
  "eval_fidelity": 0.7438510783496446,
  "eval_leakage": 0.007102624333090339,
  "eval_plan_path": "runs\\runtime\\gamma_1.570796\\alpha_1.727000\\plans\\iter_000031_control_plan.npz",
  "eval_time_ns": 180.0,
  "gamma": 1.5707963267948966,
  "phase_iter": 31,
  "robustness": {
    "sigma_1p0": {
      "average_fidelity": 0.7620513499235835,
      "average_gate_fidelity": 0.7025641874044795,
      "fidelity_variance": 0.003343476015810359,
      "num_samples": 60,
      "sigma_mhz": 1.0
    }
  }
}