{
  "alpha": 1.727,
  "eval_cost": 3.7127067890764565,
  "eval_fidelity": 0.6672638326784741,
  "eval_leakage": 0.007476313654268386,
  "eval_plan_path": "runs\\runtime\\gamma_1.570796\\alpha_1.727000\\plans\\iter_000014_control_plan.npz",
  "eval_time_ns": 180.0,
  "gamma": 1.5707963267948966,
  "phase_iter": 14,
  "robustness": {
    "sigma_1p0": {
      "average_fidelity": 0.692713105104485,
      "average_gate_fidelity": 0.6158913813806063,
      "fidelity_variance": 0.004377395714908908,
      "num_samples": 60,
      "sigma_mhz": 1.0
    }
  }
}