{
  "alpha": 1.413,
  "eval_cost": 0.39941356280671103,
  "eval_fidelity": 0.9879882470358654,
  "eval_leakage": 0.005722312662971898,
  "eval_plan_path": "runs\\runtime\\gamma_1.570796\\alpha_1.413000\\plans\\iter_000020_control_plan.npz",
  "eval_time_ns": 132.0,
  "gamma": 1.5707963267948966,
  "phase_iter": 20,
  "robustness": {
    "sigma_1p0": {
      "average_fidelity": 0.9542353321281422,
      "average_gate_fidelity": 0.9427941651601774,
      "fidelity_variance": 0.0004092282106795892,
      "num_samples": 60,
      "sigma_mhz": 1.0
    }
  }
}