{
  "alpha": 1.413,
  "eval_cost": 1.9748061684746407,
  "eval_fidelity": 0.8439931249048837,
  "eval_leakage": 0.007314133338070422,
  "eval_plan_path": "runs\\runtime\\gamma_1.570796\\alpha_1.413000\\plans\\iter_000003_control_plan.npz",
  "eval_time_ns": 180.0,
  "gamma": 1.5707963267948966,
  "phase_iter": 3,
  "robustness": {
    "sigma_1p0": {
      "average_fidelity": 0.8285703954184522,
      "average_gate_fidelity": 0.7857129942730652,
      "fidelity_variance": 0.0029128134017911305,
      "num_samples": 60,
      "sigma_mhz": 1.0
    }
  }
}