{
  "alpha": 1.413,
  "eval_cost": 2.006618467889504,
  "eval_fidelity": 0.8416479606640339,
  "eval_leakage": 0.007459616862167965,
  "eval_plan_path": "runs\\runtime\\gamma_1.570796\\alpha_1.413000\\plans\\iter_000007_control_plan.npz",
  "eval_time_ns": 180.0,
  "gamma": 1.5707963267948966,
  "phase_iter": 7,
  "robustness": {
    "sigma_1p0": {
      "average_fidelity": 0.8263434073987108,
      "average_gate_fidelity": 0.7829292592483885,
      "fidelity_variance": 0.0015243325080730803,
      "num_samples": 60,
      "sigma_mhz": 1.0
    }
  }
}