{
  "alpha": 1.413,
  "eval_cost": 2.009545491010134,
  "eval_fidelity": 0.8404725661826303,
  "eval_leakage": 0.007440794171730609,
  "eval_plan_path": "runs\\runtime\\gamma_1.570796\\alpha_1.413000\\plans\\iter_000006_control_plan.npz",
  "eval_time_ns": 180.0,
  "gamma": 1.5707963267948966,
  "phase_iter": 6,
  "robustness": {
    "sigma_1p0": {
      "average_fidelity": 0.8196032569299577,
      "average_gate_fidelity": 0.7745040711624469,
      "fidelity_variance": 0.002758866034163802,
      "num_samples": 60,
      "sigma_mhz": 1.0
    }
  }
}