{
  "alpha": 1.413,
  "eval_cost": 2.259006727763342,
  "eval_fidelity": 0.8149570654671313,
  "eval_leakage": 0.007515740647167863,
  "eval_plan_path": "runs\\runtime\\gamma_1.570796\\alpha_1.413000\\plans\\iter_000013_control_plan.npz",
  "eval_time_ns": 180.0,
  "gamma": 1.5707963267948966,
  "phase_iter": 13,
  "robustness": {
    "sigma_1p0": {
      "average_fidelity": 0.8051792676492797,
      "average_gate_fidelity": 0.7564740845615996,
      "fidelity_variance": 0.00285359601403615,
      "num_samples": 60,
      "sigma_mhz": 1.0
    }
  }
}