{
  "alpha": 1.413,
  "eval_cost": 2.268143010605164,
  "eval_fidelity": 0.8136162635574765,
  "eval_leakage": 0.007475450257846711,
  "eval_plan_path": "runs\\runtime\\gamma_1.570796\\alpha_1.413000\\plans\\iter_000012_control_plan.npz",
  "eval_time_ns": 180.0,
  "gamma": 1.5707963267948966,
  "phase_iter": 12,
  "robustness": {
    "sigma_1p0": {
      "average_fidelity": 0.8087424273136717,
      "average_gate_fidelity": 0.7609280341420898,
      "fidelity_variance": 0.002755363819124187,
      "num_samples": 60,
      "sigma_mhz": 1.0
    }
  }
}