{
  "alpha": 1.413,
  "eval_cost": 2.6427248082490964,
  "eval_fidelity": 0.776791319884016,
  "eval_leakage": 0.0075836806625727005,
  "eval_plan_path": "runs\\runtime\\gamma_1.570796\\alpha_1.413000\\plans\\iter_000019_control_plan.npz",
  "eval_time_ns": 180.0,
  "gamma": 1.5707963267948966,
  "phase_iter": 19,
  "robustness": {
    "sigma_1p0": {
      "average_fidelity": 0.7719575792515521,
      "average_gate_fidelity": 0.71494697406444,
      "fidelity_variance": 0.003039943439972379,
      "num_samples": 60,
      "sigma_mhz": 1.0
    }
  }
}