{
  "alpha": 1.413,
  "eval_cost": 2.1582932634583187,
  "eval_fidelity": 0.8272668816259876,
  "eval_leakage": 0.00750706108180039,
  "eval_plan_path": "runs\\runtime\\gamma_1.570796\\alpha_1.413000\\plans\\iter_000008_control_plan.npz",
  "eval_time_ns": 180.0,
  "gamma": 1.5707963267948966,
  "phase_iter": 8,
  "robustness": {
    "sigma_1p0": {
      "average_fidelity": 0.8316598537815981,
      "average_gate_fidelity": 0.7895748172269977,
      "fidelity_variance": 0.0016479824584130541,
      "num_samples": 60,
      "sigma_mhz": 1.0
    }
  }
}