{
  "alpha": 1.413,
  "eval_cost": 2.2679704243833014,
  "eval_fidelity": 0.8144204203506746,
  "eval_leakage": 0.007511237424303052,
  "eval_plan_path": "runs\\runtime\\gamma_1.570796\\alpha_1.413000\\plans\\iter_000010_control_plan.npz",
  "eval_time_ns": 180.0,
  "gamma": 1.5707963267948966,
  "phase_iter": 10,
  "robustness": {
    "sigma_1p0": {
      "average_fidelity": 0.8112888402456471,
      "average_gate_fidelity": 0.7641110503070585,
      "fidelity_variance": 0.0027052477439033907,
      "num_samples": 60,
      "sigma_mhz": 1.0
    }
  }
}