{
  "alpha": 1.413,
  "eval_cost": 2.225199498299065,
  "eval_fidelity": 0.8180714990177282,
  "eval_leakage": 0.007510212423769066,
  "eval_plan_path": "runs\\runtime\\gamma_1.570796\\alpha_1.413000\\plans\\iter_000011_control_plan.npz",
  "eval_time_ns": 180.0,
  "gamma": 1.5707963267948966,
  "phase_iter": 11,
  "robustness": {
    "sigma_1p0": {
      "average_fidelity": 0.8072015303712192,
      "average_gate_fidelity": 0.7590019129640239,
      "fidelity_variance": 0.002633894102870287,
      "num_samples": 60,
      "sigma_mhz": 1.0
    }
  }
}