{
  "alpha": 2.2,
  "eval_cost": 0.5195056396830494,
  "eval_fidelity": 0.9927107591316288,
  "eval_leakage": 0.000305241430376517,
  "eval_plan_path": "runs\\cost_function_sweep\\trpo\\a-2p2_7dd94fd1\\seed_2\\plans\\iter_000005_control_plan.npz",
  "eval_time_ns": 180.0,
  "gamma": 1.5707963267948966,
  "iteration": 5,
  "robustness": {
    "sigma_1p0": {
      "average_fidelity": 0.9423592518966939,
      "average_gate_fidelity": 0.9279490648708671,
      "fidelity_variance": 0.0006161556249875729,
      "num_samples": 60,
      "sigma_mhz": 1.0
    }
  }
}