{
  "alpha": 2.2,
  "eval_cost": 0.30118429679599135,
  "eval_fidelity": 0.993690242365621,
  "eval_leakage": 0.0002443570320428286,
  "eval_plan_path": "runs\\cost_function_sweep\\trpo\\a-2p2_7dd94fd1\\seed_2\\plans\\iter_000004_control_plan.npz",
  "eval_time_ns": 180.0,
  "gamma": 1.5707963267948966,
  "iteration": 4,
  "robustness": {
    "sigma_1p0": {
      "average_fidelity": 0.9440772411275244,
      "average_gate_fidelity": 0.9300965514094057,
      "fidelity_variance": 0.0005993967333083772,
      "num_samples": 60,
      "sigma_mhz": 1.0
    }
  }
}