{
  "alpha": 2.2,
  "eval_cost": 1.154185800680338,
  "eval_fidelity": 0.9087883662379855,
  "eval_leakage": 0.0001390388049844875,
  "eval_plan_path": "runs\\cost_function_sweep\\trpo\\a-2p2_54944bbb\\seed_2\\plans\\iter_000002_control_plan.npz",
  "eval_time_ns": 180.0,
  "gamma": 1.5707963267948966,
  "iteration": 2,
  "robustness": {
    "sigma_1p0": {
      "average_fidelity": 0.8772860869577376,
      "average_gate_fidelity": 0.846607608697172,
      "fidelity_variance": 0.0022005032658892415,
      "num_samples": 60,
      "sigma_mhz": 1.0
    }
  }
}