{
  "alpha": 2.2,
  "eval_cost": 0.48518046832907213,
  "eval_fidelity": 0.9667516842533265,
  "eval_leakage": 0.0003926358750054586,
  "eval_plan_path": "runs\\cost_function_sweep\\trpo\\a-2p2_ba3552fe\\seed_1\\plans\\iter_000005_control_plan.npz",
  "eval_time_ns": 180.0,
  "gamma": 1.5707963267948966,
  "iteration": 5,
  "robustness": {
    "sigma_1p0": {
      "average_fidelity": 0.920008346873717,
      "average_gate_fidelity": 0.9000104335921464,
      "fidelity_variance": 0.0014009552951007728,
      "num_samples": 60,
      "sigma_mhz": 1.0
    }
  }
}