{
  "alpha": 2.2,
  "eval_cost": 0.5444672495261393,
  "eval_fidelity": 0.9557749684189425,
  "eval_leakage": 0.0002751668189674852,
  "eval_plan_path": "runs\\cost_function_sweep\\trpo\\a-2p2_ba3552fe\\seed_1\\plans\\iter_000003_control_plan.npz",
  "eval_time_ns": 180.0,
  "gamma": 1.5707963267948966,
  "iteration": 3,
  "robustness": {
    "sigma_1p0": {
      "average_fidelity": 0.9104151481498731,
      "average_gate_fidelity": 0.8880189351873413,
      "fidelity_variance": 0.0016556059910060226,
      "num_samples": 60,
      "sigma_mhz": 1.0
    }
  }
}