{
  "alpha": 2.2,
  "eval_cost": 0.5069045904221559,
  "eval_fidelity": 0.9599831057495471,
  "eval_leakage": 0.00033975431772210644,
  "eval_plan_path": "runs\\cost_function_sweep\\trpo\\a-2p2_ba3552fe\\seed_1\\plans\\iter_000004_control_plan.npz",
  "eval_time_ns": 180.0,
  "gamma": 1.5707963267948966,
  "iteration": 4,
  "robustness": {
    "sigma_1p0": {
      "average_fidelity": 0.9178787008559374,
      "average_gate_fidelity": 0.8973483760699218,
      "fidelity_variance": 0.0015386653168948676,
      "num_samples": 60,
      "sigma_mhz": 1.0
    }
  }
}