{
  "alpha": 0.4,
  "best_horizon_ns": 80.0,
  "gamma": 1.5707963267948966,
  "robustness": {
    "sigma_1p0": {
      "average_fidelity": 0.9691835266220707,
      "average_gate_fidelity": 0.9614794082775882,
      "fidelity_variance": 0.00015085056205079087,
      "num_samples": 60,
      "sigma_mhz": 1.0
    }
  }
}