{
  "alpha": 2.2,
  "eval_cost": 0.48565702604383754,
  "eval_fidelity": 0.9861512310779234,
  "eval_leakage": 0.0002851849889408962,
  "eval_plan_path": "runs\\cost_function_sweep\\trpo\\a-2p2_7e1ba8ce\\seed_1\\plans\\iter_000003_control_plan.npz",
  "eval_time_ns": 180.0,
  "gamma": 1.5707963267948966,
  "iteration": 3,
  "robustness": {
    "sigma_1p0": {
      "average_fidelity": 0.935458830704104,
      "average_gate_fidelity": 0.9193235383801298,
      "fidelity_variance": 0.0009700288148667968,
      "num_samples": 60,
      "sigma_mhz": 1.0
    }
  }
}