{
  "alpha": 2.2,
  "eval_cost": 4.065558077450727,
  "eval_fidelity": 0.8065023080787301,
  "eval_leakage": 0.0001205825192595433,
  "eval_plan_path": "runs\\cost_function_sweep\\trpo\\a-2p2_7e1ba8ce\\seed_1\\plans\\iter_000001_control_plan.npz",
  "eval_time_ns": 180.0,
  "gamma": 1.5707963267948966,
  "iteration": 1,
  "robustness": {
    "sigma_1p0": {
      "average_fidelity": 0.8067117215467257,
      "average_gate_fidelity": 0.7583896519334071,
      "fidelity_variance": 0.004222065017403417,
      "num_samples": 60,
      "sigma_mhz": 1.0
    }
  }
}