{
  "alpha": 2.2,
  "eval_cost": 1.5508249668894694,
  "eval_fidelity": 0.9306129575959856,
  "eval_leakage": 0.0005190808275464355,
  "eval_plan_path": "runs\\cost_function_sweep\\trpo\\a-2p2_7e1ba8ce\\seed_1\\plans\\iter_000005_control_plan.npz",
  "eval_time_ns": 180.0,
  "gamma": 1.5707963267948966,
  "iteration": 5,
  "robustness": {
    "sigma_1p0": {
      "average_fidelity": 0.8968985194325811,
      "average_gate_fidelity": 0.8711231492907261,
      "fidelity_variance": 0.002169033198220557,
      "num_samples": 60,
      "sigma_mhz": 1.0
    }
  }
}