{
  "alpha": 2.2,
  "eval_cost": 0.45104291444296934,
  "eval_fidelity": 0.993685873141696,
  "eval_leakage": 0.0002444898189816833,
  "eval_plan_path": "runs\\cost_function_sweep\\trpo\\a-2p2_d1976a7c\\seed_2\\plans\\iter_000004_control_plan.npz",
  "eval_time_ns": 180.0,
  "gamma": 1.5707963267948966,
  "iteration": 4,
  "robustness": {
    "sigma_1p0": {
      "average_fidelity": 0.9440724426079203,
      "average_gate_fidelity": 0.9300905532599005,
      "fidelity_variance": 0.0005995297637820053,
      "num_samples": 60,
      "sigma_mhz": 1.0
    }
  }
}