{
  "alpha": 2.2,
  "eval_cost": 5.0208654992246,
  "eval_fidelity": 0.7700384998295333,
  "eval_leakage": 9.701342114344714e-05,
  "eval_plan_path": "runs\\cost_function_sweep\\trpo\\a-2p2_d1976a7c\\seed_2\\plans\\iter_000001_control_plan.npz",
  "eval_time_ns": 180.0,
  "gamma": 1.5707963267948966,
  "iteration": 1,
  "robustness": {
    "sigma_1p0": {
      "average_fidelity": 0.7832866763426509,
      "average_gate_fidelity": 0.7291083454283136,
      "fidelity_variance": 0.003138068515011314,
      "num_samples": 60,
      "sigma_mhz": 1.0
    }
  }
}