{
  "alpha": 2.2,
  "eval_cost": 0.46852007495310094,
  "eval_fidelity": 0.9946324655073278,
  "eval_leakage": 0.00018486296921507424,
  "eval_plan_path": "runs\\cost_function_sweep\\trpo\\a-2p2_d1976a7c\\seed_2\\plans\\iter_000003_control_plan.npz",
  "eval_time_ns": 180.0,
  "gamma": 1.5707963267948966,
  "iteration": 3,
  "robustness": {
    "sigma_1p0": {
      "average_fidelity": 0.941586389621808,
      "average_gate_fidelity": 0.92698298702726,
      "fidelity_variance": 0.0007673187970618089,
      "num_samples": 60,
      "sigma_mhz": 1.0
    }
  }
}