{
  "alpha": 2.2,
  "eval_cost": 0.7480078795804368,
  "eval_fidelity": 0.99245985887775,
  "eval_leakage": 0.0003107338135048754,
  "eval_plan_path": "runs\\cost_function_sweep\\trpo\\a-2p2_f4ba3980\\seed_2\\plans\\iter_000005_control_plan.npz",
  "eval_time_ns": 180.0,
  "gamma": 1.5707963267948966,
  "iteration": 5,
  "robustness": {
    "sigma_1p0": {
      "average_fidelity": 0.9421648023006836,
      "average_gate_fidelity": 0.9277060028758545,
      "fidelity_variance": 0.000625188281147452,
      "num_samples": 60,
      "sigma_mhz": 1.0
    }
  }
}