{
  "alpha": 2.2,
  "eval_cost": 0.7120446191447724,
  "eval_fidelity": 0.9929952336025767,
  "eval_leakage": 0.0001996660709983425,
  "eval_plan_path": "runs\\cost_function_sweep\\trpo\\a-2p2_f4ba3980\\seed_2\\plans\\iter_000003_control_plan.npz",
  "eval_time_ns": 180.0,
  "gamma": 1.5707963267948966,
  "iteration": 3,
  "robustness": {
    "sigma_1p0": {
      "average_fidelity": 0.9400923700992556,
      "average_gate_fidelity": 0.9251154626240695,
      "fidelity_variance": 0.0007997225908764302,
      "num_samples": 60,
      "sigma_mhz": 1.0
    }
  }
}