{
  "alpha": 2.2,
  "eval_cost": 1.2368848209730199,
  "eval_fidelity": 0.9446228451355491,
  "eval_leakage": 0.00015745588879712802,
  "eval_plan_path": "runs\\cost_function_sweep\\trpo\\a-2p2_f4ba3980\\seed_2\\plans\\iter_000002_control_plan.npz",
  "eval_time_ns": 180.0,
  "gamma": 1.5707963267948966,
  "iteration": 2,
  "robustness": {
    "sigma_1p0": {
      "average_fidelity": 0.9047162016420448,
      "average_gate_fidelity": 0.8808952520525557,
      "fidelity_variance": 0.0015714669149228069,
      "num_samples": 60,
      "sigma_mhz": 1.0
    }
  }
}