{
  "alpha": 2.2,
  "eval_cost": 0.9568894388320381,
  "eval_fidelity": 0.8409952637228371,
  "eval_leakage": 0.00014418814986348329,
  "eval_plan_path": "runs\\cost_function_sweep\\trpo\\a-2p2_c4c500cd\\seed_2\\plans\\iter_000003_control_plan.npz",
  "eval_time_ns": 180.0,
  "gamma": 1.5707963267948966,
  "iteration": 3,
  "robustness": {
    "sigma_1p0": {
      "average_fidelity": 0.8222625254352739,
      "average_gate_fidelity": 0.7778281567940925,
      "fidelity_variance": 0.0039132337037789235,
      "num_samples": 60,
      "sigma_mhz": 1.0
    }
  }
}