{
  "alpha": 2.2,
  "eval_cost": 1.7601305235715308,
  "eval_fidelity": 0.6884705790795699,
  "eval_leakage": 7.791561169213565e-05,
  "eval_plan_path": "runs\\cost_function_sweep\\trpo\\a-2p2_c4c500cd\\seed_2\\plans\\iter_000001_control_plan.npz",
  "eval_time_ns": 180.0,
  "gamma": 1.5707963267948966,
  "iteration": 1,
  "robustness": {
    "sigma_1p0": {
      "average_fidelity": 0.7215905419383424,
      "average_gate_fidelity": 0.6519881774229278,
      "fidelity_variance": 0.0037137268032091182,
      "num_samples": 60,
      "sigma_mhz": 1.0
    }
  }
}