{
  "alpha": 2.2,
  "eval_cost": 1.1105607113686466,
  "eval_fidelity": 0.8156153782224765,
  "eval_leakage": 0.00013179678910893913,
  "eval_plan_path": "runs\\cost_function_sweep\\trpo\\a-2p2_c4c500cd\\seed_2\\plans\\iter_000002_control_plan.npz",
  "eval_time_ns": 180.0,
  "gamma": 1.5707963267948966,
  "iteration": 2,
  "robustness": {
    "sigma_1p0": {
      "average_fidelity": 0.8067883345705451,
      "average_gate_fidelity": 0.7584854182131814,
      "fidelity_variance": 0.0035548604606697623,
      "num_samples": 60,
      "sigma_mhz": 1.0
    }
  }
}