{
  "alpha": 2.2,
  "eval_cost": 1.402593434215074,
  "eval_fidelity": 0.9603501055511976,
  "eval_leakage": 0.00027659077279470313,
  "eval_plan_path": "runs\\cost_function_sweep\\trpo\\a-2p2__g-pi_2__kl-0p005__tc-0p15__std-m1p0__dt-2p0__mt-180p0__chi-20p0__beta-10p0__mu-0p1__kappa-0p2\\seed_2\\plans\\iter_000004_control_plan.npz",
  "eval_time_ns": 180.0,
  "gamma": 1.5707963267948966,
  "iteration": 4,
  "robustness": {
    "sigma_1p0": {
      "average_fidelity": 0.918549636947763,
      "average_gate_fidelity": 0.8981870461847039,
      "fidelity_variance": 0.001319219628761419,
      "num_samples": 60,
      "sigma_mhz": 1.0
    }
  }
}