{
  "alpha": 3.14,
  "best_checkpoint": "runs\\runtime\\gamma_1.570796\\alpha_3.140000\\best_agent.pt",
  "best_cost": 0.7398079813951456,
  "best_fidelity": 0.9750231459489525,
  "best_leakage": 0.008151886507849882,
  "best_min_cost": 0.5159012271532967,
  "best_min_cost_time_ns": 112.0,
  "control_plan": "runs\\runtime\\gamma_1.570796\\alpha_3.140000\\best_control_plan.npz",
  "curriculum_checkpoint": "runs\\runtime\\gamma_1.570796\\curriculum_checkpoints\\after_alpha_3.140000.pt",
  "gamma": 1.5707963267948966,
  "iterations_used": 150.0,
  "last_checkpoint": "runs\\runtime\\gamma_1.570796\\alpha_3.140000\\last_agent.pt",
  "runtime_ns": 180.0,
  "train_avg_fidelity": 0.8657115008673709
}