{
  "alpha": 2.2,
  "eval_cost": 0.956885300429946,
  "eval_fidelity": 0.840995886088712,
  "eval_leakage": 0.0001441855310036242,
  "eval_plan_path": "runs\\cost_function_sweep\\trpo\\a-2p2__g-pi_2__kl-0p005__tc-0p15__std-m1p0__dt-2p0__mt-180p0__chi-5p0__beta-10p0__mu-0p4__kappa-0p05\\seed_2\\plans\\iter_000003_control_plan.npz",
  "eval_time_ns": 180.0,
  "gamma": 1.5707963267948966,
  "iteration": 3,
  "robustness": {
    "sigma_1p0": {
      "average_fidelity": 0.8222630169716734,
      "average_gate_fidelity": 0.7778287712145917,
      "fidelity_variance": 0.0039132286049289025,
      "num_samples": 60,
      "sigma_mhz": 1.0
    }
  }
}