{
  "alpha": 2.2,
  "eval_cost": 0.9371810172796782,
  "eval_fidelity": 0.9674939924024538,
  "eval_leakage": 0.0005196117917975327,
  "eval_plan_path": "runs\\cost_function_sweep\\trpo\\a-2p2_bee7464c\\seed_1\\plans\\iter_000005_control_plan.npz",
  "eval_time_ns": 180.0,
  "gamma": 1.5707963267948966,
  "iteration": 5,
  "robustness": {
    "sigma_1p0": {
      "average_fidelity": 0.9236577559393144,
      "average_gate_fidelity": 0.9045721949241432,
      "fidelity_variance": 0.0013587020103315245,
      "num_samples": 60,
      "sigma_mhz": 1.0
    }
  }
}