{
  "alpha": 2.2,
  "eval_cost": 3.048481035181335,
  "eval_fidelity": 0.7610192182525126,
  "eval_leakage": 9.305525434857398e-05,
  "eval_plan_path": "runs\\cost_function_sweep\\trpo\\a-2p2_f4ba3980\\seed_2\\plans\\iter_000001_control_plan.npz",
  "eval_time_ns": 180.0,
  "gamma": 1.5707963267948966,
  "iteration": 1,
  "robustness": {
    "sigma_1p0": {
      "average_fidelity": 0.7764427369867484,
      "average_gate_fidelity": 0.7205534212334356,
      "fidelity_variance": 0.003215472469787802,
      "num_samples": 60,
      "sigma_mhz": 1.0
    }
  }
}