{
  "alpha": 2.826,
  "eval_cost": 0.6528082652577452,
  "eval_fidelity": 0.9739847603737423,
  "eval_leakage": 0.008362962169711965,
  "eval_plan_path": "runs\\runtime\\gamma_1.570796\\alpha_2.826000\\plans\\iter_000092_control_plan.npz",
  "eval_time_ns": 180.0,
  "gamma": 1.5707963267948966,
  "phase_iter": 92,
  "robustness": {
    "sigma_1p0": {
      "average_fidelity": 0.9274091291675571,
      "average_gate_fidelity": 0.9092614114594463,
      "fidelity_variance": 0.0009414198678376754,
      "num_samples": 60,
      "sigma_mhz": 1.0
    }
  }
}