{
  "alpha": 2.826,
  "eval_cost": 0.6414537539027603,
  "eval_fidelity": 0.9738403841431342,
  "eval_leakage": 0.00726793678088652,
  "eval_plan_path": "runs\\runtime\\gamma_1.570796\\alpha_2.826000\\plans\\iter_000040_control_plan.npz",
  "eval_time_ns": 180.0,
  "gamma": 1.5707963267948966,
  "phase_iter": 40,
  "robustness": {
    "sigma_1p0": {
      "average_fidelity": 0.9274699746361663,
      "average_gate_fidelity": 0.9093374682952079,
      "fidelity_variance": 0.000752036940045246,
      "num_samples": 60,
      "sigma_mhz": 1.0
    }
  }
}