{
  "alpha": 2.826,
  "eval_cost": 0.5754780282803966,
  "eval_fidelity": 0.9800623734264081,
  "eval_leakage": 0.007378423375299576,
  "eval_plan_path": "runs\\runtime\\gamma_1.570796\\alpha_2.826000\\plans\\iter_000054_control_plan.npz",
  "eval_time_ns": 180.0,
  "gamma": 1.5707963267948966,
  "phase_iter": 54,
  "robustness": {
    "sigma_1p0": {
      "average_fidelity": 0.9317584488445267,
      "average_gate_fidelity": 0.9146980610556584,
      "fidelity_variance": 0.000824618505833964,
      "num_samples": 60,
      "sigma_mhz": 1.0
    }
  }
}