{
  "alpha": 2.826,
  "eval_cost": 0.9017383771851415,
  "eval_fidelity": 0.9482658194370526,
  "eval_leakage": 0.0064385628869756744,
  "eval_plan_path": "runs\\runtime\\gamma_1.570796\\alpha_2.826000\\plans\\iter_000113_control_plan.npz",
  "eval_time_ns": 180.0,
  "gamma": 1.5707963267948966,
  "phase_iter": 113,
  "robustness": {
    "sigma_1p0": {
      "average_fidelity": 0.9088474917878466,
      "average_gate_fidelity": 0.886059364734808,
      "fidelity_variance": 0.0008498221192686632,
      "num_samples": 60,
      "sigma_mhz": 1.0
    }
  }
}