{
  "alpha": 2.826,
  "eval_cost": 0.6783564659909902,
  "eval_fidelity": 0.9706591633667084,
  "eval_leakage": 0.007218582656529446,
  "eval_plan_path": "runs\\runtime\\gamma_1.570796\\alpha_2.826000\\plans\\iter_000027_control_plan.npz",
  "eval_time_ns": 180.0,
  "gamma": 1.5707963267948966,
  "phase_iter": 27,
  "robustness": {
    "sigma_1p0": {
      "average_fidelity": 0.9260697869263717,
      "average_gate_fidelity": 0.9075872336579642,
      "fidelity_variance": 0.0009149602064255426,
      "num_samples": 60,
      "sigma_mhz": 1.0
    }
  }
}