{
  "alpha": 2.826,
  "eval_cost": 0.9613236688715037,
  "eval_fidelity": 0.9428653098010907,
  "eval_leakage": 0.00646478357336313,
  "eval_plan_path": "runs\\runtime\\gamma_1.570796\\alpha_2.826000\\plans\\iter_000116_control_plan.npz",
  "eval_time_ns": 180.0,
  "gamma": 1.5707963267948966,
  "phase_iter": 116,
  "robustness": {
    "sigma_1p0": {
      "average_fidelity": 0.9053903397329389,
      "average_gate_fidelity": 0.8817379246661735,
      "fidelity_variance": 0.0013051508485333676,
      "num_samples": 60,
      "sigma_mhz": 1.0
    }
  }
}