{
  "alpha": 2.826,
  "eval_cost": 0.5817124926176123,
  "eval_fidelity": 0.9814457960317059,
  "eval_leakage": 0.007972667608576399,
  "eval_plan_path": "runs\\runtime\\gamma_1.570796\\alpha_2.826000\\plans\\iter_000075_control_plan.npz",
  "eval_time_ns": 180.0,
  "gamma": 1.5707963267948966,
  "phase_iter": 75,
  "robustness": {
    "sigma_1p0": {
      "average_fidelity": 0.928231844521325,
      "average_gate_fidelity": 0.9102898056516563,
      "fidelity_variance": 0.0006940884601598963,
      "num_samples": 60,
      "sigma_mhz": 1.0
    }
  }
}