{
  "alpha": 2.826,
  "eval_cost": 0.6514618208412637,
  "eval_fidelity": 0.9731421544727267,
  "eval_leakage": 0.007273595990382777,
  "eval_plan_path": "runs\\runtime\\gamma_1.570796\\alpha_2.826000\\plans\\iter_000042_control_plan.npz",
  "eval_time_ns": 180.0,
  "gamma": 1.5707963267948966,
  "phase_iter": 42,
  "robustness": {
    "sigma_1p0": {
      "average_fidelity": 0.9246213783991579,
      "average_gate_fidelity": 0.9057767229989473,
      "fidelity_variance": 0.0012186161587585396,
      "num_samples": 60,
      "sigma_mhz": 1.0
    }
  }
}