{
  "alpha": 2.826,
  "eval_cost": 0.6909836126617264,
  "eval_fidelity": 0.9695989628303368,
  "eval_leakage": 0.007213711014039355,
  "eval_plan_path": "runs\\runtime\\gamma_1.570796\\alpha_2.826000\\plans\\iter_000025_control_plan.npz",
  "eval_time_ns": 180.0,
  "gamma": 1.5707963267948966,
  "phase_iter": 25,
  "robustness": {
    "sigma_1p0": {
      "average_fidelity": 0.9326144075172684,
      "average_gate_fidelity": 0.9157680093965853,
      "fidelity_variance": 0.000719169811086981,
      "num_samples": 60,
      "sigma_mhz": 1.0
    }
  }
}