{
  "alpha": 2.826,
  "eval_cost": 0.9578966127777421,
  "eval_fidelity": 0.9426759057778138,
  "eval_leakage": 0.0064491871822238145,
  "eval_plan_path": "runs\\runtime\\gamma_1.570796\\alpha_2.826000\\plans\\iter_000115_control_plan.npz",
  "eval_time_ns": 180.0,
  "gamma": 1.5707963267948966,
  "phase_iter": 115,
  "robustness": {
    "sigma_1p0": {
      "average_fidelity": 0.9016073930129667,
      "average_gate_fidelity": 0.8770092412662084,
      "fidelity_variance": 0.001144276488301176,
      "num_samples": 60,
      "sigma_mhz": 1.0
    }
  }
}