{
  "alpha": 2.826,
  "eval_cost": 1.0813552507856032,
  "eval_fidelity": 0.9368333500218368,
  "eval_leakage": 0.007160910753031998,
  "eval_plan_path": "runs\\runtime\\gamma_1.570796\\alpha_2.826000\\plans\\iter_000124_control_plan.npz",
  "eval_time_ns": 180.0,
  "gamma": 1.5707963267948966,
  "phase_iter": 124,
  "robustness": {
    "sigma_1p0": {
      "average_fidelity": 0.8988165043993782,
      "average_gate_fidelity": 0.8735206304992228,
      "fidelity_variance": 0.001035277307092299,
      "num_samples": 60,
      "sigma_mhz": 1.0
    }
  }
}