{
  "alpha": 2.826,
  "eval_cost": 0.8073407214112455,
  "eval_fidelity": 0.958674996969654,
  "eval_leakage": 0.007195487616074173,
  "eval_plan_path": "runs\\runtime\\gamma_1.570796\\alpha_2.826000\\plans\\iter_000014_control_plan.npz",
  "eval_time_ns": 180.0,
  "gamma": 1.5707963267948966,
  "phase_iter": 14,
  "robustness": {
    "sigma_1p0": {
      "average_fidelity": 0.9135315029424931,
      "average_gate_fidelity": 0.8919143786781161,
      "fidelity_variance": 0.0011764844314339988,
      "num_samples": 60,
      "sigma_mhz": 1.0
    }
  }
}