{
  "alpha": 2.826,
  "eval_cost": 0.9336305075926792,
  "eval_fidelity": 0.9438738725115036,
  "eval_leakage": 0.006481682935029858,
  "eval_plan_path": "runs\\runtime\\gamma_1.570796\\alpha_2.826000\\plans\\iter_000111_control_plan.npz",
  "eval_time_ns": 180.0,
  "gamma": 1.5707963267948966,
  "phase_iter": 111,
  "robustness": {
    "sigma_1p0": {
      "average_fidelity": 0.9104923418210286,
      "average_gate_fidelity": 0.8881154272762859,
      "fidelity_variance": 0.0008052409028582252,
      "num_samples": 60,
      "sigma_mhz": 1.0
    }
  }
}