{
  "alpha": 2.826,
  "eval_cost": 0.7177665588227109,
  "eval_fidelity": 0.9672926492960355,
  "eval_leakage": 0.007196281528895452,
  "eval_plan_path": "runs\\runtime\\gamma_1.570796\\alpha_2.826000\\plans\\iter_000023_control_plan.npz",
  "eval_time_ns": 180.0,
  "gamma": 1.5707963267948966,
  "phase_iter": 23,
  "robustness": {
    "sigma_1p0": {
      "average_fidelity": 0.9244114873274718,
      "average_gate_fidelity": 0.9055143591593401,
      "fidelity_variance": 0.0014050499787687189,
      "num_samples": 60,
      "sigma_mhz": 1.0
    }
  }
}