{
  "alpha": 2.826,
  "eval_cost": 1.1374796260586888,
  "eval_fidelity": 0.9350059964617402,
  "eval_leakage": 0.007488495750318511,
  "eval_plan_path": "runs\\runtime\\gamma_1.570796\\alpha_2.826000\\plans\\iter_000130_control_plan.npz",
  "eval_time_ns": 180.0,
  "gamma": 1.5707963267948966,
  "phase_iter": 130,
  "robustness": {
    "sigma_1p0": {
      "average_fidelity": 0.8972023292832555,
      "average_gate_fidelity": 0.8715029116040693,
      "fidelity_variance": 0.0007073322651062265,
      "num_samples": 60,
      "sigma_mhz": 1.0
    }
  }
}