{
  "alpha": 2.826,
  "eval_cost": 1.1416593059753053,
  "eval_fidelity": 0.9399705912747798,
  "eval_leakage": 0.008120351347311601,
  "eval_plan_path": "runs\\runtime\\gamma_1.570796\\alpha_2.826000\\plans\\iter_000145_control_plan.npz",
  "eval_time_ns": 180.0,
  "gamma": 1.5707963267948966,
  "phase_iter": 145,
  "robustness": {
    "sigma_1p0": {
      "average_fidelity": 0.9015703972346973,
      "average_gate_fidelity": 0.8769629965433716,
      "fidelity_variance": 0.001301251912697649,
      "num_samples": 60,
      "sigma_mhz": 1.0
    }
  }
}