{
  "alpha": 2.826,
  "eval_cost": 0.5206559969523543,
  "eval_fidelity": 0.9857873507302006,
  "eval_leakage": 0.0073723325806187776,
  "eval_plan_path": "runs\\runtime\\gamma_1.570796\\alpha_2.826000\\plans\\iter_000058_control_plan.npz",
  "eval_time_ns": 180.0,
  "gamma": 1.5707963267948966,
  "phase_iter": 58,
  "robustness": {
    "sigma_1p0": {
      "average_fidelity": 0.9372947611672141,
      "average_gate_fidelity": 0.9216184514590178,
      "fidelity_variance": 0.0006635846011384471,
      "num_samples": 60,
      "sigma_mhz": 1.0
    }
  }
}