{
  "alpha": 2.826,
  "eval_cost": 1.1168363353898667,
  "eval_fidelity": 0.9269563468827933,
  "eval_leakage": 0.007437730986503191,
  "eval_plan_path": "runs\\runtime\\gamma_1.570796\\alpha_2.826000\\plans\\iter_000003_control_plan.npz",
  "eval_time_ns": 180.0,
  "gamma": 1.5707963267948966,
  "phase_iter": 3,
  "robustness": {
    "sigma_1p0": {
      "average_fidelity": 0.888727451710548,
      "average_gate_fidelity": 0.8609093146381852,
      "fidelity_variance": 0.002407213683203712,
      "num_samples": 60,
      "sigma_mhz": 1.0
    }
  }
}