{
  "alpha": 2.826,
  "eval_cost": 0.7488235829571741,
  "eval_fidelity": 0.9655734662682034,
  "eval_leakage": 0.007209699036295476,
  "eval_plan_path": "runs\\runtime\\gamma_1.570796\\alpha_2.826000\\plans\\iter_000011_control_plan.npz",
  "eval_time_ns": 180.0,
  "gamma": 1.5707963267948966,
  "phase_iter": 11,
  "robustness": {
    "sigma_1p0": {
      "average_fidelity": 0.9185031647234677,
      "average_gate_fidelity": 0.8981289559043346,
      "fidelity_variance": 0.001558642898537786,
      "num_samples": 60,
      "sigma_mhz": 1.0
    }
  }
}