{
  "alpha": 2.826,
  "eval_cost": 0.5580462579937349,
  "eval_fidelity": 0.9830166310611997,
  "eval_leakage": 0.00769652081762125,
  "eval_plan_path": "runs\\runtime\\gamma_1.570796\\alpha_2.826000\\plans\\iter_000069_control_plan.npz",
  "eval_time_ns": 180.0,
  "gamma": 1.5707963267948966,
  "phase_iter": 69,
  "robustness": {
    "sigma_1p0": {
      "average_fidelity": 0.9384690653263004,
      "average_gate_fidelity": 0.9230863316578757,
      "fidelity_variance": 0.0007883636117038044,
      "num_samples": 60,
      "sigma_mhz": 1.0
    }
  }
}