{
  "alpha": 2.826,
  "eval_cost": 0.7308333195643191,
  "eval_fidelity": 0.9658277880527172,
  "eval_leakage": 0.007706355476865265,
  "eval_plan_path": "runs\\runtime\\gamma_1.570796\\alpha_2.826000\\plans\\iter_000100_control_plan.npz",
  "eval_time_ns": 180.0,
  "gamma": 1.5707963267948966,
  "phase_iter": 100,
  "robustness": {
    "sigma_1p0": {
      "average_fidelity": 0.9254908482992408,
      "average_gate_fidelity": 0.906863560374051,
      "fidelity_variance": 0.0006040182100761118,
      "num_samples": 60,
      "sigma_mhz": 1.0
    }
  }
}