{
  "alpha": 2.826,
  "eval_cost": 1.0676046384208218,
  "eval_fidelity": 0.9429624928743302,
  "eval_leakage": 0.007552007458774187,
  "eval_plan_path": "runs\\runtime\\gamma_1.570796\\alpha_2.826000\\plans\\iter_000129_control_plan.npz",
  "eval_time_ns": 180.0,
  "gamma": 1.5707963267948966,
  "phase_iter": 129,
  "robustness": {
    "sigma_1p0": {
      "average_fidelity": 0.9082789226580248,
      "average_gate_fidelity": 0.8853486533225312,
      "fidelity_variance": 0.0010269620452009406,
      "num_samples": 60,
      "sigma_mhz": 1.0
    }
  }
}