{
  "alpha": 2.826,
  "eval_cost": 1.0634498888561401,
  "eval_fidelity": 0.9396197225817613,
  "eval_leakage": 0.007197736607767601,
  "eval_plan_path": "runs\\runtime\\gamma_1.570796\\alpha_2.826000\\plans\\iter_000125_control_plan.npz",
  "eval_time_ns": 180.0,
  "gamma": 1.5707963267948966,
  "phase_iter": 125,
  "robustness": {
    "sigma_1p0": {
      "average_fidelity": 0.8962968586871072,
      "average_gate_fidelity": 0.870371073358884,
      "fidelity_variance": 0.0012997288671476172,
      "num_samples": 60,
      "sigma_mhz": 1.0
    }
  }
}