{
  "alpha": 2.826,
  "eval_cost": 0.7497467817186234,
  "eval_fidelity": 0.9650494568896275,
  "eval_leakage": 0.007210721542485378,
  "eval_plan_path": "runs\\runtime\\gamma_1.570796\\alpha_2.826000\\plans\\iter_000009_control_plan.npz",
  "eval_time_ns": 180.0,
  "gamma": 1.5707963267948966,
  "phase_iter": 9,
  "robustness": {
    "sigma_1p0": {
      "average_fidelity": 0.9226400405769738,
      "average_gate_fidelity": 0.9033000507212171,
      "fidelity_variance": 0.0012189052998557504,
      "num_samples": 60,
      "sigma_mhz": 1.0
    }
  }
}