{
  "alpha": 2.826,
  "eval_cost": 1.1781438059306488,
  "eval_fidelity": 0.9376710294130111,
  "eval_leakage": 0.008144157316594123,
  "eval_plan_path": "runs\\runtime\\gamma_1.570796\\alpha_2.826000\\plans\\iter_000147_control_plan.npz",
  "eval_time_ns": 180.0,
  "gamma": 1.5707963267948966,
  "phase_iter": 147,
  "robustness": {
    "sigma_1p0": {
      "average_fidelity": 0.9038861107665209,
      "average_gate_fidelity": 0.8798576384581512,
      "fidelity_variance": 0.0009492992322729411,
      "num_samples": 60,
      "sigma_mhz": 1.0
    }
  }
}