{
  "alpha": 2.826,
  "eval_cost": 1.0306600122630742,
  "eval_fidelity": 0.9358046195814786,
  "eval_leakage": 0.007365263188288509,
  "eval_plan_path": "runs\\runtime\\gamma_1.570796\\alpha_2.826000\\plans\\iter_000004_control_plan.npz",
  "eval_time_ns": 180.0,
  "gamma": 1.5707963267948966,
  "phase_iter": 4,
  "robustness": {
    "sigma_1p0": {
      "average_fidelity": 0.9021220939898928,
      "average_gate_fidelity": 0.8776526174873658,
      "fidelity_variance": 0.0019367176942005461,
      "num_samples": 60,
      "sigma_mhz": 1.0
    }
  }
}