{
  "alpha": 2.826,
  "eval_cost": 0.9260456614818333,
  "eval_fidelity": 0.9474519030610982,
  "eval_leakage": 0.006710168740520747,
  "eval_plan_path": "runs\\runtime\\gamma_1.570796\\alpha_2.826000\\plans\\iter_000119_control_plan.npz",
  "eval_time_ns": 180.0,
  "gamma": 1.5707963267948966,
  "phase_iter": 119,
  "robustness": {
    "sigma_1p0": {
      "average_fidelity": 0.9090722252285737,
      "average_gate_fidelity": 0.886340281535717,
      "fidelity_variance": 0.0007089621326697744,
      "num_samples": 60,
      "sigma_mhz": 1.0
    }
  }
}