{
  "alpha": 2.826,
  "eval_cost": 0.9631512856730915,
  "eval_fidelity": 0.944115630642459,
  "eval_leakage": 0.00665521091212208,
  "eval_plan_path": "runs\\runtime\\gamma_1.570796\\alpha_2.826000\\plans\\iter_000118_control_plan.npz",
  "eval_time_ns": 180.0,
  "gamma": 1.5707963267948966,
  "phase_iter": 118,
  "robustness": {
    "sigma_1p0": {
      "average_fidelity": 0.907886627883827,
      "average_gate_fidelity": 0.884858284854784,
      "fidelity_variance": 0.0013609705142384493,
      "num_samples": 60,
      "sigma_mhz": 1.0
    }
  }
}