{
  "alpha": 2.826,
  "eval_cost": 0.7325171791300569,
  "eval_fidelity": 0.9655385760116004,
  "eval_leakage": 0.007236393944118605,
  "eval_plan_path": "runs\\runtime\\gamma_1.570796\\alpha_2.826000\\plans\\iter_000022_control_plan.npz",
  "eval_time_ns": 180.0,
  "gamma": 1.5707963267948966,
  "phase_iter": 22,
  "robustness": {
    "sigma_1p0": {
      "average_fidelity": 0.9172867494012991,
      "average_gate_fidelity": 0.8966084367516238,
      "fidelity_variance": 0.0007564780673038044,
      "num_samples": 60,
      "sigma_mhz": 1.0
    }
  }
}