{
  "alpha": 2.826,
  "eval_cost": 1.1677864348409188,
  "eval_fidelity": 0.9333883202869543,
  "eval_leakage": 0.00733417965578973,
  "eval_plan_path": "runs\\runtime\\gamma_1.570796\\alpha_2.826000\\plans\\iter_000127_control_plan.npz",
  "eval_time_ns": 180.0,
  "gamma": 1.5707963267948966,
  "phase_iter": 127,
  "robustness": {
    "sigma_1p0": {
      "average_fidelity": 0.892031947574958,
      "average_gate_fidelity": 0.8650399344686974,
      "fidelity_variance": 0.0011256672047179187,
      "num_samples": 60,
      "sigma_mhz": 1.0
    }
  }
}