{
  "alpha": 2.826,
  "eval_cost": 0.555289133075577,
  "eval_fidelity": 0.9820632872147912,
  "eval_leakage": 0.0073678838806762945,
  "eval_plan_path": "runs\\runtime\\gamma_1.570796\\alpha_2.826000\\plans\\iter_000055_control_plan.npz",
  "eval_time_ns": 180.0,
  "gamma": 1.5707963267948966,
  "phase_iter": 55,
  "robustness": {
    "sigma_1p0": {
      "average_fidelity": 0.9343800144016852,
      "average_gate_fidelity": 0.9179750180021066,
      "fidelity_variance": 0.0012751313369485824,
      "num_samples": 60,
      "sigma_mhz": 1.0
    }
  }
}