{
  "alpha": 2.826,
  "eval_cost": 0.5474709043080868,
  "eval_fidelity": 0.982957479015148,
  "eval_leakage": 0.007347720324558541,
  "eval_plan_path": "runs\\runtime\\gamma_1.570796\\alpha_2.826000\\plans\\iter_000057_control_plan.npz",
  "eval_time_ns": 180.0,
  "gamma": 1.5707963267948966,
  "phase_iter": 57,
  "robustness": {
    "sigma_1p0": {
      "average_fidelity": 0.9406624377278799,
      "average_gate_fidelity": 0.9258280471598498,
      "fidelity_variance": 0.0013036373453271198,
      "num_samples": 60,
      "sigma_mhz": 1.0
    }
  }
}