{
  "alpha": 2.826,
  "eval_cost": 1.2068155324159022,
  "eval_fidelity": 0.9339527318684891,
  "eval_leakage": 0.008270458706716737,
  "eval_plan_path": "runs\\runtime\\gamma_1.570796\\alpha_2.826000\\plans\\iter_000150_control_plan.npz",
  "eval_time_ns": 180.0,
  "gamma": 1.5707963267948966,
  "phase_iter": 150,
  "robustness": {
    "sigma_1p0": {
      "average_fidelity": 0.8944265478874105,
      "average_gate_fidelity": 0.8680331848592633,
      "fidelity_variance": 0.0008214967365903874,
      "num_samples": 60,
      "sigma_mhz": 1.0
    }
  }
}