{
  "alpha": 2.826,
  "eval_cost": 0.6206020219824088,
  "eval_fidelity": 0.9766697964848847,
  "eval_leakage": 0.008216349980819545,
  "eval_plan_path": "runs\\runtime\\gamma_1.570796\\alpha_2.826000\\plans\\iter_000094_control_plan.npz",
  "eval_time_ns": 180.0,
  "gamma": 1.5707963267948966,
  "phase_iter": 94,
  "robustness": {
    "sigma_1p0": {
      "average_fidelity": 0.9335035444605032,
      "average_gate_fidelity": 0.9168794305756289,
      "fidelity_variance": 0.00062296232920994,
      "num_samples": 60,
      "sigma_mhz": 1.0
    }
  }
}