{
  "alpha": 2.826,
  "eval_cost": 0.5881814150144566,
  "eval_fidelity": 0.9828323386146357,
  "eval_leakage": 0.008127421177490535,
  "eval_plan_path": "runs\\runtime\\gamma_1.570796\\alpha_2.826000\\plans\\iter_000079_control_plan.npz",
  "eval_time_ns": 180.0,
  "gamma": 1.5707963267948966,
  "phase_iter": 79,
  "robustness": {
    "sigma_1p0": {
      "average_fidelity": 0.9311466478158966,
      "average_gate_fidelity": 0.9139333097698709,
      "fidelity_variance": 0.0008160631041406889,
      "num_samples": 60,
      "sigma_mhz": 1.0
    }
  }
}