{
  "alpha": 2.826,
  "eval_cost": 0.6345760152623519,
  "eval_fidelity": 0.9741580608207013,
  "eval_leakage": 0.007333631365518137,
  "eval_plan_path": "runs\\runtime\\gamma_1.570796\\alpha_2.826000\\plans\\iter_000048_control_plan.npz",
  "eval_time_ns": 180.0,
  "gamma": 1.5707963267948966,
  "phase_iter": 48,
  "robustness": {
    "sigma_1p0": {
      "average_fidelity": 0.9324506452346573,
      "average_gate_fidelity": 0.9155633065433214,
      "fidelity_variance": 0.0008382735803354208,
      "num_samples": 60,
      "sigma_mhz": 1.0
    }
  }
}