{
  "alpha": 2.826,
  "eval_cost": 0.6685593701302521,
  "eval_fidelity": 0.9708354206536719,
  "eval_leakage": 0.007320243591911594,
  "eval_plan_path": "runs\\runtime\\gamma_1.570796\\alpha_2.826000\\plans\\iter_000049_control_plan.npz",
  "eval_time_ns": 180.0,
  "gamma": 1.5707963267948966,
  "phase_iter": 49,
  "robustness": {
    "sigma_1p0": {
      "average_fidelity": 0.9263620145148419,
      "average_gate_fidelity": 0.9079525181435523,
      "fidelity_variance": 0.0009646258033263474,
      "num_samples": 60,
      "sigma_mhz": 1.0
    }
  }
}