{
  "alpha": 2.826,
  "eval_cost": 1.1307940687469897,
  "eval_fidelity": 0.9389265206552818,
  "eval_leakage": 0.007980540415299721,
  "eval_plan_path": "runs\\runtime\\gamma_1.570796\\alpha_2.826000\\plans\\iter_000141_control_plan.npz",
  "eval_time_ns": 180.0,
  "gamma": 1.5707963267948966,
  "phase_iter": 141,
  "robustness": {
    "sigma_1p0": {
      "average_fidelity": 0.9030788242232952,
      "average_gate_fidelity": 0.878848530279119,
      "fidelity_variance": 0.0009835388360171133,
      "num_samples": 60,
      "sigma_mhz": 1.0
    }
  }
}