{
  "alpha": 2.826,
  "eval_cost": 0.606650087010454,
  "eval_fidelity": 0.9789505937803291,
  "eval_leakage": 0.00830141323195829,
  "eval_plan_path": "runs\\runtime\\gamma_1.570796\\alpha_2.826000\\plans\\iter_000088_control_plan.npz",
  "eval_time_ns": 180.0,
  "gamma": 1.5707963267948966,
  "phase_iter": 88,
  "robustness": {
    "sigma_1p0": {
      "average_fidelity": 0.930353176776078,
      "average_gate_fidelity": 0.9129414709700971,
      "fidelity_variance": 0.0007891689415282998,
      "num_samples": 60,
      "sigma_mhz": 1.0
    }
  }
}