{
  "alpha": 2.826,
  "eval_cost": 0.6878988309442504,
  "eval_fidelity": 0.9696780034898093,
  "eval_leakage": 0.007240448806918776,
  "eval_plan_path": "runs\\runtime\\gamma_1.570796\\alpha_2.826000\\plans\\iter_000026_control_plan.npz",
  "eval_time_ns": 180.0,
  "gamma": 1.5707963267948966,
  "phase_iter": 26,
  "robustness": {
    "sigma_1p0": {
      "average_fidelity": 0.9203025119918783,
      "average_gate_fidelity": 0.9003781399898476,
      "fidelity_variance": 0.0014752539961977128,
      "num_samples": 60,
      "sigma_mhz": 1.0
    }
  }
}