{
  "alpha": 2.826,
  "eval_cost": 1.1337751841390344,
  "eval_fidelity": 0.9377815560898792,
  "eval_leakage": 0.007943430445302057,
  "eval_plan_path": "runs\\runtime\\gamma_1.570796\\alpha_2.826000\\plans\\iter_000140_control_plan.npz",
  "eval_time_ns": 180.0,
  "gamma": 1.5707963267948966,
  "phase_iter": 140,
  "robustness": {
    "sigma_1p0": {
      "average_fidelity": 0.9049679303202919,
      "average_gate_fidelity": 0.8812099129003648,
      "fidelity_variance": 0.0012182843403671473,
      "num_samples": 60,
      "sigma_mhz": 1.0
    }
  }
}