{
  "alpha": 2.826,
  "eval_cost": 0.6253069360050127,
  "eval_fidelity": 0.9772497131938858,
  "eval_leakage": 0.008343653130246431,
  "eval_plan_path": "runs\\runtime\\gamma_1.570796\\alpha_2.826000\\plans\\iter_000085_control_plan.npz",
  "eval_time_ns": 180.0,
  "gamma": 1.5707963267948966,
  "phase_iter": 85,
  "robustness": {
    "sigma_1p0": {
      "average_fidelity": 0.9319247023849769,
      "average_gate_fidelity": 0.914905877981221,
      "fidelity_variance": 0.0007311571412079745,
      "num_samples": 60,
      "sigma_mhz": 1.0
    }
  }
}