{
  "alpha": 2.826,
  "eval_cost": 1.0104261487543371,
  "eval_fidelity": 0.9441808321715407,
  "eval_leakage": 0.007033135028008752,
  "eval_plan_path": "runs\\runtime\\gamma_1.570796\\alpha_2.826000\\plans\\iter_000122_control_plan.npz",
  "eval_time_ns": 180.0,
  "gamma": 1.5707963267948966,
  "phase_iter": 122,
  "robustness": {
    "sigma_1p0": {
      "average_fidelity": 0.9048298792218706,
      "average_gate_fidelity": 0.8810373490273382,
      "fidelity_variance": 0.0007806480043823647,
      "num_samples": 60,
      "sigma_mhz": 1.0
    }
  }
}