{
  "alpha": 2.826,
  "eval_cost": 1.152305934182916,
  "eval_fidelity": 0.9342163641426483,
  "eval_leakage": 0.007900324865279747,
  "eval_plan_path": "runs\\runtime\\gamma_1.570796\\alpha_2.826000\\plans\\iter_000138_control_plan.npz",
  "eval_time_ns": 180.0,
  "gamma": 1.5707963267948966,
  "phase_iter": 138,
  "robustness": {
    "sigma_1p0": {
      "average_fidelity": 0.900709642694258,
      "average_gate_fidelity": 0.8758870533678225,
      "fidelity_variance": 0.0012446897789008143,
      "num_samples": 60,
      "sigma_mhz": 1.0
    }
  }
}