{
  "alpha": 2.826,
  "eval_cost": 0.6016111051455945,
  "eval_fidelity": 0.9805834056651336,
  "eval_leakage": 0.008303756334061588,
  "eval_plan_path": "runs\\runtime\\gamma_1.570796\\alpha_2.826000\\plans\\iter_000083_control_plan.npz",
  "eval_time_ns": 180.0,
  "gamma": 1.5707963267948966,
  "phase_iter": 83,
  "robustness": {
    "sigma_1p0": {
      "average_fidelity": 0.9294847044387041,
      "average_gate_fidelity": 0.9118558805483801,
      "fidelity_variance": 0.0007859272667328411,
      "num_samples": 60,
      "sigma_mhz": 1.0
    }
  }
}