{
  "alpha": 2.826,
  "eval_cost": 1.0987411686547992,
  "eval_fidelity": 0.9403721000685705,
  "eval_leakage": 0.00743741640448655,
  "eval_plan_path": "runs\\runtime\\gamma_1.570796\\alpha_2.826000\\plans\\iter_000128_control_plan.npz",
  "eval_time_ns": 180.0,
  "gamma": 1.5707963267948966,
  "phase_iter": 128,
  "robustness": {
    "sigma_1p0": {
      "average_fidelity": 0.9055568964956265,
      "average_gate_fidelity": 0.8819461206195331,
      "fidelity_variance": 0.0009241026662854099,
      "num_samples": 60,
      "sigma_mhz": 1.0
    }
  }
}