{
  "alpha": 2.826,
  "eval_cost": 0.5155403871420444,
  "eval_fidelity": 0.9873450761654347,
  "eval_leakage": 0.007425696707200879,
  "eval_plan_path": "runs\\runtime\\gamma_1.570796\\alpha_2.826000\\plans\\iter_000062_control_plan.npz",
  "eval_time_ns": 180.0,
  "gamma": 1.5707963267948966,
  "phase_iter": 62,
  "robustness": {
    "sigma_1p0": {
      "average_fidelity": 0.940935796163956,
      "average_gate_fidelity": 0.926169745204945,
      "fidelity_variance": 0.0006772393797434887,
      "num_samples": 60,
      "sigma_mhz": 1.0
    }
  }
}