{
  "alpha": 2.826,
  "eval_cost": 0.6084337078007795,
  "eval_fidelity": 0.9804518653292966,
  "eval_leakage": 0.008264504141279692,
  "eval_plan_path": "runs\\runtime\\gamma_1.570796\\alpha_2.826000\\plans\\iter_000082_control_plan.npz",
  "eval_time_ns": 180.0,
  "gamma": 1.5707963267948966,
  "phase_iter": 82,
  "robustness": {
    "sigma_1p0": {
      "average_fidelity": 0.9322280151374699,
      "average_gate_fidelity": 0.9152850189218374,
      "fidelity_variance": 0.0008514808786476337,
      "num_samples": 60,
      "sigma_mhz": 1.0
    }
  }
}