{
  "alpha": 2.826,
  "eval_cost": 0.9615463699461099,
  "eval_fidelity": 0.9431900241844676,
  "eval_leakage": 0.007304409459661018,
  "eval_plan_path": "runs\\runtime\\gamma_1.570796\\alpha_2.826000\\plans\\iter_000005_control_plan.npz",
  "eval_time_ns": 180.0,
  "gamma": 1.5707963267948966,
  "phase_iter": 5,
  "robustness": {
    "sigma_1p0": {
      "average_fidelity": 0.9056905676512397,
      "average_gate_fidelity": 0.8821132095640496,
      "fidelity_variance": 0.0016399985524182046,
      "num_samples": 60,
      "sigma_mhz": 1.0
    }
  }
}