{
  "alpha": 2.826,
  "eval_cost": 0.8634339491487535,
  "eval_fidelity": 0.9514457935217808,
  "eval_leakage": 0.006694939289929597,
  "eval_plan_path": "runs\\runtime\\gamma_1.570796\\alpha_2.826000\\plans\\iter_000107_control_plan.npz",
  "eval_time_ns": 180.0,
  "gamma": 1.5707963267948966,
  "phase_iter": 107,
  "robustness": {
    "sigma_1p0": {
      "average_fidelity": 0.9191668807485869,
      "average_gate_fidelity": 0.8989586009357334,
      "fidelity_variance": 0.0008967036959726442,
      "num_samples": 60,
      "sigma_mhz": 1.0
    }
  }
}