{
  "alpha": 2.826,
  "eval_cost": 0.6470047958974141,
  "eval_fidelity": 0.9730582419500552,
  "eval_leakage": 0.0073171768738491995,
  "eval_plan_path": "runs\\runtime\\gamma_1.570796\\alpha_2.826000\\plans\\iter_000046_control_plan.npz",
  "eval_time_ns": 180.0,
  "gamma": 1.5707963267948966,
  "phase_iter": 46,
  "robustness": {
    "sigma_1p0": {
      "average_fidelity": 0.9289704572602869,
      "average_gate_fidelity": 0.9112130715753584,
      "fidelity_variance": 0.0006023750501220399,
      "num_samples": 60,
      "sigma_mhz": 1.0
    }
  }
}