{
  "alpha": 2.826,
  "eval_cost": 0.6361586277349209,
  "eval_fidelity": 0.9743913352368759,
  "eval_leakage": 0.007302948220212055,
  "eval_plan_path": "runs\\runtime\\gamma_1.570796\\alpha_2.826000\\plans\\iter_000043_control_plan.npz",
  "eval_time_ns": 180.0,
  "gamma": 1.5707963267948966,
  "phase_iter": 43,
  "robustness": {
    "sigma_1p0": {
      "average_fidelity": 0.9267801182034612,
      "average_gate_fidelity": 0.9084751477543265,
      "fidelity_variance": 0.001096496084553794,
      "num_samples": 60,
      "sigma_mhz": 1.0
    }
  }
}