{
  "alpha": 2.826,
  "eval_cost": 1.0674917434531048,
  "eval_fidelity": 0.9393793518033399,
  "eval_leakage": 0.007116453186212961,
  "eval_plan_path": "runs\\runtime\\gamma_1.570796\\alpha_2.826000\\plans\\iter_000123_control_plan.npz",
  "eval_time_ns": 180.0,
  "gamma": 1.5707963267948966,
  "phase_iter": 123,
  "robustness": {
    "sigma_1p0": {
      "average_fidelity": 0.8997244663958442,
      "average_gate_fidelity": 0.8746555829948053,
      "fidelity_variance": 0.001276205298692747,
      "num_samples": 60,
      "sigma_mhz": 1.0
    }
  }
}