{
  "alpha": 2.826,
  "eval_cost": 0.6226615475333792,
  "eval_fidelity": 0.976240716859433,
  "eval_leakage": 0.007242476510794484,
  "eval_plan_path": "runs\\runtime\\gamma_1.570796\\alpha_2.826000\\plans\\iter_000035_control_plan.npz",
  "eval_time_ns": 180.0,
  "gamma": 1.5707963267948966,
  "phase_iter": 35,
  "robustness": {
    "sigma_1p0": {
      "average_fidelity": 0.9317976996494637,
      "average_gate_fidelity": 0.9147471245618298,
      "fidelity_variance": 0.0007767429564019336,
      "num_samples": 60,
      "sigma_mhz": 1.0
    }
  }
}