{
  "alpha": 2.826,
  "eval_cost": 0.8618370233867274,
  "eval_fidelity": 0.9520380575035002,
  "eval_leakage": 0.006996410906970402,
  "eval_plan_path": "runs\\runtime\\gamma_1.570796\\alpha_2.826000\\plans\\iter_000105_control_plan.npz",
  "eval_time_ns": 180.0,
  "gamma": 1.5707963267948966,
  "phase_iter": 105,
  "robustness": {
    "sigma_1p0": {
      "average_fidelity": 0.9107574852934761,
      "average_gate_fidelity": 0.8884468566168451,
      "fidelity_variance": 0.0012636302142356166,
      "num_samples": 60,
      "sigma_mhz": 1.0
    }
  }
}