{
  "alpha": 2.826,
  "eval_cost": 0.5166886227010491,
  "eval_fidelity": 0.9873715210714342,
  "eval_leakage": 0.007520073991307767,
  "eval_plan_path": "runs\\runtime\\gamma_1.570796\\alpha_2.826000\\plans\\iter_000066_control_plan.npz",
  "eval_time_ns": 180.0,
  "gamma": 1.5707963267948966,
  "phase_iter": 66,
  "robustness": {
    "sigma_1p0": {
      "average_fidelity": 0.9343574224538476,
      "average_gate_fidelity": 0.9179467780673097,
      "fidelity_variance": 0.0007084230003456431,
      "num_samples": 60,
      "sigma_mhz": 1.0
    }
  }
}