{
  "alpha": 2.826,
  "eval_cost": 0.5917958469692546,
  "eval_fidelity": 0.9799603433077102,
  "eval_leakage": 0.00823941947235528,
  "eval_plan_path": "runs\\runtime\\gamma_1.570796\\alpha_2.826000\\plans\\iter_000089_control_plan.npz",
  "eval_time_ns": 180.0,
  "gamma": 1.5707963267948966,
  "phase_iter": 89,
  "robustness": {
    "sigma_1p0": {
      "average_fidelity": 0.9320030638735318,
      "average_gate_fidelity": 0.9150038298419148,
      "fidelity_variance": 0.0006202812147867511,
      "num_samples": 60,
      "sigma_mhz": 1.0
    }
  }
}