{
  "alpha": 2.826,
  "eval_cost": 1.1817710758113793,
  "eval_fidelity": 0.9385690297198771,
  "eval_leakage": 0.00813296868403107,
  "eval_plan_path": "runs\\runtime\\gamma_1.570796\\alpha_2.826000\\plans\\iter_000146_control_plan.npz",
  "eval_time_ns": 180.0,
  "gamma": 1.5707963267948966,
  "phase_iter": 146,
  "robustness": {
    "sigma_1p0": {
      "average_fidelity": 0.9036839399590898,
      "average_gate_fidelity": 0.8796049249488621,
      "fidelity_variance": 0.0007978776547918864,
      "num_samples": 60,
      "sigma_mhz": 1.0
    }
  }
}