{
  "alpha": 2.826,
  "eval_cost": 0.6240405033117697,
  "eval_fidelity": 0.9755269823491184,
  "eval_leakage": 0.007291149181512274,
  "eval_plan_path": "runs\\runtime\\gamma_1.570796\\alpha_2.826000\\plans\\iter_000030_control_plan.npz",
  "eval_time_ns": 180.0,
  "gamma": 1.5707963267948966,
  "phase_iter": 30,
  "robustness": {
    "sigma_1p0": {
      "average_fidelity": 0.927683690298138,
      "average_gate_fidelity": 0.9096046128726728,
      "fidelity_variance": 0.0008335649957678413,
      "num_samples": 60,
      "sigma_mhz": 1.0
    }
  }
}