{
  "alpha": 2.826,
  "eval_cost": 0.8913386354271602,
  "eval_fidelity": 0.9476489299062676,
  "eval_leakage": 0.006530300750298468,
  "eval_plan_path": "runs\\runtime\\gamma_1.570796\\alpha_2.826000\\plans\\iter_000109_control_plan.npz",
  "eval_time_ns": 180.0,
  "gamma": 1.5707963267948966,
  "phase_iter": 109,
  "robustness": {
    "sigma_1p0": {
      "average_fidelity": 0.9066851415162486,
      "average_gate_fidelity": 0.8833564268953106,
      "fidelity_variance": 0.001593732454974867,
      "num_samples": 60,
      "sigma_mhz": 1.0
    }
  }
}