{
  "alpha": 2.826,
  "eval_cost": 0.6511795200284569,
  "eval_fidelity": 0.9733299390718685,
  "eval_leakage": 0.007279974793372958,
  "eval_plan_path": "runs\\runtime\\gamma_1.570796\\alpha_2.826000\\plans\\iter_000037_control_plan.npz",
  "eval_time_ns": 180.0,
  "gamma": 1.5707963267948966,
  "phase_iter": 37,
  "robustness": {
    "sigma_1p0": {
      "average_fidelity": 0.9271313467971503,
      "average_gate_fidelity": 0.9089141834964382,
      "fidelity_variance": 0.0012080362479400376,
      "num_samples": 60,
      "sigma_mhz": 1.0
    }
  }
}