{
  "alpha": 2.826,
  "eval_cost": 0.6106401897110576,
  "eval_fidelity": 0.978026075806028,
  "eval_leakage": 0.008327065200021213,
  "eval_plan_path": "runs\\runtime\\gamma_1.570796\\alpha_2.826000\\plans\\iter_000090_control_plan.npz",
  "eval_time_ns": 180.0,
  "gamma": 1.5707963267948966,
  "phase_iter": 90,
  "robustness": {
    "sigma_1p0": {
      "average_fidelity": 0.930282974272887,
      "average_gate_fidelity": 0.9128537178411088,
      "fidelity_variance": 0.0008109130813058963,
      "num_samples": 60,
      "sigma_mhz": 1.0
    }
  }
}