{
  "alpha": 2.826,
  "eval_cost": 0.5629799426059905,
  "eval_fidelity": 0.9830976901353732,
  "eval_leakage": 0.007812601570136612,
  "eval_plan_path": "runs\\runtime\\gamma_1.570796\\alpha_2.826000\\plans\\iter_000072_control_plan.npz",
  "eval_time_ns": 180.0,
  "gamma": 1.5707963267948966,
  "phase_iter": 72,
  "robustness": {
    "sigma_1p0": {
      "average_fidelity": 0.9374950620992254,
      "average_gate_fidelity": 0.9218688276240317,
      "fidelity_variance": 0.0006155055676071199,
      "num_samples": 60,
      "sigma_mhz": 1.0
    }
  }
}