{
  "alpha": 2.826,
  "eval_cost": 0.7239033223827915,
  "eval_fidelity": 0.9664049712283697,
  "eval_leakage": 0.00719765807323448,
  "eval_plan_path": "runs\\runtime\\gamma_1.570796\\alpha_2.826000\\plans\\iter_000019_control_plan.npz",
  "eval_time_ns": 180.0,
  "gamma": 1.5707963267948966,
  "phase_iter": 19,
  "robustness": {
    "sigma_1p0": {
      "average_fidelity": 0.92434356010796,
      "average_gate_fidelity": 0.9054294501349501,
      "fidelity_variance": 0.0010825089386183556,
      "num_samples": 60,
      "sigma_mhz": 1.0
    }
  }
}