{
  "alpha": 2.826,
  "eval_cost": 0.7779474460716255,
  "eval_fidelity": 0.961634157127581,
  "eval_leakage": 0.007207819095373451,
  "eval_plan_path": "runs\\runtime\\gamma_1.570796\\alpha_2.826000\\plans\\iter_000015_control_plan.npz",
  "eval_time_ns": 180.0,
  "gamma": 1.5707963267948966,
  "phase_iter": 15,
  "robustness": {
    "sigma_1p0": {
      "average_fidelity": 0.9257744851172144,
      "average_gate_fidelity": 0.9072181063965179,
      "fidelity_variance": 0.0016173276303062094,
      "num_samples": 60,
      "sigma_mhz": 1.0
    }
  }
}