{
  "alpha": 2.826,
  "eval_cost": 0.5984756730240208,
  "eval_fidelity": 0.979490450328076,
  "eval_leakage": 0.008038442450651457,
  "eval_plan_path": "runs\\runtime\\gamma_1.570796\\alpha_2.826000\\plans\\iter_000076_control_plan.npz",
  "eval_time_ns": 180.0,
  "gamma": 1.5707963267948966,
  "phase_iter": 76,
  "robustness": {
    "sigma_1p0": {
      "average_fidelity": 0.9372555256046269,
      "average_gate_fidelity": 0.9215694070057837,
      "fidelity_variance": 0.0005515866987358601,
      "num_samples": 60,
      "sigma_mhz": 1.0
    }
  }
}