{
  "alpha": 2.826,
  "eval_cost": 1.0931683481682581,
  "eval_fidelity": 0.9443317747813322,
  "eval_leakage": 0.008029694069546922,
  "eval_plan_path": "runs\\runtime\\gamma_1.570796\\alpha_2.826000\\plans\\iter_000142_control_plan.npz",
  "eval_time_ns": 180.0,
  "gamma": 1.5707963267948966,
  "phase_iter": 142,
  "robustness": {
    "sigma_1p0": {
      "average_fidelity": 0.9089070140858859,
      "average_gate_fidelity": 0.8861337676073572,
      "fidelity_variance": 0.001068544050124203,
      "num_samples": 60,
      "sigma_mhz": 1.0
    }
  }
}