{
  "alpha": 2.826,
  "eval_cost": 0.6256794849651706,
  "eval_fidelity": 0.9753629172410676,
  "eval_leakage": 0.007355960120160687,
  "eval_plan_path": "runs\\runtime\\gamma_1.570796\\alpha_2.826000\\plans\\iter_000051_control_plan.npz",
  "eval_time_ns": 180.0,
  "gamma": 1.5707963267948966,
  "phase_iter": 51,
  "robustness": {
    "sigma_1p0": {
      "average_fidelity": 0.9260715834827558,
      "average_gate_fidelity": 0.9075894793534445,
      "fidelity_variance": 0.0006991093565235786,
      "num_samples": 60,
      "sigma_mhz": 1.0
    }
  }
}