{
  "alpha": 2.826,
  "eval_cost": 0.6531072830996016,
  "eval_fidelity": 0.9736420623507523,
  "eval_leakage": 0.007204376398165146,
  "eval_plan_path": "runs\\runtime\\gamma_1.570796\\alpha_2.826000\\plans\\iter_000024_control_plan.npz",
  "eval_time_ns": 180.0,
  "gamma": 1.5707963267948966,
  "phase_iter": 24,
  "robustness": {
    "sigma_1p0": {
      "average_fidelity": 0.9240189258318141,
      "average_gate_fidelity": 0.9050236572897679,
      "fidelity_variance": 0.0009521056213283359,
      "num_samples": 60,
      "sigma_mhz": 1.0
    }
  }
}