{
  "alpha": 2.826,
  "eval_cost": 0.8196463308880235,
  "eval_fidelity": 0.9582220513185679,
  "eval_leakage": 0.007245634961871934,
  "eval_plan_path": "runs\\runtime\\gamma_1.570796\\alpha_2.826000\\plans\\iter_000008_control_plan.npz",
  "eval_time_ns": 180.0,
  "gamma": 1.5707963267948966,
  "phase_iter": 8,
  "robustness": {
    "sigma_1p0": {
      "average_fidelity": 0.9234499757576234,
      "average_gate_fidelity": 0.9043124696970289,
      "fidelity_variance": 0.0011440907978685331,
      "num_samples": 60,
      "sigma_mhz": 1.0
    }
  }
}