{
  "alpha": 2.826,
  "eval_cost": 0.9350457879881772,
  "eval_fidelity": 0.9460725469768219,
  "eval_leakage": 0.007268086768048061,
  "eval_plan_path": "runs\\runtime\\gamma_1.570796\\alpha_2.826000\\plans\\iter_000006_control_plan.npz",
  "eval_time_ns": 180.0,
  "gamma": 1.5707963267948966,
  "phase_iter": 6,
  "robustness": {
    "sigma_1p0": {
      "average_fidelity": 0.9027126430798108,
      "average_gate_fidelity": 0.8783908038497632,
      "fidelity_variance": 0.001953189251265038,
      "num_samples": 60,
      "sigma_mhz": 1.0
    }
  }
}