{
  "alpha": 2.826,
  "eval_cost": 1.0987690624995132,
  "eval_fidelity": 0.93979976648795,
  "eval_leakage": 0.007712037642140658,
  "eval_plan_path": "runs\\runtime\\gamma_1.570796\\alpha_2.826000\\plans\\iter_000134_control_plan.npz",
  "eval_time_ns": 180.0,
  "gamma": 1.5707963267948966,
  "phase_iter": 134,
  "robustness": {
    "sigma_1p0": {
      "average_fidelity": 0.9090094259165209,
      "average_gate_fidelity": 0.8862617823956513,
      "fidelity_variance": 0.0011900652175088448,
      "num_samples": 60,
      "sigma_mhz": 1.0
    }
  }
}