{
  "alpha": 2.826,
  "eval_cost": 0.6910473135620193,
  "eval_fidelity": 0.9697139957732778,
  "eval_leakage": 0.007196789336482273,
  "eval_plan_path": "runs\\runtime\\gamma_1.570796\\alpha_2.826000\\plans\\iter_000028_control_plan.npz",
  "eval_time_ns": 180.0,
  "gamma": 1.5707963267948966,
  "phase_iter": 28,
  "robustness": {
    "sigma_1p0": {
      "average_fidelity": 0.9204469222206237,
      "average_gate_fidelity": 0.9005586527757796,
      "fidelity_variance": 0.0009996108317881392,
      "num_samples": 60,
      "sigma_mhz": 1.0
    }
  }
}