{
  "alpha": 2.826,
  "eval_cost": 1.1900304086404057,
  "eval_fidelity": 0.919155133089395,
  "eval_leakage": 0.0075518885430167155,
  "eval_plan_path": "runs\\runtime\\gamma_1.570796\\alpha_2.826000\\plans\\iter_000002_control_plan.npz",
  "eval_time_ns": 180.0,
  "gamma": 1.5707963267948966,
  "phase_iter": 2,
  "robustness": {
    "sigma_1p0": {
      "average_fidelity": 0.88346828942418,
      "average_gate_fidelity": 0.8543353617802248,
      "fidelity_variance": 0.0019374665767995227,
      "num_samples": 60,
      "sigma_mhz": 1.0
    }
  }
}