{
  "alpha": 2.826,
  "eval_cost": 0.5852199274274413,
  "eval_fidelity": 0.9813881168722756,
  "eval_leakage": 0.007818099112278395,
  "eval_plan_path": "runs\\runtime\\gamma_1.570796\\alpha_2.826000\\plans\\iter_000071_control_plan.npz",
  "eval_time_ns": 180.0,
  "gamma": 1.5707963267948966,
  "phase_iter": 71,
  "robustness": {
    "sigma_1p0": {
      "average_fidelity": 0.931659187857974,
      "average_gate_fidelity": 0.9145739848224674,
      "fidelity_variance": 0.0008047210763278117,
      "num_samples": 60,
      "sigma_mhz": 1.0
    }
  }
}