{
  "alpha": 2.826,
  "eval_cost": 0.7010625077418742,
  "eval_fidelity": 0.9687716086716197,
  "eval_leakage": 0.007196722821288597,
  "eval_plan_path": "runs\\runtime\\gamma_1.570796\\alpha_2.826000\\plans\\iter_000020_control_plan.npz",
  "eval_time_ns": 180.0,
  "gamma": 1.5707963267948966,
  "phase_iter": 20,
  "robustness": {
    "sigma_1p0": {
      "average_fidelity": 0.9239392957671125,
      "average_gate_fidelity": 0.9049241197088905,
      "fidelity_variance": 0.0008298548421618607,
      "num_samples": 60,
      "sigma_mhz": 1.0
    }
  }
}