{
  "alpha": 2.826,
  "eval_cost": 0.6416481999083983,
  "eval_fidelity": 0.9737147243608631,
  "eval_leakage": 0.007252627393172728,
  "eval_plan_path": "runs\\runtime\\gamma_1.570796\\alpha_2.826000\\plans\\iter_000031_control_plan.npz",
  "eval_time_ns": 180.0,
  "gamma": 1.5707963267948966,
  "phase_iter": 31,
  "robustness": {
    "sigma_1p0": {
      "average_fidelity": 0.9292716361017661,
      "average_gate_fidelity": 0.9115895451272075,
      "fidelity_variance": 0.0008198208487824761,
      "num_samples": 60,
      "sigma_mhz": 1.0
    }
  }
}