{
  "alpha": 2.826,
  "eval_cost": 1.1261417041592732,
  "eval_fidelity": 0.9364004513576536,
  "eval_leakage": 0.007618179805527844,
  "eval_plan_path": "runs\\runtime\\gamma_1.570796\\alpha_2.826000\\plans\\iter_000133_control_plan.npz",
  "eval_time_ns": 180.0,
  "gamma": 1.5707963267948966,
  "phase_iter": 133,
  "robustness": {
    "sigma_1p0": {
      "average_fidelity": 0.9038471740733816,
      "average_gate_fidelity": 0.8798089675917271,
      "fidelity_variance": 0.001040417941981746,
      "num_samples": 60,
      "sigma_mhz": 1.0
    }
  }
}