{
  "alpha": 2.826,
  "eval_cost": 0.5224496596898057,
  "eval_fidelity": 0.9864288557753756,
  "eval_leakage": 0.007482470212997335,
  "eval_plan_path": "runs\\runtime\\gamma_1.570796\\alpha_2.826000\\plans\\iter_000065_control_plan.npz",
  "eval_time_ns": 180.0,
  "gamma": 1.5707963267948966,
  "phase_iter": 65,
  "robustness": {
    "sigma_1p0": {
      "average_fidelity": 0.9397521304132518,
      "average_gate_fidelity": 0.9246901630165646,
      "fidelity_variance": 0.0006001506175297725,
      "num_samples": 60,
      "sigma_mhz": 1.0
    }
  }
}