{
  "alpha": 2.826,
  "eval_cost": 0.5467651822588447,
  "eval_fidelity": 0.983277673532763,
  "eval_leakage": 0.007421909650870258,
  "eval_plan_path": "runs\\runtime\\gamma_1.570796\\alpha_2.826000\\plans\\iter_000060_control_plan.npz",
  "eval_time_ns": 180.0,
  "gamma": 1.5707963267948966,
  "phase_iter": 60,
  "robustness": {
    "sigma_1p0": {
      "average_fidelity": 0.9384899916606415,
      "average_gate_fidelity": 0.9231124895758019,
      "fidelity_variance": 0.0006922961810283621,
      "num_samples": 60,
      "sigma_mhz": 1.0
    }
  }
}