{
  "alpha": 2.826,
  "eval_cost": 0.564635881219968,
  "eval_fidelity": 0.9829247547635226,
  "eval_leakage": 0.007878339129584288,
  "eval_plan_path": "runs\\runtime\\gamma_1.570796\\alpha_2.826000\\plans\\iter_000073_control_plan.npz",
  "eval_time_ns": 180.0,
  "gamma": 1.5707963267948966,
  "phase_iter": 73,
  "robustness": {
    "sigma_1p0": {
      "average_fidelity": 0.9385049773097992,
      "average_gate_fidelity": 0.9231312216372488,
      "fidelity_variance": 0.0006237920096707698,
      "num_samples": 60,
      "sigma_mhz": 1.0
    }
  }
}