{
  "alpha": 2.826,
  "eval_cost": 0.724074337618193,
  "eval_fidelity": 0.9668429883582628,
  "eval_leakage": 0.007196449408718952,
  "eval_plan_path": "runs\\runtime\\gamma_1.570796\\alpha_2.826000\\plans\\iter_000017_control_plan.npz",
  "eval_time_ns": 180.0,
  "gamma": 1.5707963267948966,
  "phase_iter": 17,
  "robustness": {
    "sigma_1p0": {
      "average_fidelity": 0.9243632644936852,
      "average_gate_fidelity": 0.9054540806171066,
      "fidelity_variance": 0.0009405942999290429,
      "num_samples": 60,
      "sigma_mhz": 1.0
    }
  }
}