{
  "alpha": 2.826,
  "eval_cost": 0.8988573714484046,
  "eval_fidelity": 0.948141851760034,
  "eval_leakage": 0.006430266392557894,
  "eval_plan_path": "runs\\runtime\\gamma_1.570796\\alpha_2.826000\\plans\\iter_000114_control_plan.npz",
  "eval_time_ns": 180.0,
  "gamma": 1.5707963267948966,
  "phase_iter": 114,
  "robustness": {
    "sigma_1p0": {
      "average_fidelity": 0.9064084218688002,
      "average_gate_fidelity": 0.8830105273360005,
      "fidelity_variance": 0.0010768841368059856,
      "num_samples": 60,
      "sigma_mhz": 1.0
    }
  }
}