{
  "alpha": 2.826,
  "eval_cost": 0.6210989629406649,
  "eval_fidelity": 0.9761402522580165,
  "eval_leakage": 0.0072473441997032585,
  "eval_plan_path": "runs\\runtime\\gamma_1.570796\\alpha_2.826000\\plans\\iter_000036_control_plan.npz",
  "eval_time_ns": 180.0,
  "gamma": 1.5707963267948966,
  "phase_iter": 36,
  "robustness": {
    "sigma_1p0": {
      "average_fidelity": 0.9314310355011108,
      "average_gate_fidelity": 0.9142887943763884,
      "fidelity_variance": 0.0008714367796542095,
      "num_samples": 60,
      "sigma_mhz": 1.0
    }
  }
}