{
  "alpha": 2.826,
  "eval_cost": 0.5492399644709194,
  "eval_fidelity": 0.9842865080288651,
  "eval_leakage": 0.007553860346214868,
  "eval_plan_path": "runs\\runtime\\gamma_1.570796\\alpha_2.826000\\plans\\iter_000067_control_plan.npz",
  "eval_time_ns": 180.0,
  "gamma": 1.5707963267948966,
  "phase_iter": 67,
  "robustness": {
    "sigma_1p0": {
      "average_fidelity": 0.9387438165181102,
      "average_gate_fidelity": 0.9234297706476376,
      "fidelity_variance": 0.000595541859227576,
      "num_samples": 60,
      "sigma_mhz": 1.0
    }
  }
}