{
  "alpha": 2.826,
  "eval_cost": 0.6034297452200768,
  "eval_fidelity": 0.9798904739232316,
  "eval_leakage": 0.008319271076433746,
  "eval_plan_path": "runs\\runtime\\gamma_1.570796\\alpha_2.826000\\plans\\iter_000087_control_plan.npz",
  "eval_time_ns": 180.0,
  "gamma": 1.5707963267948966,
  "phase_iter": 87,
  "robustness": {
    "sigma_1p0": {
      "average_fidelity": 0.931166553809052,
      "average_gate_fidelity": 0.913958192261315,
      "fidelity_variance": 0.0007145186428038943,
      "num_samples": 60,
      "sigma_mhz": 1.0
    }
  }
}