{
  "alpha": 1.4,
  "best_cost": 0.08577899898542482,
  "best_fidelity": 0.998723485945676,
  "best_horizon_ns": 40.0,
  "best_leakage": 0.0003673494509567976,
  "control_plan": "runs/adam_runtime_sweep\\gamma_1.570796\\alpha_1.400000\\best_control_plan.npz",
  "gamma": 1.5707963267948966,
  "robustness_path": "runs/adam_runtime_sweep\\gamma_1.570796\\alpha_1.400000\\robustness\\best_robustness.json",
  "robustness_sigma_1p0_average_fidelity": 0.987100548930248,
  "robustness_sigma_1p0_average_gate_fidelity": 0.9838756861628101,
  "robustness_sigma_1p0_fidelity_variance": 3.862509741370638e-05,
  "runtime_ns": 40.0
}