{
  "alpha": 1.099,
  "eval_cost": 1.2953596437932733,
  "eval_fidelity": 0.9137085588643238,
  "eval_leakage": 0.006185024186185326,
  "eval_plan_path": "runs\\runtime\\gamma_1.570796\\alpha_1.099000\\plans\\iter_000002_control_plan.npz",
  "eval_time_ns": 180.0,
  "gamma": 1.5707963267948966,
  "phase_iter": 2,
  "robustness": {
    "sigma_1p0": {
      "average_fidelity": 0.8804571737587878,
      "average_gate_fidelity": 0.8505714671984848,
      "fidelity_variance": 0.0014732496668962444,
      "num_samples": 60,
      "sigma_mhz": 1.0
    }
  }
}