{
  "alpha": 1.099,
  "eval_cost": 1.1525208342090578,
  "eval_fidelity": 0.9332265745083513,
  "eval_leakage": 0.006329672583908539,
  "eval_plan_path": "runs\\runtime\\gamma_1.570796\\alpha_1.099000\\plans\\iter_000006_control_plan.npz",
  "eval_time_ns": 180.0,
  "gamma": 1.5707963267948966,
  "phase_iter": 6,
  "robustness": {
    "sigma_1p0": {
      "average_fidelity": 0.8898518429818548,
      "average_gate_fidelity": 0.8623148037273185,
      "fidelity_variance": 0.0016499843560595928,
      "num_samples": 60,
      "sigma_mhz": 1.0
    }
  }
}