{
  "alpha": 1.099,
  "eval_cost": 1.1631169594556445,
  "eval_fidelity": 0.932009592671553,
  "eval_leakage": 0.006293944987137706,
  "eval_plan_path": "runs\\runtime\\gamma_1.570796\\alpha_1.099000\\plans\\iter_000004_control_plan.npz",
  "eval_time_ns": 180.0,
  "gamma": 1.5707963267948966,
  "phase_iter": 4,
  "robustness": {
    "sigma_1p0": {
      "average_fidelity": 0.8946247751634172,
      "average_gate_fidelity": 0.8682809689542712,
      "fidelity_variance": 0.001522998856348327,
      "num_samples": 60,
      "sigma_mhz": 1.0
    }
  }
}