{
  "alpha": 1.099,
  "eval_cost": 1.3826720734916176,
  "eval_fidelity": 0.903144067739763,
  "eval_leakage": 0.006174125100799435,
  "eval_plan_path": "runs\\runtime\\gamma_1.570796\\alpha_1.099000\\plans\\iter_000001_control_plan.npz",
  "eval_time_ns": 180.0,
  "gamma": 1.5707963267948966,
  "phase_iter": 1,
  "robustness": {
    "sigma_1p0": {
      "average_fidelity": 0.880376574414206,
      "average_gate_fidelity": 0.8504707180177576,
      "fidelity_variance": 0.001346386654217392,
      "num_samples": 60,
      "sigma_mhz": 1.0
    }
  }
}