{
  "alpha": 1.099,
  "eval_cost": 1.1365521387119286,
  "eval_fidelity": 0.9324213046395735,
  "eval_leakage": 0.006207908017643561,
  "eval_plan_path": "runs\\runtime\\gamma_1.570796\\alpha_1.099000\\plans\\iter_000009_control_plan.npz",
  "eval_time_ns": 180.0,
  "gamma": 1.5707963267948966,
  "phase_iter": 9,
  "robustness": {
    "sigma_1p0": {
      "average_fidelity": 0.8965618013243075,
      "average_gate_fidelity": 0.8707022516553845,
      "fidelity_variance": 0.0012050018234234425,
      "num_samples": 60,
      "sigma_mhz": 1.0
    }
  }
}