{
  "alpha": 1.099,
  "eval_cost": 1.1192701344982927,
  "eval_fidelity": 0.937598600980747,
  "eval_leakage": 0.00635312078291642,
  "eval_plan_path": "runs\\runtime\\gamma_1.570796\\alpha_1.099000\\plans\\iter_000005_control_plan.npz",
  "eval_time_ns": 180.0,
  "gamma": 1.5707963267948966,
  "phase_iter": 5,
  "robustness": {
    "sigma_1p0": {
      "average_fidelity": 0.9047223100209462,
      "average_gate_fidelity": 0.8809028875261826,
      "fidelity_variance": 0.001465878973056768,
      "num_samples": 60,
      "sigma_mhz": 1.0
    }
  }
}