{
  "alpha": 1.099,
  "eval_cost": 1.2251991265725222,
  "eval_fidelity": 0.9230658162626614,
  "eval_leakage": 0.0062226283811222475,
  "eval_plan_path": "runs\\runtime\\gamma_1.570796\\alpha_1.099000\\plans\\iter_000003_control_plan.npz",
  "eval_time_ns": 180.0,
  "gamma": 1.5707963267948966,
  "phase_iter": 3,
  "robustness": {
    "sigma_1p0": {
      "average_fidelity": 0.8885430158118375,
      "average_gate_fidelity": 0.8606787697647966,
      "fidelity_variance": 0.001974806985767236,
      "num_samples": 60,
      "sigma_mhz": 1.0
    }
  }
}