{
  "alpha": 1.099,
  "eval_cost": 1.1271613292238374,
  "eval_fidelity": 0.9351980905558818,
  "eval_leakage": 0.006259070168208387,
  "eval_plan_path": "runs\\runtime\\gamma_1.570796\\alpha_1.099000\\plans\\iter_000008_control_plan.npz",
  "eval_time_ns": 180.0,
  "gamma": 1.5707963267948966,
  "phase_iter": 8,
  "robustness": {
    "sigma_1p0": {
      "average_fidelity": 0.9076246702839728,
      "average_gate_fidelity": 0.8845308378549659,
      "fidelity_variance": 0.0009326623263709325,
      "num_samples": 60,
      "sigma_mhz": 1.0
    }
  }
}