{
  "alpha": 0.314,
  "best_checkpoint": "runs\\runtime\\gamma_1.570796\\alpha_0.314000\\best_agent.pt",
  "best_cost": 0.3984718481463212,
  "best_fidelity": 0.9904539204905208,
  "best_leakage": 0.004117727270747682,
  "best_min_cost": 0.3984718481463212,
  "best_min_cost_time_ns": 140.0,
  "control_plan": "runs\\runtime\\gamma_1.570796\\alpha_0.314000\\best_control_plan.npz",
  "curriculum_checkpoint": "runs\\runtime\\gamma_1.570796\\curriculum_checkpoints\\after_alpha_0.314000.pt",
  "gamma": 1.5707963267948966,
  "iterations_used": 90.0,
  "last_checkpoint": "runs\\runtime\\gamma_1.570796\\alpha_0.314000\\last_agent.pt",
  "runtime_ns": 140.0,
  "train_avg_fidelity": 0.788128458381033
}