{
  "alpha": 2.2,
  "eval_cost": 0.19791706623254432,
  "eval_fidelity": 0.9920833673794534,
  "eval_leakage": 0.00034557523350048255,
  "eval_plan_path": "runs\\cost_function_sweep\\trpo\\a-2p2__g-pi_2__kl-0p005__tc-0p15__std-m1p0__dt-2p0__mt-180p0__chi-5p0__beta-10p0__mu-0p1__kappa-0p05__hs-64m32m32\\seed_2\\plans\\iter_000004_control_plan.npz",
  "eval_time_ns": 180.0,
  "gamma": 1.5707963267948966,
  "iteration": 4,
  "robustness": {
    "sigma_1p0": {
      "average_fidelity": 0.9419164588084947,
      "average_gate_fidelity": 0.9273955735106181,
      "fidelity_variance": 0.0006329195264943405,
      "num_samples": 60,
      "sigma_mhz": 1.0
    }
  }
}