{
  "alpha": 2.2,
  "eval_cost": 2.301436617676761,
  "eval_fidelity": 0.9457466465409922,
  "eval_leakage": 0.00041193638914252615,
  "eval_plan_path": "runs\\cost_function_sweep\\trpo\\a-2p2_e4c96ed7\\seed_1\\plans\\iter_000004_control_plan.npz",
  "eval_time_ns": 180.0,
  "gamma": 1.5707963267948966,
  "iteration": 4,
  "robustness": {
    "sigma_1p0": {
      "average_fidelity": 0.9103425489406552,
      "average_gate_fidelity": 0.887928186175819,
      "fidelity_variance": 0.0019286625358144053,
      "num_samples": 60,
      "sigma_mhz": 1.0
    }
  }
}