{
  "alpha": 2.2,
  "eval_cost": 1.528178820850451,
  "eval_fidelity": 0.9865520488981189,
  "eval_leakage": 0.00028523466316275,
  "eval_plan_path": "runs\\cost_function_sweep\\trpo\\a-2p2_e4c96ed7\\seed_1\\plans\\iter_000003_control_plan.npz",
  "eval_time_ns": 180.0,
  "gamma": 1.5707963267948966,
  "iteration": 3,
  "robustness": {
    "sigma_1p0": {
      "average_fidelity": 0.9357342222712266,
      "average_gate_fidelity": 0.9196677778390331,
      "fidelity_variance": 0.0009581202598598359,
      "num_samples": 60,
      "sigma_mhz": 1.0
    }
  }
}