{
  "alpha": 2.669,
  "best_checkpoint": "runs\\runtime\\gamma_1.570796\\alpha_2.669000\\best_agent.pt",
  "best_cost": 0.39675578143386586,
  "best_fidelity": 0.9917737847998207,
  "best_leakage": 0.00629335536515042,
  "best_min_cost": 0.39675578143386586,
  "best_min_cost_time_ns": 144.0,
  "control_plan": "runs\\runtime\\gamma_1.570796\\alpha_2.669000\\best_control_plan.npz",
  "curriculum_checkpoint": "runs\\runtime\\gamma_1.570796\\curriculum_checkpoints\\after_alpha_2.669000.pt",
  "gamma": 1.5707963267948966,
  "iterations_used": 94.0,
  "last_checkpoint": "runs\\runtime\\gamma_1.570796\\alpha_2.669000\\last_agent.pt",
  "runtime_ns": 144.0,
  "train_avg_fidelity": 0.9114712157280216
}