{
  "alpha": 2.2,
  "eval_cost": 3.7263368042180494,
  "eval_fidelity": 0.7588980719734794,
  "eval_leakage": 0.00011902913738776401,
  "eval_plan_path": "runs\\cost_function_sweep\\trpo\\a-2p2_96d05b98\\seed_1\\plans\\iter_000001_control_plan.npz",
  "eval_time_ns": 180.0,
  "gamma": 1.5707963267948966,
  "iteration": 1,
  "robustness": {
    "sigma_1p0": {
      "average_fidelity": 0.7710804253796907,
      "average_gate_fidelity": 0.7138505317246133,
      "fidelity_variance": 0.004722103150119392,
      "num_samples": 60,
      "sigma_mhz": 1.0
    }
  }
}