{
  "alpha": 2.2,
  "eval_cost": 2.155511093190471,
  "eval_fidelity": 0.9175018963277422,
  "eval_leakage": 0.00019578484080144608,
  "eval_plan_path": "runs\\cost_function_sweep\\trpo\\a-2p2_96d05b98\\seed_1\\plans\\iter_000002_control_plan.npz",
  "eval_time_ns": 180.0,
  "gamma": 1.5707963267948966,
  "iteration": 2,
  "robustness": {
    "sigma_1p0": {
      "average_fidelity": 0.887627128661968,
      "average_gate_fidelity": 0.8595339108274599,
      "fidelity_variance": 0.0018712833853736165,
      "num_samples": 60,
      "sigma_mhz": 1.0
    }
  }
}