{
  "alpha": 2.2,
  "eval_cost": 0.6746675718512302,
  "eval_fidelity": 0.9570728594343395,
  "eval_leakage": 0.0003988765148036449,
  "eval_plan_path": "runs\\cost_function_sweep\\trpo\\a-2p2_54944bbb\\seed_1\\plans\\iter_000005_control_plan.npz",
  "eval_time_ns": 180.0,
  "gamma": 1.5707963267948966,
  "iteration": 5,
  "robustness": {
    "sigma_1p0": {
      "average_fidelity": 0.9130126436220689,
      "average_gate_fidelity": 0.891265804527586,
      "fidelity_variance": 0.0017912011505309292,
      "num_samples": 60,
      "sigma_mhz": 1.0
    }
  }
}