{
  "alpha": 2.2,
  "eval_cost": 0.9496396858625822,
  "eval_fidelity": 0.9418517668265194,
  "eval_leakage": 0.00019614247602965675,
  "eval_plan_path": "runs\\cost_function_sweep\\trpo\\a-2p2__g-pi_2__kl-0p005__tc-0p15__std-m1p0__dt-2p0__mt-180p0__chi-5p0__beta-10p0__mu-0p1__kappa-0p2__hs-64m32m32\\seed_1\\plans\\iter_000002_control_plan.npz",
  "eval_time_ns": 180.0,
  "gamma": 1.5707963267948966,
  "iteration": 2,
  "robustness": {
    "sigma_1p0": {
      "average_fidelity": 0.9057373130814016,
      "average_gate_fidelity": 0.8821716413517517,
      "fidelity_variance": 0.0015230256734081675,
      "num_samples": 60,
      "sigma_mhz": 1.0
    }
  }
}