{
  "alpha": 2.2,
  "eval_cost": 1.824326781752458,
  "eval_fidelity": 0.7620105166109623,
  "eval_leakage": 0.00011737332664330462,
  "eval_plan_path": "runs\\cost_function_sweep\\trpo\\a-2p2__g-pi_2__kl-0p005__tc-0p15__std-m1p0__dt-2p0__mt-180p0__chi-5p0__beta-10p0__mu-0p1__kappa-0p2__hs-64m32m32\\seed_1\\plans\\iter_000001_control_plan.npz",
  "eval_time_ns": 180.0,
  "gamma": 1.5707963267948966,
  "iteration": 1,
  "robustness": {
    "sigma_1p0": {
      "average_fidelity": 0.7736595900410477,
      "average_gate_fidelity": 0.7170744875513095,
      "fidelity_variance": 0.004668747241509549,
      "num_samples": 60,
      "sigma_mhz": 1.0
    }
  }
}