{
  "alpha": 2.2,
  "eval_cost": 3.883140535507164,
  "eval_fidelity": 0.7407939926753875,
  "eval_leakage": 8.727435192025957e-05,
  "eval_plan_path": "runs\\cost_function_sweep\\trpo\\a-2p2_96d05b98\\seed_2\\plans\\iter_000001_control_plan.npz",
  "eval_time_ns": 180.0,
  "gamma": 1.5707963267948966,
  "iteration": 1,
  "robustness": {
    "sigma_1p0": {
      "average_fidelity": 0.7611247539795536,
      "average_gate_fidelity": 0.701405942474442,
      "fidelity_variance": 0.0033790079300704736,
      "num_samples": 60,
      "sigma_mhz": 1.0
    }
  }
}