{
  "alpha": 2.2,
  "eval_cost": 2.2225094860618064,
  "eval_fidelity": 0.9071946438214253,
  "eval_leakage": 0.00014206692995662095,
  "eval_plan_path": "runs\\cost_function_sweep\\trpo\\a-2p2_96d05b98\\seed_2\\plans\\iter_000002_control_plan.npz",
  "eval_time_ns": 180.0,
  "gamma": 1.5707963267948966,
  "iteration": 2,
  "robustness": {
    "sigma_1p0": {
      "average_fidelity": 0.8760766985825925,
      "average_gate_fidelity": 0.8450958732282404,
      "fidelity_variance": 0.002225324147732048,
      "num_samples": 60,
      "sigma_mhz": 1.0
    }
  }
}