{
  "alpha": 2.2,
  "eval_cost": 1.6353428771911753,
  "eval_fidelity": 0.9593439956777672,
  "eval_leakage": 0.00017350730565976986,
  "eval_plan_path": "runs\\cost_function_sweep\\trpo\\a-2p2_96d05b98\\seed_2\\plans\\iter_000003_control_plan.npz",
  "eval_time_ns": 180.0,
  "gamma": 1.5707963267948966,
  "iteration": 3,
  "robustness": {
    "sigma_1p0": {
      "average_fidelity": 0.912702286052639,
      "average_gate_fidelity": 0.890877857565799,
      "fidelity_variance": 0.0016084497300783633,
      "num_samples": 60,
      "sigma_mhz": 1.0
    }
  }
}