{
  "alpha": 2.2,
  "eval_cost": 1.7340391208888593,
  "eval_fidelity": 0.9599087077815278,
  "eval_leakage": 0.0002445976484807533,
  "eval_plan_path": "runs\\cost_function_sweep\\trpo\\a-2p2_96d05b98\\seed_2\\plans\\iter_000005_control_plan.npz",
  "eval_time_ns": 180.0,
  "gamma": 1.5707963267948966,
  "iteration": 5,
  "robustness": {
    "sigma_1p0": {
      "average_fidelity": 0.916087123373565,
      "average_gate_fidelity": 0.8951089042169562,
      "fidelity_variance": 0.0012516943283731271,
      "num_samples": 60,
      "sigma_mhz": 1.0
    }
  }
}