{
  "alpha": 0.4,
  "best_cost": 0.2253120467712538,
  "best_fidelity": 0.9924263985187891,
  "best_horizon_ns": 80.0,
  "best_leakage": 0.0007217313855740794,
  "control_plan": "runs/adam_runtime_sweep\\gamma_1.570796\\alpha_0.400000\\best_control_plan.npz",
  "gamma": 1.5707963267948966,
  "robustness_path": "runs/adam_runtime_sweep\\gamma_1.570796\\alpha_0.400000\\robustness\\best_robustness.json",
  "robustness_sigma_1p0_average_fidelity": 0.9691835266220707,
  "robustness_sigma_1p0_average_gate_fidelity": 0.9614794082775882,
  "robustness_sigma_1p0_fidelity_variance": 0.00015085056205079087,
  "runtime_ns": 80.0
}