{
  "alpha": 2.2,
  "eval_cost": 2.003635979125094,
  "eval_fidelity": 0.9304587011901965,
  "eval_leakage": 0.000519615632444417,
  "eval_plan_path": "runs\\cost_function_sweep\\trpo\\a-2p2_417e426d\\seed_1\\plans\\iter_000005_control_plan.npz",
  "eval_time_ns": 180.0,
  "gamma": 1.5707963267948966,
  "iteration": 5,
  "robustness": {
    "sigma_1p0": {
      "average_fidelity": 0.8967840118905855,
      "average_gate_fidelity": 0.870980014863232,
      "fidelity_variance": 0.0021730681789951475,
      "num_samples": 60,
      "sigma_mhz": 1.0
    }
  }
}