{
  "alpha": 2.2,
  "eval_cost": 4.524222131778547,
  "eval_fidelity": 0.8060660698968458,
  "eval_leakage": 0.00012057885089757261,
  "eval_plan_path": "runs\\cost_function_sweep\\trpo\\a-2p2_417e426d\\seed_1\\plans\\iter_000001_control_plan.npz",
  "eval_time_ns": 180.0,
  "gamma": 1.5707963267948966,
  "iteration": 1,
  "robustness": {
    "sigma_1p0": {
      "average_fidelity": 0.8063889112698961,
      "average_gate_fidelity": 0.7579861390873701,
      "fidelity_variance": 0.004226112252536047,
      "num_samples": 60,
      "sigma_mhz": 1.0
    }
  }
}