{
  "alpha": 2.2,
  "eval_cost": 0.9324707677353978,
  "eval_fidelity": 0.986322037255939,
  "eval_leakage": 0.0002851978944332566,
  "eval_plan_path": "runs\\cost_function_sweep\\trpo\\a-2p2_417e426d\\seed_1\\plans\\iter_000003_control_plan.npz",
  "eval_time_ns": 180.0,
  "gamma": 1.5707963267948966,
  "iteration": 3,
  "robustness": {
    "sigma_1p0": {
      "average_fidelity": 0.9355762380339613,
      "average_gate_fidelity": 0.9194702975424515,
      "fidelity_variance": 0.0009649700657450651,
      "num_samples": 60,
      "sigma_mhz": 1.0
    }
  }
}