{
  "alpha": 2.2,
  "eval_cost": 0.42914310599739286,
  "eval_fidelity": 0.9989106248190587,
  "eval_leakage": 0.0004804787932920588,
  "eval_plan_path": "runs\\cost_function_sweep\\trpo\\a-2p2_d1976a7c\\seed_1\\plans\\iter_000005_control_plan.npz",
  "eval_time_ns": 180.0,
  "gamma": 1.5707963267948966,
  "iteration": 5,
  "robustness": {
    "sigma_1p0": {
      "average_fidelity": 0.9456207063134331,
      "average_gate_fidelity": 0.9320258828917913,
      "fidelity_variance": 0.0006520665945951046,
      "num_samples": 60,
      "sigma_mhz": 1.0
    }
  }
}