{
  "alpha": 0.6,
  "best_checkpoint": "runs/curriculum_gamma_pi2_alpha_2p2_thr038\\gamma_1.570796\\alpha_0.600000\\best_agent.pt",
  "best_cost": 1.4239940920406235,
  "best_fidelity": 0.8898881053768715,
  "best_leakage": 0.0020502927705096817,
  "best_min_cost": 1.1738073711298544,
  "best_min_cost_time_ns": 124.0,
  "control_plan": "runs/curriculum_gamma_pi2_alpha_2p2_thr038\\gamma_1.570796\\alpha_0.600000\\best_control_plan.npz",
  "curriculum_checkpoint": "runs/curriculum_gamma_pi2_alpha_2p2_thr038\\gamma_1.570796\\curriculum_checkpoints\\after_alpha_0.600000.pt",
  "gamma": 1.5707963267948966,
  "iterations_used": 15.0,
  "last_checkpoint": "runs/curriculum_gamma_pi2_alpha_2p2_thr038\\gamma_1.570796\\alpha_0.600000\\last_agent.pt",
  "runtime_ns": 180.0,
  "train_avg_fidelity": 0.6103780083046444
}