{
  "alpha": 2.2,
  "eval_cost": 1.2442123946209829,
  "eval_fidelity": 0.9639893256012605,
  "eval_leakage": 0.0001958857843465609,
  "eval_plan_path": "runs\\cost_function_sweep\\trpo\\a-2p2_d1976a7c\\seed_1\\plans\\iter_000002_control_plan.npz",
  "eval_time_ns": 180.0,
  "gamma": 1.5707963267948966,
  "iteration": 2,
  "robustness": {
    "sigma_1p0": {
      "average_fidelity": 0.9222277555485804,
      "average_gate_fidelity": 0.9027846944357254,
      "fidelity_variance": 0.0011620198442228553,
      "num_samples": 60,
      "sigma_mhz": 1.0
    }
  }
}