{
  "alpha": 2.2,
  "eval_cost": 4.626519614608072,
  "eval_fidelity": 0.791226187039136,
  "eval_leakage": 0.00012122786790246532,
  "eval_plan_path": "runs\\cost_function_sweep\\trpo\\a-2p2_d1976a7c\\seed_1\\plans\\iter_000001_control_plan.npz",
  "eval_time_ns": 180.0,
  "gamma": 1.5707963267948966,
  "iteration": 1,
  "robustness": {
    "sigma_1p0": {
      "average_fidelity": 0.795219165683135,
      "average_gate_fidelity": 0.7440239571039187,
      "fidelity_variance": 0.004400206732362839,
      "num_samples": 60,
      "sigma_mhz": 1.0
    }
  }
}