{
  "alpha": 0.5,
  "best_cost": 0.3212496361824745,
  "best_fidelity": 0.9873225123135415,
  "best_horizon_ns": 80.0,
  "best_leakage": 0.0006432658871040392,
  "control_plan": "runs/adam_runtime_sweep\\gamma_1.570796\\alpha_0.500000\\best_control_plan.npz",
  "gamma": 1.5707963267948966,
  "robustness_path": "runs/adam_runtime_sweep\\gamma_1.570796\\alpha_0.500000\\robustness\\best_robustness.json",
  "robustness_sigma_1p0_average_fidelity": 0.9667902367456599,
  "robustness_sigma_1p0_average_gate_fidelity": 0.9584877959320749,
  "robustness_sigma_1p0_fidelity_variance": 0.0001485403860294518,
  "runtime_ns": 80.0
}