{
  "alpha": 1.884,
  "best_checkpoint": "runs\\runtime\\gamma_1.570796\\alpha_1.884000\\best_agent.pt",
  "best_cost": 0.3985695272375076,
  "best_fidelity": 0.982115635020028,
  "best_leakage": 0.0036090759605833488,
  "best_min_cost": 0.3985695272375076,
  "best_min_cost_time_ns": 108.0,
  "control_plan": "runs\\runtime\\gamma_1.570796\\alpha_1.884000\\best_control_plan.npz",
  "curriculum_checkpoint": "runs\\runtime\\gamma_1.570796\\curriculum_checkpoints\\after_alpha_1.884000.pt",
  "gamma": 1.5707963267948966,
  "iterations_used": 20.0,
  "last_checkpoint": "runs\\runtime\\gamma_1.570796\\alpha_1.884000\\last_agent.pt",
  "runtime_ns": 108.0,
  "train_avg_fidelity": 0.6578113298193373
}