{
  "alpha": 2.2,
  "eval_cost": 3.0950547836778366,
  "eval_fidelity": 0.7352902839961382,
  "eval_leakage": 0.0008103791558264953,
  "eval_plan_path": "runs/trpo_noise_alpha_2.2_gamma_pi2_10k_episodes\\plans\\iter_000013_control_plan.npz",
  "eval_time_ns": 180.0,
  "gamma": 1.5707963267948966,
  "iteration": 13,
  "robustness": {
    "sigma_1p0": {
      "average_fidelity": 0.7539830334401537,
      "average_gate_fidelity": 0.6924787918001922,
      "fidelity_variance": 0.0038543339945392037,
      "num_samples": 60,
      "sigma_mhz": 1.0
    }
  }
}