{
  "alpha": 2.2,
  "eval_cost": 0.8075218430633426,
  "eval_fidelity": 0.9881827067223485,
  "eval_leakage": 0.0006957121708770183,
  "eval_plan_path": "runs/trpo_noise_alpha_2.2_gamma_pi2_10k_episodes\\plans\\iter_000003_control_plan.npz",
  "eval_time_ns": 180.0,
  "gamma": 1.5707963267948966,
  "iteration": 3,
  "robustness": {
    "sigma_1p0": {
      "average_fidelity": 0.9356286590492794,
      "average_gate_fidelity": 0.9195358238115993,
      "fidelity_variance": 0.0008820120796967153,
      "num_samples": 60,
      "sigma_mhz": 1.0
    }
  }
}