{
  "alpha": 2.2,
  "eval_cost": 0.6267507841131337,
  "eval_fidelity": 0.9927134482199308,
  "eval_leakage": 0.0014516399530287722,
  "eval_plan_path": "runs/trpo_noise_alpha_2.2_gamma_pi2_10k_episodes\\plans\\iter_000030_control_plan.npz",
  "eval_time_ns": 180.0,
  "gamma": 1.5707963267948966,
  "iteration": 30,
  "robustness": {
    "sigma_1p0": {
      "average_fidelity": 0.9358344676395046,
      "average_gate_fidelity": 0.9197930845493806,
      "fidelity_variance": 0.0012430746734285241,
      "num_samples": 60,
      "sigma_mhz": 1.0
    }
  }
}