{
  "alpha": 2.2,
  "eval_cost": 3.542941020450855,
  "eval_fidelity": 0.7679585880443448,
  "eval_leakage": 0.0009748747887104931,
  "eval_plan_path": "runs/trpo_noise_alpha_2.2_gamma_pi2_10k_episodes\\plans\\iter_000007_control_plan.npz",
  "eval_time_ns": 180.0,
  "gamma": 1.5707963267948966,
  "iteration": 7,
  "robustness": {
    "sigma_1p0": {
      "average_fidelity": 0.7704227290206177,
      "average_gate_fidelity": 0.713028411275772,
      "fidelity_variance": 0.004376559089197978,
      "num_samples": 60,
      "sigma_mhz": 1.0
    }
  }
}