{
  "alpha": 2.2,
  "eval_cost": 0.6835229519270992,
  "eval_fidelity": 0.9899092395055191,
  "eval_leakage": 0.001696764830820059,
  "eval_plan_path": "runs/trpo_noise_alpha_2.2_gamma_pi2_10k_episodes\\plans\\iter_000039_control_plan.npz",
  "eval_time_ns": 180.0,
  "gamma": 1.5707963267948966,
  "iteration": 39,
  "robustness": {
    "sigma_1p0": {
      "average_fidelity": 0.9449267813435948,
      "average_gate_fidelity": 0.9311584766794934,
      "fidelity_variance": 0.0006136373727631068,
      "num_samples": 60,
      "sigma_mhz": 1.0
    }
  }
}