{
  "alpha": 2.2,
  "eval_cost": 0.824927886923294,
  "eval_fidelity": 0.9839218251537096,
  "eval_leakage": 0.001696252114367605,
  "eval_plan_path": "runs/trpo_noise_alpha_2.2_gamma_pi2_10k_episodes\\plans\\iter_000037_control_plan.npz",
  "eval_time_ns": 180.0,
  "gamma": 1.5707963267948966,
  "iteration": 37,
  "robustness": {
    "sigma_1p0": {
      "average_fidelity": 0.9438512935003699,
      "average_gate_fidelity": 0.9298141168754624,
      "fidelity_variance": 0.00048401241741225653,
      "num_samples": 60,
      "sigma_mhz": 1.0
    }
  }
}