{
  "alpha": 2.2,
  "eval_cost": 2.4227168321781605,
  "eval_fidelity": 0.8030535271905355,
  "eval_leakage": 0.0008953732389813903,
  "eval_plan_path": "runs/trpo_noise_alpha_2.2_gamma_pi2_10k_episodes\\plans\\iter_000014_control_plan.npz",
  "eval_time_ns": 180.0,
  "gamma": 1.5707963267948966,
  "iteration": 14,
  "robustness": {
    "sigma_1p0": {
      "average_fidelity": 0.8018199870595568,
      "average_gate_fidelity": 0.752274983824446,
      "fidelity_variance": 0.004467083783955129,
      "num_samples": 60,
      "sigma_mhz": 1.0
    }
  }
}