{
  "alpha": 2.2,
  "eval_cost": 0.8183351536481986,
  "eval_fidelity": 0.9616883192679014,
  "eval_leakage": 0.0011703598460872581,
  "eval_plan_path": "runs/trpo_noise_alpha_2.2_gamma_pi2_10k_episodes\\plans\\iter_000022_control_plan.npz",
  "eval_time_ns": 180.0,
  "gamma": 1.5707963267948966,
  "iteration": 22,
  "robustness": {
    "sigma_1p0": {
      "average_fidelity": 0.9223522746531776,
      "average_gate_fidelity": 0.9029403433164718,
      "fidelity_variance": 0.0008776402217834737,
      "num_samples": 60,
      "sigma_mhz": 1.0
    }
  }
}