{
  "alpha": 2.2,
  "eval_cost": 0.6337990117122336,
  "eval_fidelity": 0.9846485235846565,
  "eval_leakage": 0.0014976825611976153,
  "eval_plan_path": "runs/trpo_noise_alpha_2.2_gamma_pi2_10k_episodes\\plans\\iter_000026_control_plan.npz",
  "eval_time_ns": 180.0,
  "gamma": 1.5707963267948966,
  "iteration": 26,
  "robustness": {
    "sigma_1p0": {
      "average_fidelity": 0.9342009281176434,
      "average_gate_fidelity": 0.9177511601470542,
      "fidelity_variance": 0.0008197366208239373,
      "num_samples": 60,
      "sigma_mhz": 1.0
    }
  }
}