{
  "alpha": 2.2,
  "eval_cost": 0.7232336761913309,
  "eval_fidelity": 0.9923872361920794,
  "eval_leakage": 0.0014207391894539595,
  "eval_plan_path": "runs/trpo_noise_alpha_2.2_gamma_pi2_10k_episodes\\plans\\iter_000029_control_plan.npz",
  "eval_time_ns": 180.0,
  "gamma": 1.5707963267948966,
  "iteration": 29,
  "robustness": {
    "sigma_1p0": {
      "average_fidelity": 0.9464449317049892,
      "average_gate_fidelity": 0.9330561646312364,
      "fidelity_variance": 0.0006743005294592798,
      "num_samples": 60,
      "sigma_mhz": 1.0
    }
  }
}