{
  "alpha": 2.2,
  "eval_cost": 1.0747940328932528,
  "eval_fidelity": 0.9293168383952406,
  "eval_leakage": 0.0010989651338819582,
  "eval_plan_path": "runs/trpo_noise_alpha_2.2_gamma_pi2_10k_episodes\\plans\\iter_000020_control_plan.npz",
  "eval_time_ns": 180.0,
  "gamma": 1.5707963267948966,
  "iteration": 20,
  "robustness": {
    "sigma_1p0": {
      "average_fidelity": 0.8836903155157501,
      "average_gate_fidelity": 0.8546128943946875,
      "fidelity_variance": 0.0016775128437482969,
      "num_samples": 60,
      "sigma_mhz": 1.0
    }
  }
}