{
  "alpha": 2.2,
  "eval_cost": 3.04834685546036,
  "eval_fidelity": 0.8213038128749661,
  "eval_leakage": 0.000841372433353222,
  "eval_plan_path": "runs/trpo_noise_alpha_2.2_gamma_pi2_10k_episodes\\plans\\iter_000005_control_plan.npz",
  "eval_time_ns": 180.0,
  "gamma": 1.5707963267948966,
  "iteration": 5,
  "robustness": {
    "sigma_1p0": {
      "average_fidelity": 0.8126429105789548,
      "average_gate_fidelity": 0.7658036382236937,
      "fidelity_variance": 0.00481235919832544,
      "num_samples": 60,
      "sigma_mhz": 1.0
    }
  }
}