{
  "alpha": 2.2,
  "eval_cost": 0.7758968819986827,
  "eval_fidelity": 0.9796559943534157,
  "eval_leakage": 0.0015003257589260271,
  "eval_plan_path": "runs/trpo_noise_alpha_2.2_gamma_pi2_10k_episodes\\plans\\iter_000027_control_plan.npz",
  "eval_time_ns": 180.0,
  "gamma": 1.5707963267948966,
  "iteration": 27,
  "robustness": {
    "sigma_1p0": {
      "average_fidelity": 0.9364758821921036,
      "average_gate_fidelity": 0.9205948527401298,
      "fidelity_variance": 0.0008640039679361759,
      "num_samples": 60,
      "sigma_mhz": 1.0
    }
  }
}