{
  "alpha": 2.2,
  "eval_cost": 4.093323023704055,
  "eval_fidelity": 0.730005359710968,
  "eval_leakage": 0.0008997673559812038,
  "eval_plan_path": "runs/trpo_noise_alpha_2.2_gamma_pi2_10k_episodes\\plans\\iter_000006_control_plan.npz",
  "eval_time_ns": 180.0,
  "gamma": 1.5707963267948966,
  "iteration": 6,
  "robustness": {
    "sigma_1p0": {
      "average_fidelity": 0.744596801836369,
      "average_gate_fidelity": 0.6807460022954612,
      "fidelity_variance": 0.0034027899799059253,
      "num_samples": 60,
      "sigma_mhz": 1.0
    }
  }
}