{
  "alpha": 2.2,
  "eval_cost": 0.6655356081799586,
  "eval_fidelity": 0.9902998256932228,
  "eval_leakage": 0.0015170605449432591,
  "eval_plan_path": "runs/trpo_noise_alpha_2.2_gamma_pi2_10k_episodes\\plans\\iter_000028_control_plan.npz",
  "eval_time_ns": 180.0,
  "gamma": 1.5707963267948966,
  "iteration": 28,
  "robustness": {
    "sigma_1p0": {
      "average_fidelity": 0.9388125235137452,
      "average_gate_fidelity": 0.9235156543921816,
      "fidelity_variance": 0.0008315792745777808,
      "num_samples": 60,
      "sigma_mhz": 1.0
    }
  }
}