{
  "alpha": 2.2,
  "eval_cost": 3.827525947244231,
  "eval_fidelity": 0.7217424072158889,
  "eval_leakage": 0.0008936704567241879,
  "eval_plan_path": "runs/trpo_noise_alpha_2.2_gamma_pi2_10k_episodes\\plans\\iter_000008_control_plan.npz",
  "eval_time_ns": 180.0,
  "gamma": 1.5707963267948966,
  "iteration": 8,
  "robustness": {
    "sigma_1p0": {
      "average_fidelity": 0.7443808859895547,
      "average_gate_fidelity": 0.6804761074869431,
      "fidelity_variance": 0.003807998283421229,
      "num_samples": 60,
      "sigma_mhz": 1.0
    }
  }
}