{
  "alpha": 2.2,
  "eval_cost": 0.7541735816305203,
  "eval_fidelity": 0.9864167106990408,
  "eval_leakage": 0.0017599479254566364,
  "eval_plan_path": "runs/trpo_noise_alpha_2.2_gamma_pi2_10k_episodes\\plans\\iter_000040_control_plan.npz",
  "eval_time_ns": 180.0,
  "gamma": 1.5707963267948966,
  "iteration": 40,
  "robustness": {
    "sigma_1p0": {
      "average_fidelity": 0.9407584648128557,
      "average_gate_fidelity": 0.9259480810160695,
      "fidelity_variance": 0.0008116546081943728,
      "num_samples": 60,
      "sigma_mhz": 1.0
    }
  }
}