{
  "alpha": 2.2,
  "eval_cost": 0.527323253179486,
  "eval_fidelity": 0.9794961760405829,
  "eval_leakage": 0.0005578448706302907,
  "eval_plan_path": "runs/trpo_noise_alpha_2.2_gamma_pi2_10k_episodes\\plans\\iter_000002_control_plan.npz",
  "eval_time_ns": 180.0,
  "gamma": 1.5707963267948966,
  "iteration": 2,
  "robustness": {
    "sigma_1p0": {
      "average_fidelity": 0.9342152096982042,
      "average_gate_fidelity": 0.917769012122755,
      "fidelity_variance": 0.0012051379420222933,
      "num_samples": 60,
      "sigma_mhz": 1.0
    }
  }
}