{
  "alpha": 2.2,
  "eval_cost": 0.9055719545588332,
  "eval_fidelity": 0.9842318676082724,
  "eval_leakage": 0.0017531404339551529,
  "eval_plan_path": "runs/trpo_noise_alpha_2.2_gamma_pi2_10k_episodes\\plans\\iter_000036_control_plan.npz",
  "eval_time_ns": 180.0,
  "gamma": 1.5707963267948966,
  "iteration": 36,
  "robustness": {
    "sigma_1p0": {
      "average_fidelity": 0.9340743450304594,
      "average_gate_fidelity": 0.9175929312880744,
      "fidelity_variance": 0.0009028395452493893,
      "num_samples": 60,
      "sigma_mhz": 1.0
    }
  }
}