{
  "alpha": 2.2,
  "eval_cost": 1.5675574470996707,
  "eval_fidelity": 0.8800635977883313,
  "eval_leakage": 0.0009042504999944472,
  "eval_plan_path": "runs/trpo_noise_alpha_2.2_gamma_pi2_10k_episodes\\plans\\iter_000017_control_plan.npz",
  "eval_time_ns": 180.0,
  "gamma": 1.5707963267948966,
  "iteration": 17,
  "robustness": {
    "sigma_1p0": {
      "average_fidelity": 0.8622031768181796,
      "average_gate_fidelity": 0.8277539710227244,
      "fidelity_variance": 0.002795274463422245,
      "num_samples": 60,
      "sigma_mhz": 1.0
    }
  }
}