{
  "alpha": 2.2,
  "eval_cost": 3.5487790107837904,
  "eval_fidelity": 0.7295767878645791,
  "eval_leakage": 0.000983082810381528,
  "eval_plan_path": "runs/trpo_noise_alpha_2.2_gamma_pi2_10k_episodes\\plans\\iter_000010_control_plan.npz",
  "eval_time_ns": 180.0,
  "gamma": 1.5707963267948966,
  "iteration": 10,
  "robustness": {
    "sigma_1p0": {
      "average_fidelity": 0.7533113243156212,
      "average_gate_fidelity": 0.6916391553945266,
      "fidelity_variance": 0.003600616000513742,
      "num_samples": 60,
      "sigma_mhz": 1.0
    }
  }
}