{
  "alpha": 2.2,
  "eval_cost": 2.2990707141779927,
  "eval_fidelity": 0.8843314020392692,
  "eval_leakage": 0.0007111856969934182,
  "eval_plan_path": "runs/trpo_noise_alpha_2.2_gamma_pi2_10k_episodes\\plans\\iter_000004_control_plan.npz",
  "eval_time_ns": 180.0,
  "gamma": 1.5707963267948966,
  "iteration": 4,
  "robustness": {
    "sigma_1p0": {
      "average_fidelity": 0.8607691063796905,
      "average_gate_fidelity": 0.8259613829746131,
      "fidelity_variance": 0.0030426659889947276,
      "num_samples": 60,
      "sigma_mhz": 1.0
    }
  }
}