{
  "alpha": 2.2,
  "eval_cost": 1.540423186502271,
  "eval_fidelity": 0.8817677143870895,
  "eval_leakage": 0.001095029957862905,
  "eval_plan_path": "runs/trpo_noise_alpha_2.2_gamma_pi2_10k_episodes\\plans\\iter_000019_control_plan.npz",
  "eval_time_ns": 180.0,
  "gamma": 1.5707963267948966,
  "iteration": 19,
  "robustness": {
    "sigma_1p0": {
      "average_fidelity": 0.8542381835285027,
      "average_gate_fidelity": 0.8177977294106281,
      "fidelity_variance": 0.0020391286517226145,
      "num_samples": 60,
      "sigma_mhz": 1.0
    }
  }
}