{
  "alpha": 2.2,
  "eval_cost": 0.687994020182167,
  "eval_fidelity": 0.9886662791995117,
  "eval_leakage": 0.0016509544154112222,
  "eval_plan_path": "runs/trpo_noise_alpha_2.2_gamma_pi2_10k_episodes\\plans\\iter_000038_control_plan.npz",
  "eval_time_ns": 180.0,
  "gamma": 1.5707963267948966,
  "iteration": 38,
  "robustness": {
    "sigma_1p0": {
      "average_fidelity": 0.9412985276217267,
      "average_gate_fidelity": 0.9266231595271582,
      "fidelity_variance": 0.000872849272647526,
      "num_samples": 60,
      "sigma_mhz": 1.0
    }
  }
}