{
  "alpha": 2.2,
  "eval_cost": 0.7687007326143622,
  "eval_fidelity": 0.9903027489266691,
  "eval_leakage": 0.0015630454616835042,
  "eval_plan_path": "runs/trpo_noise_alpha_2.2_gamma_pi2_10k_episodes\\plans\\iter_000033_control_plan.npz",
  "eval_time_ns": 180.0,
  "gamma": 1.5707963267948966,
  "iteration": 33,
  "robustness": {
    "sigma_1p0": {
      "average_fidelity": 0.9418762492526511,
      "average_gate_fidelity": 0.927345311565814,
      "fidelity_variance": 0.0009290643744201844,
      "num_samples": 60,
      "sigma_mhz": 1.0
    }
  }
}