{
  "alpha": 2.6,
  "best_cost": 0.2162717543806572,
  "best_fidelity": 0.9937653592218907,
  "best_horizon_ns": 80.0,
  "best_leakage": 0.0005315145148048942,
  "control_plan": "runs/adam_runtime_sweep\\gamma_1.570796\\alpha_2.600000\\best_control_plan.npz",
  "gamma": 1.5707963267948966,
  "robustness_path": "runs/adam_runtime_sweep\\gamma_1.570796\\alpha_2.600000\\robustness\\best_robustness.json",
  "robustness_sigma_1p0_average_fidelity": 0.9700240760266565,
  "robustness_sigma_1p0_average_gate_fidelity": 0.9625300950333205,
  "robustness_sigma_1p0_fidelity_variance": 0.0001585605800593868,
  "runtime_ns": 80.0
}