{
  "alpha": 1.8,
  "best_cost": 0.15046241133047195,
  "best_fidelity": 0.9935603823621111,
  "best_horizon_ns": 40.0,
  "best_leakage": 0.0004067832992211372,
  "control_plan": "runs/adam_runtime_sweep\\gamma_1.570796\\alpha_1.800000\\best_control_plan.npz",
  "gamma": 1.5707963267948966,
  "robustness_path": "runs/adam_runtime_sweep\\gamma_1.570796\\alpha_1.800000\\robustness\\best_robustness.json",
  "robustness_sigma_1p0_average_fidelity": 0.9856832871514034,
  "robustness_sigma_1p0_average_gate_fidelity": 0.982104108939254,
  "robustness_sigma_1p0_fidelity_variance": 5.0597884999675815e-05,
  "runtime_ns": 40.0
}