{
  "alpha": 2.2,
  "eval_cost": 0.3924703199432046,
  "eval_fidelity": 0.984197787837453,
  "eval_leakage": 0.0012312056761263873,
  "eval_plan_path": "runs/trpo_noise_alpha_2.2_gamma_pi2_10k_episodes_2nd_0.4ec_2nd\\plans\\iter_000080_control_plan.npz",
  "eval_time_ns": 102.0,
  "gamma": 1.5707963267948966,
  "iteration": 80,
  "robustness": {
    "sigma_1p0": {
      "average_fidelity": 0.9569454157492123,
      "average_gate_fidelity": 0.9461817696865152,
      "fidelity_variance": 0.0003890415650390655,
      "num_samples": 60,
      "sigma_mhz": 1.0
    }
  }
}