{
  "alpha": 2.2,
  "eval_cost": 0.3930360818001401,
  "eval_fidelity": 0.9812247688009351,
  "eval_leakage": 0.0006030639506071338,
  "eval_plan_path": "runs/trpo_noise_alpha_2.2_gamma_pi2_10k_episodes_2nd_0.4ec_2nd\\plans\\iter_000018_control_plan.npz",
  "eval_time_ns": 96.0,
  "gamma": 1.5707963267948966,
  "iteration": 18,
  "robustness": {
    "sigma_1p0": {
      "average_fidelity": 0.9603555668785134,
      "average_gate_fidelity": 0.9504444585981418,
      "fidelity_variance": 0.00041300005903914256,
      "num_samples": 60,
      "sigma_mhz": 1.0
    }
  }
}