{
  "alpha": 2.2,
  "eval_cost": 0.3908304076788605,
  "eval_fidelity": 0.9819336625883874,
  "eval_leakage": 0.0006953293477671016,
  "eval_plan_path": "runs/trpo_noise_alpha_2.2_gamma_pi2_10k_episodes_2nd_0.4ec_2nd\\plans\\iter_000021_control_plan.npz",
  "eval_time_ns": 96.0,
  "gamma": 1.5707963267948966,
  "iteration": 21,
  "robustness": {
    "sigma_1p0": {
      "average_fidelity": 0.9594126179948209,
      "average_gate_fidelity": 0.9492657724935258,
      "fidelity_variance": 0.000516675937680314,
      "num_samples": 60,
      "sigma_mhz": 1.0
    }
  }
}