{
  "alpha": 2.2,
  "eval_cost": 0.39063130847038186,
  "eval_fidelity": 0.988437301255114,
  "eval_leakage": 0.0012946148654992143,
  "eval_plan_path": "runs/trpo_noise_alpha_2.2_gamma_pi2_10k_episodes_2nd_0.4ec_2nd\\plans\\iter_000092_control_plan.npz",
  "eval_time_ns": 102.0,
  "gamma": 1.5707963267948966,
  "iteration": 92,
  "robustness": {
    "sigma_1p0": {
      "average_fidelity": 0.9585502531296779,
      "average_gate_fidelity": 0.9481878164120974,
      "fidelity_variance": 0.00040314945304309013,
      "num_samples": 60,
      "sigma_mhz": 1.0
    }
  }
}