{
  "alpha": 2.2,
  "eval_cost": 0.3717435422054335,
  "eval_fidelity": 0.9958904396417341,
  "eval_leakage": 0.0004429428967126773,
  "eval_plan_path": "runs/trpo_noise_alpha_2.2_gamma_pi2_10k_episodes_2nd_0.4ec_2nd\\plans\\iter_000006_control_plan.npz",
  "eval_time_ns": 102.0,
  "gamma": 1.5707963267948966,
  "iteration": 6,
  "robustness": {
    "sigma_1p0": {
      "average_fidelity": 0.9657542009300704,
      "average_gate_fidelity": 0.9571927511625877,
      "fidelity_variance": 0.0003367206516542061,
      "num_samples": 60,
      "sigma_mhz": 1.0
    }
  }
}