{
  "alpha": 2.2,
  "eval_cost": 0.3908656853414431,
  "eval_fidelity": 0.9840666856220094,
  "eval_leakage": 0.0011958954760222895,
  "eval_plan_path": "runs/trpo_noise_alpha_2.2_gamma_pi2_10k_episodes_2nd_0.4ec_2nd\\plans\\iter_000061_control_plan.npz",
  "eval_time_ns": 104.0,
  "gamma": 1.5707963267948966,
  "iteration": 61,
  "robustness": {
    "sigma_1p0": {
      "average_fidelity": 0.9570554622899922,
      "average_gate_fidelity": 0.9463193278624902,
      "fidelity_variance": 0.00046232840512662053,
      "num_samples": 60,
      "sigma_mhz": 1.0
    }
  }
}