{
  "alpha": 2.2,
  "eval_cost": 0.39322567739704906,
  "eval_fidelity": 0.9832487863426533,
  "eval_leakage": 0.001205390966411136,
  "eval_plan_path": "runs/trpo_noise_alpha_2.2_gamma_pi2_10k_episodes_2nd_0.4ec_2nd\\plans\\iter_000062_control_plan.npz",
  "eval_time_ns": 104.0,
  "gamma": 1.5707963267948966,
  "iteration": 62,
  "robustness": {
    "sigma_1p0": {
      "average_fidelity": 0.9547081670281496,
      "average_gate_fidelity": 0.9433852087851868,
      "fidelity_variance": 0.000398141034896787,
      "num_samples": 60,
      "sigma_mhz": 1.0
    }
  }
}