{
  "alpha": 2.2,
  "eval_cost": 0.39714119463860886,
  "eval_fidelity": 0.9825408171994217,
  "eval_leakage": 0.0011012622704070897,
  "eval_plan_path": "runs/trpo_noise_alpha_2.2_gamma_pi2_10k_episodes_2nd_0.4ec_2nd\\plans\\iter_000050_control_plan.npz",
  "eval_time_ns": 102.0,
  "gamma": 1.5707963267948966,
  "iteration": 50,
  "robustness": {
    "sigma_1p0": {
      "average_fidelity": 0.9556815317140512,
      "average_gate_fidelity": 0.9446019146425636,
      "fidelity_variance": 0.0004244117259300653,
      "num_samples": 60,
      "sigma_mhz": 1.0
    }
  }
}