{
  "alpha": 2.2,
  "eval_cost": 0.3755908498639849,
  "eval_fidelity": 0.9863509908449176,
  "eval_leakage": 0.000919909817363916,
  "eval_plan_path": "runs/trpo_noise_alpha_2.2_gamma_pi2_10k_episodes_2nd_0.4ec_2nd\\plans\\iter_000035_control_plan.npz",
  "eval_time_ns": 96.0,
  "gamma": 1.5707963267948966,
  "iteration": 35,
  "robustness": {
    "sigma_1p0": {
      "average_fidelity": 0.9612824757609361,
      "average_gate_fidelity": 0.95160309470117,
      "fidelity_variance": 0.00036943108054044864,
      "num_samples": 60,
      "sigma_mhz": 1.0
    }
  }
}