{
  "alpha": 2.2,
  "eval_cost": 0.3988853408126698,
  "eval_fidelity": 0.986160437322681,
  "eval_leakage": 0.0004822430008351509,
  "eval_plan_path": "runs/trpo_noise_alpha_2.2_gamma_pi2_10k_episodes_2nd_0.4ec_2nd\\plans\\iter_000012_control_plan.npz",
  "eval_time_ns": 96.0,
  "gamma": 1.5707963267948966,
  "iteration": 12,
  "robustness": {
    "sigma_1p0": {
      "average_fidelity": 0.963591392909547,
      "average_gate_fidelity": 0.9544892411369338,
      "fidelity_variance": 0.0003448184169571594,
      "num_samples": 60,
      "sigma_mhz": 1.0
    }
  }
}