{
  "alpha": 2.2,
  "eval_cost": 0.3573746470535296,
  "eval_fidelity": 0.993179793266949,
  "eval_leakage": 0.00045233045757444424,
  "eval_plan_path": "runs/trpo_noise_alpha_2.2_gamma_pi2_10k_episodes_2nd_0.4ec_2nd\\plans\\iter_000008_control_plan.npz",
  "eval_time_ns": 100.0,
  "gamma": 1.5707963267948966,
  "iteration": 8,
  "robustness": {
    "sigma_1p0": {
      "average_fidelity": 0.963249622381781,
      "average_gate_fidelity": 0.9540620279772262,
      "fidelity_variance": 0.00021219289205011717,
      "num_samples": 60,
      "sigma_mhz": 1.0
    }
  }
}