{
  "alpha": 2.2,
  "eval_cost": 0.38930171580116957,
  "eval_fidelity": 0.9827555488834223,
  "eval_leakage": 0.0008216203524605099,
  "eval_plan_path": "runs/trpo_noise_alpha_2.2_gamma_pi2_10k_episodes_2nd_0.4ec_2nd\\plans\\iter_000029_control_plan.npz",
  "eval_time_ns": 98.0,
  "gamma": 1.5707963267948966,
  "iteration": 29,
  "robustness": {
    "sigma_1p0": {
      "average_fidelity": 0.9607181603020998,
      "average_gate_fidelity": 0.9508977003776243,
      "fidelity_variance": 0.00032030417836942225,
      "num_samples": 60,
      "sigma_mhz": 1.0
    }
  }
}