{
  "alpha": 2.2,
  "eval_cost": 0.3832837794933483,
  "eval_fidelity": 0.9887135247568831,
  "eval_leakage": 0.0013180940973408339,
  "eval_plan_path": "runs/trpo_noise_alpha_2.2_gamma_pi2_10k_episodes_2nd_0.4ec_2nd\\plans\\iter_000088_control_plan.npz",
  "eval_time_ns": 104.0,
  "gamma": 1.5707963267948966,
  "iteration": 88,
  "robustness": {
    "sigma_1p0": {
      "average_fidelity": 0.960624493709776,
      "average_gate_fidelity": 0.95078061713722,
      "fidelity_variance": 0.0002398928937750352,
      "num_samples": 60,
      "sigma_mhz": 1.0
    }
  }
}