{
  "alpha": 2.2,
  "eval_cost": 0.39177051189028694,
  "eval_fidelity": 0.9872209555085009,
  "eval_leakage": 0.0012142072750019903,
  "eval_plan_path": "runs/trpo_noise_alpha_2.2_gamma_pi2_10k_episodes_2nd_0.4ec_2nd\\plans\\iter_000079_control_plan.npz",
  "eval_time_ns": 100.0,
  "gamma": 1.5707963267948966,
  "iteration": 79,
  "robustness": {
    "sigma_1p0": {
      "average_fidelity": 0.9624771048646337,
      "average_gate_fidelity": 0.953096381080792,
      "fidelity_variance": 0.00024824492934517607,
      "num_samples": 60,
      "sigma_mhz": 1.0
    }
  }
}