{
  "alpha": 2.2,
  "eval_cost": 0.527327624603531,
  "eval_fidelity": 0.9794957549964468,
  "eval_leakage": 0.0005578463179590549,
  "eval_plan_path": "runs/trpo_noise_alpha_2.2_gamma_pi2_10k_episodes_2nd_0.4ec_2nd\\plans\\iter_000002_control_plan.npz",
  "eval_time_ns": 180.0,
  "gamma": 1.5707963267948966,
  "iteration": 2,
  "robustness": {
    "sigma_1p0": {
      "average_fidelity": 0.9342148190325906,
      "average_gate_fidelity": 0.9177685237907386,
      "fidelity_variance": 0.0012051583966646842,
      "num_samples": 60,
      "sigma_mhz": 1.0
    }
  }
}