{
  "alpha": 2.2,
  "eval_cost": 0.38735700931157047,
  "eval_fidelity": 0.9848744623784971,
  "eval_leakage": 0.0012856468459313962,
  "eval_plan_path": "runs/trpo_noise_alpha_2.2_gamma_pi2_10k_episodes_2nd_0.4ec_2nd\\plans\\iter_000082_control_plan.npz",
  "eval_time_ns": 106.0,
  "gamma": 1.5707963267948966,
  "iteration": 82,
  "robustness": {
    "sigma_1p0": {
      "average_fidelity": 0.9553593356650696,
      "average_gate_fidelity": 0.9441991695813368,
      "fidelity_variance": 0.0005015697649637302,
      "num_samples": 60,
      "sigma_mhz": 1.0
    }
  }
}