{
  "alpha": 2.2,
  "eval_cost": 0.390781123110031,
  "eval_fidelity": 0.9838598445582979,
  "eval_leakage": 0.0011353643563048403,
  "eval_plan_path": "runs/trpo_noise_alpha_2.2_gamma_pi2_10k_episodes_2nd_0.4ec_2nd\\plans\\iter_000056_control_plan.npz",
  "eval_time_ns": 100.0,
  "gamma": 1.5707963267948966,
  "iteration": 56,
  "robustness": {
    "sigma_1p0": {
      "average_fidelity": 0.95413455431835,
      "average_gate_fidelity": 0.9426681928979375,
      "fidelity_variance": 0.00034747895602894836,
      "num_samples": 60,
      "sigma_mhz": 1.0
    }
  }
}