{
  "alpha": 2.2,
  "eval_cost": 0.38570449012552055,
  "eval_fidelity": 0.9824763145288241,
  "eval_leakage": 0.0009641365272809347,
  "eval_plan_path": "runs/trpo_noise_alpha_2.2_gamma_pi2_10k_episodes_2nd_0.4ec_2nd\\plans\\iter_000043_control_plan.npz",
  "eval_time_ns": 100.0,
  "gamma": 1.5707963267948966,
  "iteration": 43,
  "robustness": {
    "sigma_1p0": {
      "average_fidelity": 0.9586852217731775,
      "average_gate_fidelity": 0.948356527216472,
      "fidelity_variance": 0.00044434543949066214,
      "num_samples": 60,
      "sigma_mhz": 1.0
    }
  }
}