{
  "alpha": 2.2,
  "eval_cost": 0.395539454977412,
  "eval_fidelity": 0.9860794965756933,
  "eval_leakage": 0.0013245811378139692,
  "eval_plan_path": "runs/trpo_noise_alpha_2.2_gamma_pi2_10k_episodes_2nd_0.4ec_2nd\\plans\\iter_000100_control_plan.npz",
  "eval_time_ns": 100.0,
  "gamma": 1.5707963267948966,
  "iteration": 100,
  "robustness": {
    "sigma_1p0": {
      "average_fidelity": 0.9580652499290392,
      "average_gate_fidelity": 0.9475815624112987,
      "fidelity_variance": 0.0004124140054218051,
      "num_samples": 60,
      "sigma_mhz": 1.0
    }
  }
}