{
  "alpha": 2.2,
  "eval_cost": 0.38573847221031643,
  "eval_fidelity": 0.9845445614940316,
  "eval_leakage": 0.0005402206701785318,
  "eval_plan_path": "runs/trpo_noise_alpha_2.2_gamma_pi2_10k_episodes_2nd_0.4ec_2nd\\plans\\iter_000016_control_plan.npz",
  "eval_time_ns": 96.0,
  "gamma": 1.5707963267948966,
  "iteration": 16,
  "robustness": {
    "sigma_1p0": {
      "average_fidelity": 0.9583586594492346,
      "average_gate_fidelity": 0.9479483243115429,
      "fidelity_variance": 0.0003080828127856219,
      "num_samples": 60,
      "sigma_mhz": 1.0
    }
  }
}