{
  "alpha": 2.2,
  "eval_cost": 1.1263109484701688,
  "eval_fidelity": 0.9743040758417566,
  "eval_leakage": 0.0018670450903694286,
  "eval_plan_path": "runs/trpo_noise_alpha_2.2_gamma_pi2_10k_episodes_2nd_0.4ec_2nd\\plans\\iter_000049_control_plan.npz",
  "eval_time_ns": 180.0,
  "gamma": 1.5707963267948966,
  "iteration": 49,
  "robustness": {
    "sigma_1p0": {
      "average_fidelity": 0.9276842852392329,
      "average_gate_fidelity": 0.9096053565490413,
      "fidelity_variance": 0.0012373259801194368,
      "num_samples": 60,
      "sigma_mhz": 1.0
    }
  }
}