{
  "alpha": 2.2,
  "eval_cost": 0.39086905408008404,
  "eval_fidelity": 0.9837948935254934,
  "eval_leakage": 0.0012076716989123629,
  "eval_plan_path": "runs/trpo_noise_alpha_2.2_gamma_pi2_10k_episodes_2nd_0.4ec_2nd\\plans\\iter_000072_control_plan.npz",
  "eval_time_ns": 104.0,
  "gamma": 1.5707963267948966,
  "iteration": 72,
  "robustness": {
    "sigma_1p0": {
      "average_fidelity": 0.9527163514591678,
      "average_gate_fidelity": 0.9408954393239597,
      "fidelity_variance": 0.0005721311256537769,
      "num_samples": 60,
      "sigma_mhz": 1.0
    }
  }
}