{
  "alpha": 2.2,
  "eval_cost": 0.39183641979670175,
  "eval_fidelity": 0.9823682555722321,
  "eval_leakage": 0.0012337648775999578,
  "eval_plan_path": "runs/trpo_noise_alpha_2.2_gamma_pi2_10k_episodes_2nd_0.4ec_2nd\\plans\\iter_000058_control_plan.npz",
  "eval_time_ns": 104.0,
  "gamma": 1.5707963267948966,
  "iteration": 58,
  "robustness": {
    "sigma_1p0": {
      "average_fidelity": 0.9581122307047523,
      "average_gate_fidelity": 0.9476402883809403,
      "fidelity_variance": 0.00035512381328339185,
      "num_samples": 60,
      "sigma_mhz": 1.0
    }
  }
}