{
  "alpha": 2.2,
  "eval_cost": 0.3822430963111507,
  "eval_fidelity": 0.9878172317647098,
  "eval_leakage": 0.001316250853708855,
  "eval_plan_path": "runs/trpo_noise_alpha_2.2_gamma_pi2_10k_episodes_2nd_0.4ec_2nd\\plans\\iter_000091_control_plan.npz",
  "eval_time_ns": 104.0,
  "gamma": 1.5707963267948966,
  "iteration": 91,
  "robustness": {
    "sigma_1p0": {
      "average_fidelity": 0.9555154731026185,
      "average_gate_fidelity": 0.9443943413782729,
      "fidelity_variance": 0.0006214438899110968,
      "num_samples": 60,
      "sigma_mhz": 1.0
    }
  }
}