{
  "alpha": 2.2,
  "eval_cost": 0.39269424987235235,
  "eval_fidelity": 0.9840696701948509,
  "eval_leakage": 0.0011571119942199643,
  "eval_plan_path": "runs/trpo_noise_alpha_2.2_gamma_pi2_10k_episodes_2nd_0.4ec_2nd\\plans\\iter_000069_control_plan.npz",
  "eval_time_ns": 102.0,
  "gamma": 1.5707963267948966,
  "iteration": 69,
  "robustness": {
    "sigma_1p0": {
      "average_fidelity": 0.9565605141881728,
      "average_gate_fidelity": 0.9457006427352158,
      "fidelity_variance": 0.0004738631551383383,
      "num_samples": 60,
      "sigma_mhz": 1.0
    }
  }
}