{
  "alpha": 2.2,
  "eval_cost": 0.39511129750246843,
  "eval_fidelity": 0.9800813138116209,
  "eval_leakage": 0.0009438467591252284,
  "eval_plan_path": "runs/trpo_noise_alpha_2.2_gamma_pi2_10k_episodes_2nd_0.4ec_2nd\\plans\\iter_000034_control_plan.npz",
  "eval_time_ns": 100.0,
  "gamma": 1.5707963267948966,
  "iteration": 34,
  "robustness": {
    "sigma_1p0": {
      "average_fidelity": 0.9588138723466071,
      "average_gate_fidelity": 0.9485173404332585,
      "fidelity_variance": 0.0003426511733686082,
      "num_samples": 60,
      "sigma_mhz": 1.0
    }
  }
}