{
  "alpha": 2.2,
  "eval_cost": 0.3712688479973937,
  "eval_fidelity": 0.9865541488580165,
  "eval_leakage": 0.0008731340764906084,
  "eval_plan_path": "runs/trpo_noise_alpha_2.2_gamma_pi2_10k_episodes_2nd_0.4ec_2nd\\plans\\iter_000039_control_plan.npz",
  "eval_time_ns": 96.0,
  "gamma": 1.5707963267948966,
  "iteration": 39,
  "robustness": {
    "sigma_1p0": {
      "average_fidelity": 0.9617650824935027,
      "average_gate_fidelity": 0.9522063531168782,
      "fidelity_variance": 0.00032610801576324637,
      "num_samples": 60,
      "sigma_mhz": 1.0
    }
  }
}