{
  "alpha": 2.2,
  "eval_cost": 0.38696355786948416,
  "eval_fidelity": 0.9810057504940581,
  "eval_leakage": 0.0006348909834590626,
  "eval_plan_path": "runs/trpo_noise_alpha_2.2_gamma_pi2_10k_episodes_2nd_0.4ec_2nd\\plans\\iter_000019_control_plan.npz",
  "eval_time_ns": 96.0,
  "gamma": 1.5707963267948966,
  "iteration": 19,
  "robustness": {
    "sigma_1p0": {
      "average_fidelity": 0.9560648295679158,
      "average_gate_fidelity": 0.945081036959895,
      "fidelity_variance": 0.0003570168192128941,
      "num_samples": 60,
      "sigma_mhz": 1.0
    }
  }
}