{
  "alpha": 2.2,
  "eval_cost": 0.39442240051545874,
  "eval_fidelity": 0.9823709067830293,
  "eval_leakage": 0.0011574017376840937,
  "eval_plan_path": "runs/trpo_noise_alpha_2.2_gamma_pi2_10k_episodes_2nd_0.4ec_2nd\\plans\\iter_000068_control_plan.npz",
  "eval_time_ns": 104.0,
  "gamma": 1.5707963267948966,
  "iteration": 68,
  "robustness": {
    "sigma_1p0": {
      "average_fidelity": 0.9554570872119172,
      "average_gate_fidelity": 0.9443213590148963,
      "fidelity_variance": 0.00039951650259984156,
      "num_samples": 60,
      "sigma_mhz": 1.0
    }
  }
}