{
  "alpha": 2.2,
  "eval_cost": 0.36357368660724276,
  "eval_fidelity": 0.9913662118693796,
  "eval_leakage": 0.0005040353428036347,
  "eval_plan_path": "runs/trpo_noise_alpha_2.2_gamma_pi2_10k_episodes_2nd_0.4ec_2nd\\plans\\iter_000010_control_plan.npz",
  "eval_time_ns": 98.0,
  "gamma": 1.5707963267948966,
  "iteration": 10,
  "robustness": {
    "sigma_1p0": {
      "average_fidelity": 0.9657383380486531,
      "average_gate_fidelity": 0.9571729225608164,
      "fidelity_variance": 0.00021807138453287968,
      "num_samples": 60,
      "sigma_mhz": 1.0
    }
  }
}