{
  "alpha": 2.2,
  "eval_cost": 2.559412697786371,
  "eval_fidelity": 0.7389515710308493,
  "eval_leakage": 0.0001163502037711581,
  "eval_plan_path": "runs\\cost_function_sweep\\trpo\\a-2p2_131be558\\seed_1\\plans\\iter_000001_control_plan.npz",
  "eval_time_ns": 180.0,
  "gamma": 1.5707963267948966,
  "iteration": 1,
  "robustness": {
    "sigma_1p0": {
      "average_fidelity": 0.7563407371131006,
      "average_gate_fidelity": 0.6954259213913756,
      "fidelity_variance": 0.004881569055335816,
      "num_samples": 60,
      "sigma_mhz": 1.0
    }
  }
}