{
  "alpha": 2.2,
  "eval_cost": 1.277339823347007,
  "eval_fidelity": 0.9450930752478937,
  "eval_leakage": 0.0003302476924765719,
  "eval_plan_path": "runs\\cost_function_sweep\\trpo\\a-2p2_7e1ba8ce\\seed_2\\plans\\iter_000005_control_plan.npz",
  "eval_time_ns": 180.0,
  "gamma": 1.5707963267948966,
  "iteration": 5,
  "robustness": {
    "sigma_1p0": {
      "average_fidelity": 0.9083994642711363,
      "average_gate_fidelity": 0.8854993303389204,
      "fidelity_variance": 0.0018098626591379152,
      "num_samples": 60,
      "sigma_mhz": 1.0
    }
  }
}