{
  "alpha": 2.2,
  "eval_cost": 0.7964056650828374,
  "eval_fidelity": 0.9707101660972954,
  "eval_leakage": 0.00016253701146095212,
  "eval_plan_path": "runs\\cost_function_sweep\\trpo\\a-2p2_7e1ba8ce\\seed_2\\plans\\iter_000002_control_plan.npz",
  "eval_time_ns": 180.0,
  "gamma": 1.5707963267948966,
  "iteration": 2,
  "robustness": {
    "sigma_1p0": {
      "average_fidelity": 0.9249172311312649,
      "average_gate_fidelity": 0.9061465389140809,
      "fidelity_variance": 0.0010822200964762047,
      "num_samples": 60,
      "sigma_mhz": 1.0
    }
  }
}