{
  "alpha": 2.2,
  "eval_cost": 0.5667702892356103,
  "eval_fidelity": 0.9746174486884248,
  "eval_leakage": 0.00041456581057489007,
  "eval_plan_path": "runs\\cost_function_sweep\\trpo\\a-2p2_44e29666\\seed_1\\plans\\iter_000004_control_plan.npz",
  "eval_time_ns": 180.0,
  "gamma": 1.5707963267948966,
  "iteration": 4,
  "robustness": {
    "sigma_1p0": {
      "average_fidelity": 0.9312197733115914,
      "average_gate_fidelity": 0.9140247166394893,
      "fidelity_variance": 0.0011567035671145775,
      "num_samples": 60,
      "sigma_mhz": 1.0
    }
  }
}