{
  "alpha": 2.2,
  "eval_cost": 0.644716292577654,
  "eval_fidelity": 0.9730199444020401,
  "eval_leakage": 0.0001926084774516909,
  "eval_plan_path": "runs\\cost_function_sweep\\trpo\\a-2p2_44e29666\\seed_1\\plans\\iter_000002_control_plan.npz",
  "eval_time_ns": 180.0,
  "gamma": 1.5707963267948966,
  "iteration": 2,
  "robustness": {
    "sigma_1p0": {
      "average_fidelity": 0.9289308001725761,
      "average_gate_fidelity": 0.9111635002157199,
      "fidelity_variance": 0.0010294530070627248,
      "num_samples": 60,
      "sigma_mhz": 1.0
    }
  }
}