{
  "alpha": 2.2,
  "eval_cost": 0.39476521578880985,
  "eval_fidelity": 0.9953637769507738,
  "eval_leakage": 0.00028716747597248604,
  "eval_plan_path": "runs\\cost_function_sweep\\trpo\\a-2p2_44e29666\\seed_1\\plans\\iter_000003_control_plan.npz",
  "eval_time_ns": 180.0,
  "gamma": 1.5707963267948966,
  "iteration": 3,
  "robustness": {
    "sigma_1p0": {
      "average_fidelity": 0.9417677616977909,
      "average_gate_fidelity": 0.9272097021222385,
      "fidelity_variance": 0.0006722969867123837,
      "num_samples": 60,
      "sigma_mhz": 1.0
    }
  }
}