{
  "alpha": 2.2,
  "eval_cost": 4.68314436694663,
  "eval_fidelity": 0.7826848931383632,
  "eval_leakage": 0.00010151368796639128,
  "eval_plan_path": "runs\\cost_function_sweep\\trpo\\a-2p2_ac356795\\seed_2\\plans\\iter_000001_control_plan.npz",
  "eval_time_ns": 180.0,
  "gamma": 1.5707963267948966,
  "iteration": 1,
  "robustness": {
    "sigma_1p0": {
      "average_fidelity": 0.7928983730594252,
      "average_gate_fidelity": 0.7411229663242815,
      "fidelity_variance": 0.0030195949806968714,
      "num_samples": 60,
      "sigma_mhz": 1.0
    }
  }
}