{
  "alpha": 2.2,
  "eval_cost": 1.1027284759025846,
  "eval_fidelity": 0.9603379037176748,
  "eval_leakage": 0.00027638599769478224,
  "eval_plan_path": "runs\\cost_function_sweep\\trpo\\a-2p2_ac356795\\seed_2\\plans\\iter_000004_control_plan.npz",
  "eval_time_ns": 180.0,
  "gamma": 1.5707963267948966,
  "iteration": 4,
  "robustness": {
    "sigma_1p0": {
      "average_fidelity": 0.9185416516727746,
      "average_gate_fidelity": 0.898177064590968,
      "fidelity_variance": 0.0013196221593942824,
      "num_samples": 60,
      "sigma_mhz": 1.0
    }
  }
}