{
  "alpha": 1.3,
  "best_horizon_ns": 40.0,
  "gamma": 1.5707963267948966,
  "robustness": {
    "sigma_1p0": {
      "average_fidelity": 0.9774611592306279,
      "average_gate_fidelity": 0.9718264490382846,
      "fidelity_variance": 0.00010516604453061822,
      "num_samples": 60,
      "sigma_mhz": 1.0
    }
  }
}