{
  "alpha": 2.2,
  "eval_cost": 1.3259312241706933,
  "eval_fidelity": 0.9982474310057001,
  "eval_leakage": 0.00029222888385781957,
  "eval_plan_path": "runs\\cost_function_sweep\\trpo\\a-2p2_e6ed248a\\seed_1\\plans\\iter_000003_control_plan.npz",
  "eval_time_ns": 180.0,
  "gamma": 1.5707963267948966,
  "iteration": 3,
  "robustness": {
    "sigma_1p0": {
      "average_fidelity": 0.9433787421326901,
      "average_gate_fidelity": 0.9292234276658625,
      "fidelity_variance": 0.0005486099537935211,
      "num_samples": 60,
      "sigma_mhz": 1.0
    }
  }
}