{
  "alpha": 2.2,
  "eval_cost": 1.3244266459755427,
  "eval_fidelity": 0.9988820014396386,
  "eval_leakage": 0.0004813630728602815,
  "eval_plan_path": "runs\\cost_function_sweep\\trpo\\a-2p2_e6ed248a\\seed_1\\plans\\iter_000005_control_plan.npz",
  "eval_time_ns": 180.0,
  "gamma": 1.5707963267948966,
  "iteration": 5,
  "robustness": {
    "sigma_1p0": {
      "average_fidelity": 0.9456005922055497,
      "average_gate_fidelity": 0.9320007402569369,
      "fidelity_variance": 0.0006492979655806981,
      "num_samples": 60,
      "sigma_mhz": 1.0
    }
  }
}