{
  "alpha": 2.2,
  "eval_cost": 0.9647958477188698,
  "eval_fidelity": 0.9927276234865652,
  "eval_leakage": 0.00030568723354776377,
  "eval_plan_path": "runs\\cost_function_sweep\\trpo\\a-2p2_d2aadef6\\seed_2\\plans\\iter_000005_control_plan.npz",
  "eval_time_ns": 180.0,
  "gamma": 1.5707963267948966,
  "iteration": 5,
  "robustness": {
    "sigma_1p0": {
      "average_fidelity": 0.9423701403982477,
      "average_gate_fidelity": 0.9279626754978092,
      "fidelity_variance": 0.0006158545351248064,
      "num_samples": 60,
      "sigma_mhz": 1.0
    }
  }
}