{
  "alpha": 2.2,
  "eval_cost": 0.3900025845630425,
  "eval_fidelity": 0.9886581918444426,
  "eval_leakage": 0.00022314216294529133,
  "eval_plan_path": "runs\\cost_function_sweep\\trpo\\a-2p2_5dfdc91c\\seed_2\\plans\\iter_000003_control_plan.npz",
  "eval_time_ns": 180.0,
  "gamma": 1.5707963267948966,
  "iteration": 3,
  "robustness": {
    "sigma_1p0": {
      "average_fidelity": 0.9363043694589019,
      "average_gate_fidelity": 0.9203804618236272,
      "fidelity_variance": 0.0008908689213503622,
      "num_samples": 60,
      "sigma_mhz": 1.0
    }
  }
}