{
  "alpha": 2.2,
  "eval_cost": 0.368714683864381,
  "eval_fidelity": 0.988729450481083,
  "eval_leakage": 0.00032011930296669123,
  "eval_plan_path": "runs\\cost_function_sweep\\trpo\\a-2p2_5dfdc91c\\seed_2\\plans\\iter_000005_control_plan.npz",
  "eval_time_ns": 180.0,
  "gamma": 1.5707963267948966,
  "iteration": 5,
  "robustness": {
    "sigma_1p0": {
      "average_fidelity": 0.9387145705250891,
      "average_gate_fidelity": 0.9233932131563615,
      "fidelity_variance": 0.0007158759383375629,
      "num_samples": 60,
      "sigma_mhz": 1.0
    }
  }
}