{
  "alpha": 2.2,
  "eval_cost": 0.6930028286117227,
  "eval_fidelity": 0.9305203284424906,
  "eval_leakage": 0.0001787907492909959,
  "eval_plan_path": "runs\\cost_function_sweep\\trpo\\a-2p2_5dfdc91c\\seed_2\\plans\\iter_000002_control_plan.npz",
  "eval_time_ns": 180.0,
  "gamma": 1.5707963267948966,
  "iteration": 2,
  "robustness": {
    "sigma_1p0": {
      "average_fidelity": 0.8939246912869948,
      "average_gate_fidelity": 0.8674058641087434,
      "fidelity_variance": 0.0018214632004783004,
      "num_samples": 60,
      "sigma_mhz": 1.0
    }
  }
}