{
  "alpha": 2.2,
  "eval_cost": 2.4792939322988756,
  "eval_fidelity": 0.7704155746131658,
  "eval_leakage": 9.627954491734588e-05,
  "eval_plan_path": "runs\\cost_function_sweep\\trpo\\a-2p2_282ae2d7\\seed_2\\plans\\iter_000001_control_plan.npz",
  "eval_time_ns": 180.0,
  "gamma": 1.5707963267948966,
  "iteration": 1,
  "robustness": {
    "sigma_1p0": {
      "average_fidelity": 0.783578089849643,
      "average_gate_fidelity": 0.7294726123120536,
      "fidelity_variance": 0.0031320542396191743,
      "num_samples": 60,
      "sigma_mhz": 1.0
    }
  }
}