{
  "alpha": 2.2,
  "eval_cost": 0.3726051752092528,
  "eval_fidelity": 0.9785873650062514,
  "eval_leakage": 0.00026978072504961384,
  "eval_plan_path": "runs\\cost_function_sweep\\trpo\\a-2p2_282ae2d7\\seed_2\\plans\\iter_000004_control_plan.npz",
  "eval_time_ns": 180.0,
  "gamma": 1.5707963267948966,
  "iteration": 4,
  "robustness": {
    "sigma_1p0": {
      "average_fidelity": 0.9322112459697991,
      "average_gate_fidelity": 0.9152640574622486,
      "fidelity_variance": 0.0008990273914817476,
      "num_samples": 60,
      "sigma_mhz": 1.0
    }
  }
}