{
  "alpha": 2.2,
  "eval_cost": 1.373957552440722,
  "eval_fidelity": 0.9687963855895787,
  "eval_leakage": 0.00025353176128880894,
  "eval_plan_path": "runs\\cost_function_sweep\\trpo\\a-2p2_131be558\\seed_2\\plans\\iter_000005_control_plan.npz",
  "eval_time_ns": 180.0,
  "gamma": 1.5707963267948966,
  "iteration": 5,
  "robustness": {
    "sigma_1p0": {
      "average_fidelity": 0.9224679516568556,
      "average_gate_fidelity": 0.9030849395710694,
      "fidelity_variance": 0.0010484090332654667,
      "num_samples": 60,
      "sigma_mhz": 1.0
    }
  }
}