{
  "alpha": 2.2,
  "eval_cost": 1.3849795450046722,
  "eval_fidelity": 0.9645979208490579,
  "eval_leakage": 0.00022632681790000776,
  "eval_plan_path": "runs\\cost_function_sweep\\trpo\\a-2p2_131be558\\seed_2\\plans\\iter_000004_control_plan.npz",
  "eval_time_ns": 180.0,
  "gamma": 1.5707963267948966,
  "iteration": 4,
  "robustness": {
    "sigma_1p0": {
      "average_fidelity": 0.9226755708082273,
      "average_gate_fidelity": 0.9033444635102843,
      "fidelity_variance": 0.001510201842290211,
      "num_samples": 60,
      "sigma_mhz": 1.0
    }
  }
}