{
  "alpha": 0.8,
  "best_horizon_ns": 70.0,
  "gamma": 1.5707963267948966,
  "robustness": {
    "sigma_1p0": {
      "average_fidelity": 0.973152218766783,
      "average_gate_fidelity": 0.9664402734584788,
      "fidelity_variance": 0.00013423447035611699,
      "num_samples": 60,
      "sigma_mhz": 1.0
    }
  }
}