{
  "alpha": 2.2,
  "eval_cost": 0.649453441203449,
  "eval_fidelity": 0.9984072883470877,
  "eval_leakage": 0.00048646502013590027,
  "eval_plan_path": "runs\\cost_function_sweep\\trpo\\a-2p2_f4ba3980\\seed_1\\plans\\iter_000005_control_plan.npz",
  "eval_time_ns": 180.0,
  "gamma": 1.5707963267948966,
  "iteration": 5,
  "robustness": {
    "sigma_1p0": {
      "average_fidelity": 0.9453307755919639,
      "average_gate_fidelity": 0.9316634694899547,
      "fidelity_variance": 0.0006380384918851955,
      "num_samples": 60,
      "sigma_mhz": 1.0
    }
  }
}