{
  "alpha": 2.5,
  "best_horizon_ns": 70.0,
  "gamma": 1.5707963267948966,
  "robustness": {
    "sigma_1p0": {
      "average_fidelity": 0.9568071974870946,
      "average_gate_fidelity": 0.946008996858868,
      "fidelity_variance": 0.000365765885394543,
      "num_samples": 60,
      "sigma_mhz": 1.0
    }
  }
}