{
  "alpha": 2.2,
  "eval_cost": 2.4073752188287054,
  "eval_fidelity": 0.7934404150847737,
  "eval_leakage": 0.00011919877673030741,
  "eval_plan_path": "runs\\cost_function_sweep\\trpo\\a-2p2_44e29666\\seed_1\\plans\\iter_000001_control_plan.npz",
  "eval_time_ns": 180.0,
  "gamma": 1.5707963267948966,
  "iteration": 1,
  "robustness": {
    "sigma_1p0": {
      "average_fidelity": 0.7970217594845672,
      "average_gate_fidelity": 0.7462771993557088,
      "fidelity_variance": 0.004358621985464456,
      "num_samples": 60,
      "sigma_mhz": 1.0
    }
  }
}