{
  "alpha": 2.2,
  "eval_cost": 1.7999996932086186,
  "eval_fidelity": 0.8912201444613214,
  "eval_leakage": 0.00016794843243074525,
  "eval_plan_path": "runs\\cost_function_sweep\\trpo\\a-2p2_131be558\\seed_2\\plans\\iter_000002_control_plan.npz",
  "eval_time_ns": 180.0,
  "gamma": 1.5707963267948966,
  "iteration": 2,
  "robustness": {
    "sigma_1p0": {
      "average_fidelity": 0.8639692303982773,
      "average_gate_fidelity": 0.8299615379978468,
      "fidelity_variance": 0.0024801130670840774,
      "num_samples": 60,
      "sigma_mhz": 1.0
    }
  }
}