{
  "alpha": 2.2,
  "eval_cost": 1.4749195237361235,
  "eval_fidelity": 0.9513603181775242,
  "eval_leakage": 0.00019562248025344373,
  "eval_plan_path": "runs\\cost_function_sweep\\trpo\\a-2p2_131be558\\seed_2\\plans\\iter_000003_control_plan.npz",
  "eval_time_ns": 180.0,
  "gamma": 1.5707963267948966,
  "iteration": 3,
  "robustness": {
    "sigma_1p0": {
      "average_fidelity": 0.9064761973101354,
      "average_gate_fidelity": 0.883095246637669,
      "fidelity_variance": 0.001776555285368568,
      "num_samples": 60,
      "sigma_mhz": 1.0
    }
  }
}