{
  "alpha": 2.2,
  "eval_cost": 2.5880446238492913,
  "eval_fidelity": 0.7620917198305959,
  "eval_leakage": 9.356143397770052e-05,
  "eval_plan_path": "runs\\cost_function_sweep\\trpo\\a-2p2_8c31322a\\seed_2\\plans\\iter_000001_control_plan.npz",
  "eval_time_ns": 180.0,
  "gamma": 1.5707963267948966,
  "iteration": 1,
  "robustness": {
    "sigma_1p0": {
      "average_fidelity": 0.7772559530471224,
      "average_gate_fidelity": 0.721569941308903,
      "fidelity_variance": 0.003206359917992824,
      "num_samples": 60,
      "sigma_mhz": 1.0
    }
  }
}