{
  "alpha": 2.2,
  "eval_cost": 0.30084984370038126,
  "eval_fidelity": 0.9925698368213591,
  "eval_leakage": 0.00030971410395453736,
  "eval_plan_path": "runs\\cost_function_sweep\\trpo\\a-2p2_8c31322a\\seed_2\\plans\\iter_000005_control_plan.npz",
  "eval_time_ns": 180.0,
  "gamma": 1.5707963267948966,
  "iteration": 5,
  "robustness": {
    "sigma_1p0": {
      "average_fidelity": 0.9422528312693519,
      "average_gate_fidelity": 0.92781603908669,
      "fidelity_variance": 0.000621950132442498,
      "num_samples": 60,
      "sigma_mhz": 1.0
    }
  }
}