{
  "alpha": 2.2,
  "eval_cost": 0.7791557667613029,
  "eval_fidelity": 0.9453446747051155,
  "eval_leakage": 0.0001561859448461426,
  "eval_plan_path": "runs\\cost_function_sweep\\trpo\\a-2p2_8c31322a\\seed_2\\plans\\iter_000002_control_plan.npz",
  "eval_time_ns": 180.0,
  "gamma": 1.5707963267948966,
  "iteration": 2,
  "robustness": {
    "sigma_1p0": {
      "average_fidelity": 0.9052682224728148,
      "average_gate_fidelity": 0.8815852780910182,
      "fidelity_variance": 0.001558547190961594,
      "num_samples": 60,
      "sigma_mhz": 1.0
    }
  }
}