{
  "alpha": 2.2,
  "eval_cost": 0.22522440193953455,
  "eval_fidelity": 0.9934490743667953,
  "eval_leakage": 0.00024976932719214333,
  "eval_plan_path": "runs\\cost_function_sweep\\trpo\\a-2p2_8c31322a\\seed_2\\plans\\iter_000004_control_plan.npz",
  "eval_time_ns": 180.0,
  "gamma": 1.5707963267948966,
  "iteration": 4,
  "robustness": {
    "sigma_1p0": {
      "average_fidelity": 0.9437912935890522,
      "average_gate_fidelity": 0.9297391169863152,
      "fidelity_variance": 0.0006055040616727887,
      "num_samples": 60,
      "sigma_mhz": 1.0
    }
  }
}