{
  "alpha": 2.9,
  "best_cost": 0.5237390257930886,
  "best_fidelity": 0.9637631571914358,
  "best_horizon_ns": 70.0,
  "best_leakage": 0.0010857255385020774,
  "control_plan": "runs/adam_runtime_sweep\\gamma_1.570796\\alpha_2.900000\\best_control_plan.npz",
  "gamma": 1.5707963267948966,
  "robustness_path": "runs/adam_runtime_sweep\\gamma_1.570796\\alpha_2.900000\\robustness\\best_robustness.json",
  "robustness_sigma_1p0_average_fidelity": 0.9524640803373811,
  "robustness_sigma_1p0_average_gate_fidelity": 0.9405801004217261,
  "robustness_sigma_1p0_fidelity_variance": 0.00026582422557659447,
  "runtime_ns": 70.0
}