{
  "alpha": 2.2,
  "eval_cost": 1.912859730107465,
  "eval_fidelity": 0.6878975474484583,
  "eval_leakage": 7.791460269921119e-05,
  "eval_plan_path": "runs\\cost_function_sweep\\trpo\\a-2p2_c7e8dd91\\seed_2\\plans\\iter_000001_control_plan.npz",
  "eval_time_ns": 180.0,
  "gamma": 1.5707963267948966,
  "iteration": 1,
  "robustness": {
    "sigma_1p0": {
      "average_fidelity": 0.7211563494607108,
      "average_gate_fidelity": 0.6514454368258886,
      "fidelity_variance": 0.003716825390513262,
      "num_samples": 60,
      "sigma_mhz": 1.0
    }
  }
}