{
  "alpha": 2.2,
  "eval_cost": 1.1091265126823049,
  "eval_fidelity": 0.8445750430203337,
  "eval_leakage": 0.0001907203201077673,
  "eval_plan_path": "runs\\cost_function_sweep\\trpo\\a-2p2_c7e8dd91\\seed_2\\plans\\iter_000005_control_plan.npz",
  "eval_time_ns": 180.0,
  "gamma": 1.5707963267948966,
  "iteration": 5,
  "robustness": {
    "sigma_1p0": {
      "average_fidelity": 0.8292720915345083,
      "average_gate_fidelity": 0.7865901144181352,
      "fidelity_variance": 0.003324920054897139,
      "num_samples": 60,
      "sigma_mhz": 1.0
    }
  }
}