{
  "alpha": 1.2,
  "best_cost": 0.21304105722162262,
  "best_fidelity": 0.9895727146385731,
  "best_horizon_ns": 50.0,
  "best_leakage": 0.0002850763185544953,
  "control_plan": "runs/adam_runtime_sweep\\gamma_1.570796\\alpha_1.200000\\best_control_plan.npz",
  "gamma": 1.5707963267948966,
  "robustness_path": "runs/adam_runtime_sweep\\gamma_1.570796\\alpha_1.200000\\robustness\\best_robustness.json",
  "robustness_sigma_1p0_average_fidelity": 0.9775331859576583,
  "robustness_sigma_1p0_average_gate_fidelity": 0.9719164824470728,
  "robustness_sigma_1p0_fidelity_variance": 0.0001262028185613571,
  "runtime_ns": 50.0
}