{
  "alpha": 2.2,
  "eval_cost": 1.3887500276305564,
  "eval_fidelity": 0.992590555549698,
  "eval_leakage": 0.00020525705448861303,
  "eval_plan_path": "runs\\cost_function_sweep\\trpo\\a-2p2_e4c96ed7\\seed_2\\plans\\iter_000003_control_plan.npz",
  "eval_time_ns": 180.0,
  "gamma": 1.5707963267948966,
  "iteration": 3,
  "robustness": {
    "sigma_1p0": {
      "average_fidelity": 0.9420593981209122,
      "average_gate_fidelity": 0.9275742476511402,
      "fidelity_variance": 0.0008731125822362368,
      "num_samples": 60,
      "sigma_mhz": 1.0
    }
  }
}