{
  "alpha": 2.2,
  "eval_cost": 1.2216985281518602,
  "eval_fidelity": 0.9971464420742165,
  "eval_leakage": 0.000484960863596112,
  "eval_plan_path": "runs\\cost_function_sweep\\trpo\\a-2p2_dc7e8ba1\\seed_1\\plans\\iter_000005_control_plan.npz",
  "eval_time_ns": 180.0,
  "gamma": 1.5707963267948966,
  "iteration": 5,
  "robustness": {
    "sigma_1p0": {
      "average_fidelity": 0.9443198329439689,
      "average_gate_fidelity": 0.930399791179961,
      "fidelity_variance": 0.0006295770355248039,
      "num_samples": 60,
      "sigma_mhz": 1.0
    }
  }
}