{
  "alpha": 2.2,
  "eval_cost": 1.5638978805382082,
  "eval_fidelity": 0.9390285326323595,
  "eval_leakage": 0.000196862064826125,
  "eval_plan_path": "runs\\cost_function_sweep\\trpo\\a-2p2_dc7e8ba1\\seed_1\\plans\\iter_000002_control_plan.npz",
  "eval_time_ns": 180.0,
  "gamma": 1.5707963267948966,
  "iteration": 2,
  "robustness": {
    "sigma_1p0": {
      "average_fidelity": 0.9036275028564358,
      "average_gate_fidelity": 0.8795343785705447,
      "fidelity_variance": 0.0015678248779851152,
      "num_samples": 60,
      "sigma_mhz": 1.0
    }
  }
}