{
  "alpha": 2.2,
  "eval_cost": 2.8292845425175006,
  "eval_fidelity": 0.6844544995908923,
  "eval_leakage": 7.837255688963379e-05,
  "eval_plan_path": "runs\\cost_function_sweep\\trpo\\a-2p2_70e5dbb1\\seed_2\\plans\\iter_000001_control_plan.npz",
  "eval_time_ns": 180.0,
  "gamma": 1.5707963267948966,
  "iteration": 1,
  "robustness": {
    "sigma_1p0": {
      "average_fidelity": 0.7185518127039909,
      "average_gate_fidelity": 0.6481897658799887,
      "fidelity_variance": 0.0037350065122848278,
      "num_samples": 60,
      "sigma_mhz": 1.0
    }
  }
}