{
  "alpha": 2.2,
  "eval_cost": 3.270816609749258,
  "eval_fidelity": 0.7420759863133912,
  "eval_leakage": 8.784343981477315e-05,
  "eval_plan_path": "runs\\cost_function_sweep\\trpo\\a-2p2_444b5f60\\seed_2\\plans\\iter_000001_control_plan.npz",
  "eval_time_ns": 180.0,
  "gamma": 1.5707963267948966,
  "iteration": 1,
  "robustness": {
    "sigma_1p0": {
      "average_fidelity": 0.7620967777477096,
      "average_gate_fidelity": 0.7026209721846368,
      "fidelity_variance": 0.003369148084357495,
      "num_samples": 60,
      "sigma_mhz": 1.0
    }
  }
}