{
  "alpha": 2.2,
  "eval_cost": 1.6118975667631916,
  "eval_fidelity": 0.90812031567715,
  "eval_leakage": 0.00014030226395198424,
  "eval_plan_path": "runs\\cost_function_sweep\\trpo\\a-2p2_444b5f60\\seed_2\\plans\\iter_000002_control_plan.npz",
  "eval_time_ns": 180.0,
  "gamma": 1.5707963267948966,
  "iteration": 2,
  "robustness": {
    "sigma_1p0": {
      "average_fidelity": 0.8767788333079989,
      "average_gate_fidelity": 0.8459735416349984,
      "fidelity_variance": 0.0022108428718519185,
      "num_samples": 60,
      "sigma_mhz": 1.0
    }
  }
}