{
  "alpha": 2.2,
  "eval_cost": 1.0293077915398234,
  "eval_fidelity": 0.959760975818426,
  "eval_leakage": 0.00017182911962348034,
  "eval_plan_path": "runs\\cost_function_sweep\\trpo\\a-2p2_444b5f60\\seed_2\\plans\\iter_000003_control_plan.npz",
  "eval_time_ns": 180.0,
  "gamma": 1.5707963267948966,
  "iteration": 3,
  "robustness": {
    "sigma_1p0": {
      "average_fidelity": 0.9130475123943254,
      "average_gate_fidelity": 0.8913093904929067,
      "fidelity_variance": 0.0015997810061306576,
      "num_samples": 60,
      "sigma_mhz": 1.0
    }
  }
}