{
  "alpha": 0.157,
  "eval_cost": 2.443056145810872,
  "eval_fidelity": 0.7977379009426205,
  "eval_leakage": 0.001998775359844479,
  "eval_plan_path": "runs\\runtime\\gamma_1.570796\\alpha_0.157000\\plans\\iter_000030_control_plan.npz",
  "eval_time_ns": 180.0,
  "gamma": 1.5707963267948966,
  "phase_iter": 30,
  "robustness": {
    "sigma_1p0": {
      "average_fidelity": 0.7935552404770522,
      "average_gate_fidelity": 0.7419440505963152,
      "fidelity_variance": 0.0026056105577059604,
      "num_samples": 60,
      "sigma_mhz": 1.0
    }
  }
}