{
  "alpha": 0.157,
  "eval_cost": 10.178906489593906,
  "eval_fidelity": 0.022051924826997447,
  "eval_leakage": 0.0007992836322259422,
  "eval_plan_path": "runs\\runtime\\gamma_1.570796\\alpha_0.157000\\plans\\iter_000010_control_plan.npz",
  "eval_time_ns": 180.0,
  "gamma": 1.5707963267948966,
  "phase_iter": 10,
  "robustness": {
    "sigma_1p0": {
      "average_fidelity": 0.21859416784618843,
      "average_gate_fidelity": 0.02324270980773553,
      "fidelity_variance": 0.00019644147642041898,
      "num_samples": 60,
      "sigma_mhz": 1.0
    }
  }
}