{
  "alpha": 0.157,
  "eval_cost": 9.814046926524227,
  "eval_fidelity": 0.05314463720616202,
  "eval_leakage": 0.001280692733612378,
  "eval_plan_path": "runs\\runtime\\gamma_1.570796\\alpha_0.157000\\plans\\iter_000020_control_plan.npz",
  "eval_time_ns": 180.0,
  "gamma": 1.5707963267948966,
  "phase_iter": 20,
  "robustness": {
    "sigma_1p0": {
      "average_fidelity": 0.24010533028491576,
      "average_gate_fidelity": 0.05013166285614464,
      "fidelity_variance": 0.00034304090723653446,
      "num_samples": 60,
      "sigma_mhz": 1.0
    }
  }
}