{
  "alpha": 0.157,
  "eval_cost": 6.777379718588291,
  "eval_fidelity": 0.363518276825982,
  "eval_leakage": 0.0016340636471232602,
  "eval_plan_path": "runs\\runtime\\gamma_1.570796\\alpha_0.157000\\plans\\iter_000026_control_plan.npz",
  "eval_time_ns": 180.0,
  "gamma": 1.5707963267948966,
  "phase_iter": 26,
  "robustness": {
    "sigma_1p0": {
      "average_fidelity": 0.4810073401934988,
      "average_gate_fidelity": 0.35125917524187356,
      "fidelity_variance": 0.0023138464323766085,
      "num_samples": 60,
      "sigma_mhz": 1.0
    }
  }
}