{
  "alpha": 0.157,
  "eval_cost": 4.789518519923727,
  "eval_fidelity": 0.5764732948531089,
  "eval_leakage": 0.003982579676674035,
  "eval_plan_path": "runs\\runtime\\gamma_1.570796\\alpha_0.157000\\plans\\iter_000056_control_plan.npz",
  "eval_time_ns": 180.0,
  "gamma": 1.5707963267948966,
  "phase_iter": 56,
  "robustness": {
    "sigma_1p0": {
      "average_fidelity": 0.6342169432150616,
      "average_gate_fidelity": 0.542771179018827,
      "fidelity_variance": 0.0028525718925919243,
      "num_samples": 60,
      "sigma_mhz": 1.0
    }
  }
}