{
  "alpha": 0.157,
  "eval_cost": 3.5778767969741256,
  "eval_fidelity": 0.6889653743304689,
  "eval_leakage": 0.0036137587205291484,
  "eval_plan_path": "runs\\runtime\\gamma_1.570796\\alpha_0.157000\\plans\\iter_000052_control_plan.npz",
  "eval_time_ns": 180.0,
  "gamma": 1.5707963267948966,
  "phase_iter": 52,
  "robustness": {
    "sigma_1p0": {
      "average_fidelity": 0.7040874190052762,
      "average_gate_fidelity": 0.6301092737565952,
      "fidelity_variance": 0.003572422248784458,
      "num_samples": 60,
      "sigma_mhz": 1.0
    }
  }
}