{
  "alpha": 0.157,
  "eval_cost": 9.775275414217237,
  "eval_fidelity": 0.05744920916118898,
  "eval_leakage": 0.00132477193525716,
  "eval_plan_path": "runs\\runtime\\gamma_1.570796\\alpha_0.157000\\plans\\iter_000022_control_plan.npz",
  "eval_time_ns": 180.0,
  "gamma": 1.5707963267948966,
  "phase_iter": 22,
  "robustness": {
    "sigma_1p0": {
      "average_fidelity": 0.2456878804970525,
      "average_gate_fidelity": 0.0571098506213157,
      "fidelity_variance": 0.00035640460434599084,
      "num_samples": 60,
      "sigma_mhz": 1.0
    }
  }
}