{
  "alpha": 0.157,
  "eval_cost": 4.402181667179217,
  "eval_fidelity": 0.6089695878962108,
  "eval_leakage": 0.0038014330684204923,
  "eval_plan_path": "runs\\runtime\\gamma_1.570796\\alpha_0.157000\\plans\\iter_000054_control_plan.npz",
  "eval_time_ns": 180.0,
  "gamma": 1.5707963267948966,
  "phase_iter": 54,
  "robustness": {
    "sigma_1p0": {
      "average_fidelity": 0.6551152849231648,
      "average_gate_fidelity": 0.568894106153956,
      "fidelity_variance": 0.003303500626348475,
      "num_samples": 60,
      "sigma_mhz": 1.0
    }
  }
}