{
  "alpha": 0.157,
  "eval_cost": 7.258885897929144,
  "eval_fidelity": 0.32565754266599084,
  "eval_leakage": 0.00437028329022827,
  "eval_plan_path": "runs\\runtime\\gamma_1.570796\\alpha_0.157000\\plans\\iter_000070_control_plan.npz",
  "eval_time_ns": 180.0,
  "gamma": 1.5707963267948966,
  "phase_iter": 70,
  "robustness": {
    "sigma_1p0": {
      "average_fidelity": 0.44047899646562194,
      "average_gate_fidelity": 0.30059874558202737,
      "fidelity_variance": 0.0023870039966058343,
      "num_samples": 60,
      "sigma_mhz": 1.0
    }
  }
}