{
  "alpha": 0.157,
  "eval_cost": 1.939980609426708,
  "eval_fidelity": 0.8566074862772423,
  "eval_leakage": 0.0033199052398402806,
  "eval_plan_path": "runs\\runtime\\gamma_1.570796\\alpha_0.157000\\plans\\iter_000048_control_plan.npz",
  "eval_time_ns": 180.0,
  "gamma": 1.5707963267948966,
  "phase_iter": 48,
  "robustness": {
    "sigma_1p0": {
      "average_fidelity": 0.8309211976091281,
      "average_gate_fidelity": 0.78865149701141,
      "fidelity_variance": 0.001691629973374434,
      "num_samples": 60,
      "sigma_mhz": 1.0
    }
  }
}