{
  "alpha": 0.157,
  "eval_cost": 7.052813936786071,
  "eval_fidelity": 0.34281242385116917,
  "eval_leakage": 0.004223991715920969,
  "eval_plan_path": "runs\\runtime\\gamma_1.570796\\alpha_0.157000\\plans\\iter_000069_control_plan.npz",
  "eval_time_ns": 180.0,
  "gamma": 1.5707963267948966,
  "phase_iter": 69,
  "robustness": {
    "sigma_1p0": {
      "average_fidelity": 0.45622059276580135,
      "average_gate_fidelity": 0.32027574095725164,
      "fidelity_variance": 0.0022081041991625985,
      "num_samples": 60,
      "sigma_mhz": 1.0
    }
  }
}