{
  "alpha": 0.157,
  "eval_cost": 10.126250745104764,
  "eval_fidelity": 0.024262329160705483,
  "eval_leakage": 0.0006302661100806168,
  "eval_plan_path": "runs\\runtime\\gamma_1.570796\\alpha_0.157000\\plans\\iter_000007_control_plan.npz",
  "eval_time_ns": 180.0,
  "gamma": 1.5707963267948966,
  "phase_iter": 7,
  "robustness": {
    "sigma_1p0": {
      "average_fidelity": 0.22034655213209886,
      "average_gate_fidelity": 0.02543319016512358,
      "fidelity_variance": 0.00021181635980111938,
      "num_samples": 60,
      "sigma_mhz": 1.0
    }
  }
}