{
  "alpha": 0.157,
  "eval_cost": 10.228730518326927,
  "eval_fidelity": 0.008194788321449435,
  "eval_leakage": 0.00034011283516892273,
  "eval_plan_path": "runs\\runtime\\gamma_1.570796\\alpha_0.157000\\plans\\iter_000005_control_plan.npz",
  "eval_time_ns": 180.0,
  "gamma": 1.5707963267948966,
  "phase_iter": 5,
  "robustness": {
    "sigma_1p0": {
      "average_fidelity": 0.20795069005848374,
      "average_gate_fidelity": 0.009938362573104688,
      "fidelity_variance": 6.269919464645098e-05,
      "num_samples": 60,
      "sigma_mhz": 1.0
    }
  }
}