{
  "alpha": 0.157,
  "eval_cost": 10.022501441918473,
  "eval_fidelity": 0.031577792767786286,
  "eval_leakage": 0.0012068430867718432,
  "eval_plan_path": "runs\\runtime\\gamma_1.570796\\alpha_0.157000\\plans\\iter_000019_control_plan.npz",
  "eval_time_ns": 180.0,
  "gamma": 1.5707963267948966,
  "phase_iter": 19,
  "robustness": {
    "sigma_1p0": {
      "average_fidelity": 0.2250437382004291,
      "average_gate_fidelity": 0.031304672750536396,
      "fidelity_variance": 0.00021454784661955917,
      "num_samples": 60,
      "sigma_mhz": 1.0
    }
  }
}