{
  "alpha": 0.157,
  "eval_cost": 3.2850505504238896,
  "eval_fidelity": 0.726240985428466,
  "eval_leakage": 0.002579756870768475,
  "eval_plan_path": "runs\\runtime\\gamma_1.570796\\alpha_0.157000\\plans\\iter_000036_control_plan.npz",
  "eval_time_ns": 180.0,
  "gamma": 1.5707963267948966,
  "phase_iter": 36,
  "robustness": {
    "sigma_1p0": {
      "average_fidelity": 0.7436254205320185,
      "average_gate_fidelity": 0.6795317756650233,
      "fidelity_variance": 0.0021876969967682828,
      "num_samples": 60,
      "sigma_mhz": 1.0
    }
  }
}