{
  "alpha": 0.157,
  "eval_cost": 10.276845578980621,
  "eval_fidelity": 0.007399915570758571,
  "eval_leakage": 0.0005495748146740225,
  "eval_plan_path": "runs\\runtime\\gamma_1.570796\\alpha_0.157000\\plans\\iter_000008_control_plan.npz",
  "eval_time_ns": 180.0,
  "gamma": 1.5707963267948966,
  "phase_iter": 8,
  "robustness": {
    "sigma_1p0": {
      "average_fidelity": 0.20744933763687,
      "average_gate_fidelity": 0.00931167204608748,
      "fidelity_variance": 5.787137281034651e-05,
      "num_samples": 60,
      "sigma_mhz": 1.0
    }
  }
}