{
  "alpha": 0.157,
  "eval_cost": 6.543694435270215,
  "eval_fidelity": 0.39339648714392295,
  "eval_leakage": 0.0040661133772594065,
  "eval_plan_path": "runs\\runtime\\gamma_1.570796\\alpha_0.157000\\plans\\iter_000064_control_plan.npz",
  "eval_time_ns": 180.0,
  "gamma": 1.5707963267948966,
  "phase_iter": 64,
  "robustness": {
    "sigma_1p0": {
      "average_fidelity": 0.501691282359546,
      "average_gate_fidelity": 0.3771141029494326,
      "fidelity_variance": 0.002432019273930676,
      "num_samples": 60,
      "sigma_mhz": 1.0
    }
  }
}