{
  "alpha": 0.157,
  "eval_cost": 3.063744626660694,
  "eval_fidelity": 0.7444634717832995,
  "eval_leakage": 0.00263670227716294,
  "eval_plan_path": "runs\\runtime\\gamma_1.570796\\alpha_0.157000\\plans\\iter_000037_control_plan.npz",
  "eval_time_ns": 180.0,
  "gamma": 1.5707963267948966,
  "phase_iter": 37,
  "robustness": {
    "sigma_1p0": {
      "average_fidelity": 0.7576320701924777,
      "average_gate_fidelity": 0.697040087740597,
      "fidelity_variance": 0.0026655461501055326,
      "num_samples": 60,
      "sigma_mhz": 1.0
    }
  }
}