{
  "alpha": 0.157,
  "eval_cost": 10.286869362228966,
  "eval_fidelity": 0.0023473808383469024,
  "eval_leakage": 0.00021721259329636234,
  "eval_plan_path": "runs\\runtime\\gamma_1.570796\\alpha_0.157000\\plans\\iter_000002_control_plan.npz",
  "eval_time_ns": 180.0,
  "gamma": 1.5707963267948966,
  "phase_iter": 2,
  "robustness": {
    "sigma_1p0": {
      "average_fidelity": 0.2026160311620945,
      "average_gate_fidelity": 0.003270038952618145,
      "fidelity_variance": 1.0881241100864303e-05,
      "num_samples": 60,
      "sigma_mhz": 1.0
    }
  }
}