{
  "alpha": 0.157,
  "eval_cost": 1.3968084313976954,
  "eval_fidelity": 0.9333391127016425,
  "eval_leakage": 0.0031286847201434874,
  "eval_plan_path": "runs\\runtime\\gamma_1.570796\\alpha_0.157000\\plans\\iter_000043_control_plan.npz",
  "eval_time_ns": 180.0,
  "gamma": 1.5707963267948966,
  "phase_iter": 43,
  "robustness": {
    "sigma_1p0": {
      "average_fidelity": 0.8933810349139807,
      "average_gate_fidelity": 0.8667262936424754,
      "fidelity_variance": 0.001500915695195624,
      "num_samples": 60,
      "sigma_mhz": 1.0
    }
  }
}