{
  "alpha": 0.157,
  "eval_cost": 10.232506972269643,
  "eval_fidelity": 0.007937071027860565,
  "eval_leakage": 0.000409339148481895,
  "eval_plan_path": "runs\\runtime\\gamma_1.570796\\alpha_0.157000\\plans\\iter_000006_control_plan.npz",
  "eval_time_ns": 180.0,
  "gamma": 1.5707963267948966,
  "phase_iter": 6,
  "robustness": {
    "sigma_1p0": {
      "average_fidelity": 0.20777402894651173,
      "average_gate_fidelity": 0.009717536183139674,
      "fidelity_variance": 5.8258503785285424e-05,
      "num_samples": 60,
      "sigma_mhz": 1.0
    }
  }
}