{
  "alpha": 0.157,
  "eval_cost": 5.714026390399975,
  "eval_fidelity": 0.48370254544892216,
  "eval_leakage": 0.004013129319764037,
  "eval_plan_path": "runs\\runtime\\gamma_1.570796\\alpha_0.157000\\plans\\iter_000060_control_plan.npz",
  "eval_time_ns": 180.0,
  "gamma": 1.5707963267948966,
  "phase_iter": 60,
  "robustness": {
    "sigma_1p0": {
      "average_fidelity": 0.5614126273077787,
      "average_gate_fidelity": 0.45176578413472346,
      "fidelity_variance": 0.0033015747529443413,
      "num_samples": 60,
      "sigma_mhz": 1.0
    }
  }
}