{
  "alpha": 2.2,
  "best_horizon_ns": 60.0,
  "gamma": 1.5707963267948966,
  "nominal_cost": 0.38063865817222853,
  "nominal_fidelity": 0.9820504068885064,
  "nominal_leakage": 0.00036702764098077466,
  "nominal_time_ns": 60.0,
  "plan_path": "runs/adam_noise\\best_control_plan.npz",
  "robustness": {
    "sigma_1p0": {
      "average_fidelity": 0.9685777536624629,
      "average_gate_fidelity": 0.9607221920780789,
      "fidelity_variance": 0.00017518309064341495,
      "num_samples": 60,
      "sigma_mhz": 1.0
    }
  }
}