{
  "alpha": 2.2,
  "eval_cost": 0.9052117012837567,
  "eval_fidelity": 0.9736311452556189,
  "eval_leakage": 0.0003328832125165983,
  "eval_plan_path": "runs\\cost_function_sweep\\trpo\\a-2p2_b115ee9b\\seed_2\\plans\\iter_000005_control_plan.npz",
  "eval_time_ns": 180.0,
  "gamma": 1.5707963267948966,
  "iteration": 5,
  "robustness": {
    "sigma_1p0": {
      "average_fidelity": 0.9292817823901518,
      "average_gate_fidelity": 0.9116022279876895,
      "fidelity_variance": 0.0011498162270066883,
      "num_samples": 60,
      "sigma_mhz": 1.0
    }
  }
}