{
  "alpha": 2.2,
  "eval_cost": 0.3754819803896061,
  "eval_fidelity": 0.9839953610769977,
  "eval_leakage": 0.00048375922125602636,
  "eval_plan_path": "runs\\nn_size_sweep\\trpo\\a-2p2_014f7348\\seed_1\\plans\\iter_000020_control_plan.npz",
  "eval_time_ns": 102.0,
  "gamma": 1.5707963267948966,
  "iteration": 20,
  "robustness": {
    "sigma_1p0": {
      "average_fidelity": 0.9554956831820296,
      "average_gate_fidelity": 0.9443696039775371,
      "fidelity_variance": 0.0003884900563378509,
      "num_samples": 60,
      "sigma_mhz": 1.0
    }
  }
}