{
  "alpha": 2.2,
  "eval_cost": 0.38562426416645157,
  "eval_fidelity": 0.9936162683903497,
  "eval_leakage": 0.00034126327100341287,
  "eval_plan_path": "runs\\nn_size_sweep\\trpo\\a-2p2_014f7348\\seed_1\\plans\\iter_000009_control_plan.npz",
  "eval_time_ns": 108.0,
  "gamma": 1.5707963267948966,
  "iteration": 9,
  "robustness": {
    "sigma_1p0": {
      "average_fidelity": 0.966969136671726,
      "average_gate_fidelity": 0.9587114208396575,
      "fidelity_variance": 0.000202582189378156,
      "num_samples": 60,
      "sigma_mhz": 1.0
    }
  }
}