{
  "alpha": 2.2,
  "eval_cost": 0.37634885906046406,
  "eval_fidelity": 0.9924287023911177,
  "eval_leakage": 0.00034172259089925133,
  "eval_plan_path": "runs\\nn_size_sweep\\trpo\\a-2p2_014f7348\\seed_1\\plans\\iter_000007_control_plan.npz",
  "eval_time_ns": 116.0,
  "gamma": 1.5707963267948966,
  "iteration": 7,
  "robustness": {
    "sigma_1p0": {
      "average_fidelity": 0.9601789013927402,
      "average_gate_fidelity": 0.9502236267409253,
      "fidelity_variance": 0.00035650509369234074,
      "num_samples": 60,
      "sigma_mhz": 1.0
    }
  }
}