{
  "alpha": 2.2,
  "eval_cost": 0.38576381312462615,
  "eval_fidelity": 0.9875958790905821,
  "eval_leakage": 0.0004810181809615387,
  "eval_plan_path": "runs\\nn_size_sweep\\trpo\\a-2p2_014f7348\\seed_1\\plans\\iter_000018_control_plan.npz",
  "eval_time_ns": 100.0,
  "gamma": 1.5707963267948966,
  "iteration": 18,
  "robustness": {
    "sigma_1p0": {
      "average_fidelity": 0.9635913230806022,
      "average_gate_fidelity": 0.9544891538507531,
      "fidelity_variance": 0.0002462191140268323,
      "num_samples": 60,
      "sigma_mhz": 1.0
    }
  }
}