{
  "alpha": 2.2,
  "eval_cost": 0.5667732339327699,
  "eval_fidelity": 0.9817816925091133,
  "eval_leakage": 0.0004350191255078587,
  "eval_plan_path": "runs\\nn_size_sweep\\trpo\\a-2p2_014f7348\\seed_1\\plans\\iter_000003_control_plan.npz",
  "eval_time_ns": 180.0,
  "gamma": 1.5707963267948966,
  "iteration": 3,
  "robustness": {
    "sigma_1p0": {
      "average_fidelity": 0.9286584823318713,
      "average_gate_fidelity": 0.9108231029148389,
      "fidelity_variance": 0.0013141864280764829,
      "num_samples": 60,
      "sigma_mhz": 1.0
    }
  }
}