{
  "alpha": 2.2,
  "eval_cost": 0.3880078785590385,
  "eval_fidelity": 0.9928062428804769,
  "eval_leakage": 0.0003231480671138112,
  "eval_plan_path": "runs\\nn_size_sweep\\trpo\\a-2p2_014f7348\\seed_1\\plans\\iter_000006_control_plan.npz",
  "eval_time_ns": 122.0,
  "gamma": 1.5707963267948966,
  "iteration": 6,
  "robustness": {
    "sigma_1p0": {
      "average_fidelity": 0.9583823886560501,
      "average_gate_fidelity": 0.9479779858200624,
      "fidelity_variance": 0.000448650219859675,
      "num_samples": 60,
      "sigma_mhz": 1.0
    }
  }
}