{
  "alpha": 2.2,
  "eval_cost": 2.2014062322086136,
  "eval_fidelity": 0.8193782211155556,
  "eval_leakage": 0.00012202491477819674,
  "eval_plan_path": "runs\\nn_size_sweep\\trpo\\a-2p2_014f7348\\seed_1\\plans\\iter_000001_control_plan.npz",
  "eval_time_ns": 180.0,
  "gamma": 1.5707963267948966,
  "iteration": 1,
  "robustness": {
    "sigma_1p0": {
      "average_fidelity": 0.8179933371047341,
      "average_gate_fidelity": 0.7724916713809175,
      "fidelity_variance": 0.004140915289559903,
      "num_samples": 60,
      "sigma_mhz": 1.0
    }
  }
}