{
  "alpha": 2.2,
  "eval_cost": 0.3772275722305434,
  "eval_fidelity": 0.9869391365773962,
  "eval_leakage": 0.0004130972314582503,
  "eval_plan_path": "runs\\nn_size_sweep\\trpo\\a-2p2_014f7348\\seed_1\\plans\\iter_000015_control_plan.npz",
  "eval_time_ns": 102.0,
  "gamma": 1.5707963267948966,
  "iteration": 15,
  "robustness": {
    "sigma_1p0": {
      "average_fidelity": 0.9559672491958704,
      "average_gate_fidelity": 0.9449590614948378,
      "fidelity_variance": 0.0004166394010930347,
      "num_samples": 60,
      "sigma_mhz": 1.0
    }
  }
}