{
  "alpha": 2.2,
  "eval_cost": 0.3696996525478221,
  "eval_fidelity": 0.9910814936901406,
  "eval_leakage": 0.0003451140122527282,
  "eval_plan_path": "runs\\nn_size_sweep\\trpo\\a-2p2_014f7348\\seed_1\\plans\\iter_000008_control_plan.npz",
  "eval_time_ns": 112.0,
  "gamma": 1.5707963267948966,
  "iteration": 8,
  "robustness": {
    "sigma_1p0": {
      "average_fidelity": 0.9588644049417856,
      "average_gate_fidelity": 0.9485805061772319,
      "fidelity_variance": 0.00026634323615591394,
      "num_samples": 60,
      "sigma_mhz": 1.0
    }
  }
}