{
  "alpha": 2.2,
  "eval_cost": 0.3998146155147829,
  "eval_fidelity": 0.9916152989314393,
  "eval_leakage": 0.0003515904589383376,
  "eval_plan_path": "runs\\nn_size_sweep\\trpo\\a-2p2_014f7348\\seed_1\\plans\\iter_000010_control_plan.npz",
  "eval_time_ns": 106.0,
  "gamma": 1.5707963267948966,
  "iteration": 10,
  "robustness": {
    "sigma_1p0": {
      "average_fidelity": 0.964885287714062,
      "average_gate_fidelity": 0.9561066096425777,
      "fidelity_variance": 0.00015867499929769562,
      "num_samples": 60,
      "sigma_mhz": 1.0
    }
  }
}