{
  "alpha": 2.2,
  "eval_cost": 0.3938762053035523,
  "eval_fidelity": 0.9917984073231721,
  "eval_leakage": 0.00038965749575345984,
  "eval_plan_path": "runs\\nn_size_sweep\\trpo\\a-2p2_014f7348\\seed_1\\plans\\iter_000012_control_plan.npz",
  "eval_time_ns": 104.0,
  "gamma": 1.5707963267948966,
  "iteration": 12,
  "robustness": {
    "sigma_1p0": {
      "average_fidelity": 0.9636428246804627,
      "average_gate_fidelity": 0.9545535308505784,
      "fidelity_variance": 0.000576549773321808,
      "num_samples": 60,
      "sigma_mhz": 1.0
    }
  }
}