{
  "alpha": 2.2,
  "eval_cost": 0.3921433105912326,
  "eval_fidelity": 0.9861606695355825,
  "eval_leakage": 0.00046496049940100194,
  "eval_plan_path": "runs\\nn_size_sweep\\trpo\\a-2p2_014f7348\\seed_1\\plans\\iter_000019_control_plan.npz",
  "eval_time_ns": 100.0,
  "gamma": 1.5707963267948966,
  "iteration": 19,
  "robustness": {
    "sigma_1p0": {
      "average_fidelity": 0.9585545927436382,
      "average_gate_fidelity": 0.9481932409295479,
      "fidelity_variance": 0.0003309717561229836,
      "num_samples": 60,
      "sigma_mhz": 1.0
    }
  }
}