{
  "alpha": 2.2,
  "eval_cost": 0.39594612573519955,
  "eval_fidelity": 0.997034979167479,
  "eval_leakage": 0.0003507176478974911,
  "eval_plan_path": "runs\\nn_size_sweep\\trpo\\a-2p2_014f7348\\seed_1\\plans\\iter_000005_control_plan.npz",
  "eval_time_ns": 134.0,
  "gamma": 1.5707963267948966,
  "iteration": 5,
  "robustness": {
    "sigma_1p0": {
      "average_fidelity": 0.9571006393340966,
      "average_gate_fidelity": 0.9463757991676205,
      "fidelity_variance": 0.0003029626339202304,
      "num_samples": 60,
      "sigma_mhz": 1.0
    }
  }
}