{
  "alpha": 2.2,
  "eval_cost": 2.010139250133248,
  "eval_fidelity": 0.8408762242480344,
  "eval_leakage": 0.00014668738498256563,
  "eval_plan_path": "runs\\cost_function_sweep\\trpo\\a-2p2_70e5dbb1\\seed_2\\plans\\iter_000003_control_plan.npz",
  "eval_time_ns": 180.0,
  "gamma": 1.5707963267948966,
  "iteration": 3,
  "robustness": {
    "sigma_1p0": {
      "average_fidelity": 0.8221052939922224,
      "average_gate_fidelity": 0.7776316174902779,
      "fidelity_variance": 0.003908169688938982,
      "num_samples": 60,
      "sigma_mhz": 1.0
    }
  }
}