{
  "alpha": 2.2,
  "eval_cost": 0.35738259285437135,
  "eval_fidelity": 0.9931788288700893,
  "eval_leakage": 0.00045232659547368145,
  "eval_plan_path": "runs/trpo_noise_alpha_2.2_gamma_pi2_10k_episodes_2nd_0.4ec\\plans\\iter_000008_control_plan.npz",
  "eval_time_ns": 100.0,
  "gamma": 1.5707963267948966,
  "iteration": 8,
  "robustness": {
    "sigma_1p0": {
      "average_fidelity": 0.9632484331353898,
      "average_gate_fidelity": 0.9540605414192371,
      "fidelity_variance": 0.00021222273113497087,
      "num_samples": 60,
      "sigma_mhz": 1.0
    }
  }
}