{
  "alpha": 2.2,
  "eval_cost": 0.5273230848028875,
  "eval_fidelity": 0.9794962101175007,
  "eval_leakage": 0.000557848172079633,
  "eval_plan_path": "runs/trpo_noise_alpha_2.2_gamma_pi2_10k_episodes_2nd_0.4ec\\plans\\iter_000002_control_plan.npz",
  "eval_time_ns": 180.0,
  "gamma": 1.5707963267948966,
  "iteration": 2,
  "robustness": {
    "sigma_1p0": {
      "average_fidelity": 0.9342152198619176,
      "average_gate_fidelity": 0.9177690248273969,
      "fidelity_variance": 0.0012051391907684362,
      "num_samples": 60,
      "sigma_mhz": 1.0
    }
  }
}