{
  "alpha": 2.2,
  "eval_cost": 0.37599498710079304,
  "eval_fidelity": 0.9952336777196165,
  "eval_leakage": 0.00047425259403808,
  "eval_plan_path": "runs/trpo_noise_alpha_2.2_gamma_pi2_10k_episodes_2nd_0.4ec\\plans\\iter_000007_control_plan.npz",
  "eval_time_ns": 102.0,
  "gamma": 1.5707963267948966,
  "iteration": 7,
  "robustness": {
    "sigma_1p0": {
      "average_fidelity": 0.966134687942541,
      "average_gate_fidelity": 0.9576683599281761,
      "fidelity_variance": 0.0003130815950326044,
      "num_samples": 60,
      "sigma_mhz": 1.0
    }
  }
}