{
  "alpha": 2.2,
  "eval_cost": 0.6770962845476478,
  "eval_fidelity": 0.9827361993849673,
  "eval_leakage": 0.00024574121780011676,
  "eval_plan_path": "runs/trpo_noise_alpha_2.2_gamma_pi2_10k_episodes_2nd_0.4ec\\plans\\iter_000001_control_plan.npz",
  "eval_time_ns": 180.0,
  "gamma": 1.5707963267948966,
  "iteration": 1,
  "robustness": {
    "sigma_1p0": {
      "average_fidelity": 0.9374864605121283,
      "average_gate_fidelity": 0.9218580756401603,
      "fidelity_variance": 0.0008289296761041626,
      "num_samples": 60,
      "sigma_mhz": 1.0
    }
  }
}