{
  "alpha": 2.2,
  "eval_cost": 0.371743074556039,
  "eval_fidelity": 0.9958905676549813,
  "eval_leakage": 0.00044294368574697245,
  "eval_plan_path": "runs/trpo_noise_alpha_2.2_gamma_pi2_10k_episodes_2nd_0.4ec\\plans\\iter_000006_control_plan.npz",
  "eval_time_ns": 102.0,
  "gamma": 1.5707963267948966,
  "iteration": 6,
  "robustness": {
    "sigma_1p0": {
      "average_fidelity": 0.9657542634767009,
      "average_gate_fidelity": 0.957192829345876,
      "fidelity_variance": 0.0003367163901766977,
      "num_samples": 60,
      "sigma_mhz": 1.0
    }
  }
}