{
  "alpha": 2.2,
  "eval_cost": 0.37613102334712134,
  "eval_fidelity": 0.9972974027127764,
  "eval_leakage": 0.00039077765637504603,
  "eval_plan_path": "runs/trpo_noise_alpha_2.2_gamma_pi2_10k_episodes_2nd_0.4ec\\plans\\iter_000003_control_plan.npz",
  "eval_time_ns": 126.0,
  "gamma": 1.5707963267948966,
  "iteration": 3,
  "robustness": {
    "sigma_1p0": {
      "average_fidelity": 0.9599022184932805,
      "average_gate_fidelity": 0.9498777731166004,
      "fidelity_variance": 0.00030191953410760856,
      "num_samples": 60,
      "sigma_mhz": 1.0
    }
  }
}