{
  "alpha": 2.2,
  "eval_cost": 0.3440775856414925,
  "eval_fidelity": 0.9930010351829126,
  "eval_leakage": 0.00026089065861755503,
  "eval_plan_path": "runs\\cost_function_sweep\\trpo\\a-2p2_5dfdc91c\\seed_2\\plans\\iter_000004_control_plan.npz",
  "eval_time_ns": 180.0,
  "gamma": 1.5707963267948966,
  "iteration": 4,
  "robustness": {
    "sigma_1p0": {
      "average_fidelity": 0.9430515131313243,
      "average_gate_fidelity": 0.9288143914141554,
      "fidelity_variance": 0.0006208128749782126,
      "num_samples": 60,
      "sigma_mhz": 1.0
    }
  }
}