{
  "alpha": 2.2,
  "eval_cost": 1.6237931909735397,
  "eval_fidelity": 0.7405937352857441,
  "eval_leakage": 9.283256030761322e-05,
  "eval_plan_path": "runs\\cost_function_sweep\\trpo\\a-2p2_5dfdc91c\\seed_2\\plans\\iter_000001_control_plan.npz",
  "eval_time_ns": 180.0,
  "gamma": 1.5707963267948966,
  "iteration": 1,
  "robustness": {
    "sigma_1p0": {
      "average_fidelity": 0.7609850026988998,
      "average_gate_fidelity": 0.7012312533736246,
      "fidelity_variance": 0.0033751783575118265,
      "num_samples": 60,
      "sigma_mhz": 1.0
    }
  }
}