{
  "alpha": 0.6,
  "best_cost": 0.2730961196553966,
  "best_fidelity": 0.9903037976032336,
  "best_horizon_ns": 80.0,
  "best_leakage": 0.00035485980648201297,
  "control_plan": "runs/adam_runtime_sweep\\gamma_1.570796\\alpha_0.600000\\best_control_plan.npz",
  "gamma": 1.5707963267948966,
  "robustness_path": "runs/adam_runtime_sweep\\gamma_1.570796\\alpha_0.600000\\robustness\\best_robustness.json",
  "robustness_sigma_1p0_average_fidelity": 0.9685479320036251,
  "robustness_sigma_1p0_average_gate_fidelity": 0.9606849150045312,
  "robustness_sigma_1p0_fidelity_variance": 0.00017949791674030848,
  "runtime_ns": 80.0
}