{
  "alpha": 2.2,
  "eval_cost": 1.4485398309068407,
  "eval_fidelity": 0.9503595151837599,
  "eval_leakage": 0.00014978057100262934,
  "eval_plan_path": "runs\\cost_function_sweep\\trpo\\a-2p2_d1976a7c\\seed_2\\plans\\iter_000002_control_plan.npz",
  "eval_time_ns": 180.0,
  "gamma": 1.5707963267948966,
  "iteration": 2,
  "robustness": {
    "sigma_1p0": {
      "average_fidelity": 0.9091095042102776,
      "average_gate_fidelity": 0.8863868802628467,
      "fidelity_variance": 0.0014697837284305447,
      "num_samples": 60,
      "sigma_mhz": 1.0
    }
  }
}