{
  "alpha": 2.2,
  "eval_cost": 1.3415749738714489,
  "eval_fidelity": 0.9959116547480716,
  "eval_leakage": 0.00019923392089085887,
  "eval_plan_path": "runs\\cost_function_sweep\\trpo\\a-2p2_f147ec91\\seed_2\\plans\\iter_000003_control_plan.npz",
  "eval_time_ns": 180.0,
  "gamma": 1.5707963267948966,
  "iteration": 3,
  "robustness": {
    "sigma_1p0": {
      "average_fidelity": 0.9438690944755024,
      "average_gate_fidelity": 0.9298363680943781,
      "fidelity_variance": 0.0007640273519454372,
      "num_samples": 60,
      "sigma_mhz": 1.0
    }
  }
}