{
  "alpha": 2.2,
  "eval_cost": 1.6410331346211076,
  "eval_fidelity": 0.9785199819640199,
  "eval_leakage": 0.00026734099222300805,
  "eval_plan_path": "runs\\cost_function_sweep\\trpo\\a-2p2_f147ec91\\seed_2\\plans\\iter_000004_control_plan.npz",
  "eval_time_ns": 180.0,
  "gamma": 1.5707963267948966,
  "iteration": 4,
  "robustness": {
    "sigma_1p0": {
      "average_fidelity": 0.9322870908909778,
      "average_gate_fidelity": 0.9153588636137224,
      "fidelity_variance": 0.0009041404133520195,
      "num_samples": 60,
      "sigma_mhz": 1.0
    }
  }
}