{
  "alpha": 2.2,
  "eval_cost": 1.8121462911203712,
  "eval_fidelity": 0.9731214860718722,
  "eval_leakage": 0.0003339086797910411,
  "eval_plan_path": "runs\\cost_function_sweep\\trpo\\a-2p2_f147ec91\\seed_2\\plans\\iter_000005_control_plan.npz",
  "eval_time_ns": 180.0,
  "gamma": 1.5707963267948966,
  "iteration": 5,
  "robustness": {
    "sigma_1p0": {
      "average_fidelity": 0.9289046127515488,
      "average_gate_fidelity": 0.9111307659394358,
      "fidelity_variance": 0.00116271334514764,
      "num_samples": 60,
      "sigma_mhz": 1.0
    }
  }
}