{
  "alpha": 2.2,
  "eval_cost": 0.5666008470950953,
  "eval_fidelity": 0.9834000543826124,
  "eval_leakage": 0.0001912258277413819,
  "eval_plan_path": "runs\\cost_function_sweep\\trpo\\a-2p2_7e1ba8ce\\seed_1\\plans\\iter_000002_control_plan.npz",
  "eval_time_ns": 180.0,
  "gamma": 1.5707963267948966,
  "iteration": 2,
  "robustness": {
    "sigma_1p0": {
      "average_fidelity": 0.9366441581474073,
      "average_gate_fidelity": 0.9208051976842591,
      "fidelity_variance": 0.0008656268437426477,
      "num_samples": 60,
      "sigma_mhz": 1.0
    }
  }
}