{
  "alpha": 2.2,
  "eval_cost": 1.6148823151989813,
  "eval_fidelity": 0.9605518237282765,
  "eval_leakage": 0.0003391957527276045,
  "eval_plan_path": "runs\\cost_function_sweep\\trpo\\a-2p2_96d05b98\\seed_1\\plans\\iter_000004_control_plan.npz",
  "eval_time_ns": 180.0,
  "gamma": 1.5707963267948966,
  "iteration": 4,
  "robustness": {
    "sigma_1p0": {
      "average_fidelity": 0.9182871079980167,
      "average_gate_fidelity": 0.8978588849975212,
      "fidelity_variance": 0.0015416377041502438,
      "num_samples": 60,
      "sigma_mhz": 1.0
    }
  }
}