{
  "alpha": 2.2,
  "eval_cost": 1.6992630478117088,
  "eval_fidelity": 0.9586065082581428,
  "eval_leakage": 0.00040095724792605275,
  "eval_plan_path": "runs\\cost_function_sweep\\trpo\\a-2p2_96d05b98\\seed_1\\plans\\iter_000005_control_plan.npz",
  "eval_time_ns": 180.0,
  "gamma": 1.5707963267948966,
  "iteration": 5,
  "robustness": {
    "sigma_1p0": {
      "average_fidelity": 0.9141260368331473,
      "average_gate_fidelity": 0.8926575460414342,
      "fidelity_variance": 0.001733524319982429,
      "num_samples": 60,
      "sigma_mhz": 1.0
    }
  }
}