{
  "alpha": 2.2,
  "eval_cost": 1.0852104917569922,
  "eval_fidelity": 0.9193351923788178,
  "eval_leakage": 0.00019543888528340546,
  "eval_plan_path": "runs\\cost_function_sweep\\trpo\\a-2p2_54944bbb\\seed_1\\plans\\iter_000002_control_plan.npz",
  "eval_time_ns": 180.0,
  "gamma": 1.5707963267948966,
  "iteration": 2,
  "robustness": {
    "sigma_1p0": {
      "average_fidelity": 0.8889988250610819,
      "average_gate_fidelity": 0.8612485313263524,
      "fidelity_variance": 0.001842378786516487,
      "num_samples": 60,
      "sigma_mhz": 1.0
    }
  }
}