{
  "alpha": 2.2,
  "eval_cost": 0.5236973072084651,
  "eval_fidelity": 0.9648936642722027,
  "eval_leakage": 0.0002809422290314479,
  "eval_plan_path": "runs\\cost_function_sweep\\trpo\\a-2p2_54944bbb\\seed_1\\plans\\iter_000003_control_plan.npz",
  "eval_time_ns": 180.0,
  "gamma": 1.5707963267948966,
  "iteration": 3,
  "robustness": {
    "sigma_1p0": {
      "average_fidelity": 0.9172631450854773,
      "average_gate_fidelity": 0.896578931356847,
      "fidelity_variance": 0.001449203658360065,
      "num_samples": 60,
      "sigma_mhz": 1.0
    }
  }
}