{
  "alpha": 2.2,
  "eval_cost": 2.6563559018455583,
  "eval_fidelity": 0.7609453914285879,
  "eval_leakage": 0.00011912046036254152,
  "eval_plan_path": "runs\\cost_function_sweep\\trpo\\a-2p2_54944bbb\\seed_1\\plans\\iter_000001_control_plan.npz",
  "eval_time_ns": 180.0,
  "gamma": 1.5707963267948966,
  "iteration": 1,
  "robustness": {
    "sigma_1p0": {
      "average_fidelity": 0.7725985901214333,
      "average_gate_fidelity": 0.7157482376517917,
      "fidelity_variance": 0.0047065221742075645,
      "num_samples": 60,
      "sigma_mhz": 1.0
    }
  }
}