{
  "alpha": 0.3,
  "best_horizon_ns": 80.0,
  "gamma": 1.5707963267948966,
  "robustness": {
    "sigma_1p0": {
      "average_fidelity": 0.9684050585873778,
      "average_gate_fidelity": 0.9605063232342221,
      "fidelity_variance": 0.00018514575727986634,
      "num_samples": 60,
      "sigma_mhz": 1.0
    }
  }
}