{
  "alpha": 3.1,
  "best_cost": 0.7287795796909186,
  "best_fidelity": 0.9399607934285177,
  "best_horizon_ns": 70.0,
  "best_leakage": 0.0004621518942719844,
  "control_plan": "runs/adam_runtime_sweep\\gamma_1.570796\\alpha_3.100000\\best_control_plan.npz",
  "gamma": 1.5707963267948966,
  "robustness_path": "runs/adam_runtime_sweep\\gamma_1.570796\\alpha_3.100000\\robustness\\best_robustness.json",
  "robustness_sigma_1p0_average_fidelity": 0.9377015729985916,
  "robustness_sigma_1p0_average_gate_fidelity": 0.9221269662482395,
  "robustness_sigma_1p0_fidelity_variance": 0.00034117788578033327,
  "runtime_ns": 70.0
}