{
  "alpha": 2.1,
  "best_horizon_ns": 60.0,
  "gamma": 1.5707963267948966,
  "robustness": {
    "sigma_1p0": {
      "average_fidelity": 0.9778313309833643,
      "average_gate_fidelity": 0.9722891637292056,
      "fidelity_variance": 0.00010439296471334439,
      "num_samples": 60,
      "sigma_mhz": 1.0
    }
  }
}