{
  "alpha": 2.2,
  "eval_cost": 0.5519195787978047,
  "eval_fidelity": 0.9629032671909664,
  "eval_leakage": 0.00020749360491191616,
  "eval_plan_path": "runs\\cost_function_sweep\\trpo\\a-2p2_54944bbb\\seed_2\\plans\\iter_000004_control_plan.npz",
  "eval_time_ns": 180.0,
  "gamma": 1.5707963267948966,
  "iteration": 4,
  "robustness": {
    "sigma_1p0": {
      "average_fidelity": 0.9217905817024241,
      "average_gate_fidelity": 0.9022382271280301,
      "fidelity_variance": 0.0015571626089166796,
      "num_samples": 60,
      "sigma_mhz": 1.0
    }
  }
}