{
  "alpha": 2.2,
  "eval_cost": 0.7180726288090795,
  "eval_fidelity": 0.9833274137435537,
  "eval_leakage": 0.0001912378072977551,
  "eval_plan_path": "runs\\cost_function_sweep\\trpo\\a-2p2_ac356795\\seed_1\\plans\\iter_000002_control_plan.npz",
  "eval_time_ns": 180.0,
  "gamma": 1.5707963267948966,
  "iteration": 2,
  "robustness": {
    "sigma_1p0": {
      "average_fidelity": 0.9365898340362272,
      "average_gate_fidelity": 0.9207372925452845,
      "fidelity_variance": 0.0008668282109625901,
      "num_samples": 60,
      "sigma_mhz": 1.0
    }
  }
}