{
  "alpha": 2.2,
  "eval_cost": 4.218437002161677,
  "eval_fidelity": 0.8063573479224511,
  "eval_leakage": 0.00012058043934886934,
  "eval_plan_path": "runs\\cost_function_sweep\\trpo\\a-2p2_ac356795\\seed_1\\plans\\iter_000001_control_plan.npz",
  "eval_time_ns": 180.0,
  "gamma": 1.5707963267948966,
  "iteration": 1,
  "robustness": {
    "sigma_1p0": {
      "average_fidelity": 0.8066044405581316,
      "average_gate_fidelity": 0.7582555506976648,
      "fidelity_variance": 0.004223411671151999,
      "num_samples": 60,
      "sigma_mhz": 1.0
    }
  }
}