{
  "alpha": 2.2,
  "eval_cost": 1.701860395467615,
  "eval_fidelity": 0.9305565656119515,
  "eval_leakage": 0.0005192624173364791,
  "eval_plan_path": "runs\\cost_function_sweep\\trpo\\a-2p2_ac356795\\seed_1\\plans\\iter_000005_control_plan.npz",
  "eval_time_ns": 180.0,
  "gamma": 1.5707963267948966,
  "iteration": 5,
  "robustness": {
    "sigma_1p0": {
      "average_fidelity": 0.8968566664659505,
      "average_gate_fidelity": 0.871070833082438,
      "fidelity_variance": 0.002170480537582377,
      "num_samples": 60,
      "sigma_mhz": 1.0
    }
  }
}