{
  "alpha": 2.2,
  "eval_cost": 0.3805717941619375,
  "eval_fidelity": 0.9864650104192877,
  "eval_leakage": 0.0004716300720172758,
  "eval_plan_path": "runs\\nn_size_sweep\\trpo\\a-2p2_014f7348\\seed_3\\plans\\iter_000015_control_plan.npz",
  "eval_time_ns": 104.0,
  "gamma": 1.5707963267948966,
  "iteration": 15,
  "robustness": {
    "sigma_1p0": {
      "average_fidelity": 0.958047185314888,
      "average_gate_fidelity": 0.9475589816436096,
      "fidelity_variance": 0.0006144966674770283,
      "num_samples": 60,
      "sigma_mhz": 1.0
    }
  }
}