{
  "alpha": 2.2,
  "eval_cost": 0.3765392283970122,
  "eval_fidelity": 0.9852790904260333,
  "eval_leakage": 0.000526854033097198,
  "eval_plan_path": "runs\\nn_size_sweep\\trpo\\a-2p2_014f7348\\seed_3\\plans\\iter_000017_control_plan.npz",
  "eval_time_ns": 104.0,
  "gamma": 1.5707963267948966,
  "iteration": 17,
  "robustness": {
    "sigma_1p0": {
      "average_fidelity": 0.9582383074011445,
      "average_gate_fidelity": 0.9477978842514305,
      "fidelity_variance": 0.00048550569059176054,
      "num_samples": 60,
      "sigma_mhz": 1.0
    }
  }
}