{
  "alpha": 2.2,
  "eval_cost": 0.3899834672707098,
  "eval_fidelity": 0.9973483998407823,
  "eval_leakage": 0.0002281555373868947,
  "eval_plan_path": "runs\\nn_size_sweep\\trpo\\a-2p2_014f7348\\seed_3\\plans\\iter_000005_control_plan.npz",
  "eval_time_ns": 128.0,
  "gamma": 1.5707963267948966,
  "iteration": 5,
  "robustness": {
    "sigma_1p0": {
      "average_fidelity": 0.960230953942342,
      "average_gate_fidelity": 0.9502886924279277,
      "fidelity_variance": 0.00025333777962072596,
      "num_samples": 60,
      "sigma_mhz": 1.0
    }
  }
}