{
  "alpha": 2.2,
  "eval_cost": 0.366511431052542,
  "eval_fidelity": 0.9951559092180962,
  "eval_leakage": 0.0002578333161190568,
  "eval_plan_path": "runs\\nn_size_sweep\\trpo\\a-2p2_014f7348\\seed_3\\plans\\iter_000007_control_plan.npz",
  "eval_time_ns": 116.0,
  "gamma": 1.5707963267948966,
  "iteration": 7,
  "robustness": {
    "sigma_1p0": {
      "average_fidelity": 0.962091377318659,
      "average_gate_fidelity": 0.9526142216483237,
      "fidelity_variance": 0.00036196778062991454,
      "num_samples": 60,
      "sigma_mhz": 1.0
    }
  }
}