{
  "alpha": 2.2,
  "eval_cost": 0.37378706503028436,
  "eval_fidelity": 0.9899503755017454,
  "eval_leakage": 0.0004741579236984157,
  "eval_plan_path": "runs\\nn_size_sweep\\trpo\\a-2p2_014f7348\\seed_3\\plans\\iter_000014_control_plan.npz",
  "eval_time_ns": 106.0,
  "gamma": 1.5707963267948966,
  "iteration": 14,
  "robustness": {
    "sigma_1p0": {
      "average_fidelity": 0.9625038312479411,
      "average_gate_fidelity": 0.9531297890599262,
      "fidelity_variance": 0.0004566171453411966,
      "num_samples": 60,
      "sigma_mhz": 1.0
    }
  }
}