{
  "alpha": 2.2,
  "eval_cost": 0.3763544905709535,
  "eval_fidelity": 0.9905141324625577,
  "eval_leakage": 0.00039614286541203483,
  "eval_plan_path": "runs\\nn_size_sweep\\trpo\\a-2p2_014f7348\\seed_3\\plans\\iter_000012_control_plan.npz",
  "eval_time_ns": 106.0,
  "gamma": 1.5707963267948966,
  "iteration": 12,
  "robustness": {
    "sigma_1p0": {
      "average_fidelity": 0.9602876000326503,
      "average_gate_fidelity": 0.950359500040813,
      "fidelity_variance": 0.0003598106296120464,
      "num_samples": 60,
      "sigma_mhz": 1.0
    }
  }
}