{
  "alpha": 2.2,
  "eval_cost": 0.38569319829720294,
  "eval_fidelity": 0.9838536105770291,
  "eval_leakage": 0.0005356640582453086,
  "eval_plan_path": "runs\\nn_size_sweep\\trpo\\a-2p2_014f7348\\seed_3\\plans\\iter_000018_control_plan.npz",
  "eval_time_ns": 104.0,
  "gamma": 1.5707963267948966,
  "iteration": 18,
  "robustness": {
    "sigma_1p0": {
      "average_fidelity": 0.9576874743499059,
      "average_gate_fidelity": 0.9471093429373822,
      "fidelity_variance": 0.0004686059432947009,
      "num_samples": 60,
      "sigma_mhz": 1.0
    }
  }
}