{
  "alpha": 2.2,
  "eval_cost": 0.3837209542487555,
  "eval_fidelity": 0.9909065805621207,
  "eval_leakage": 0.000387008278777997,
  "eval_plan_path": "runs\\nn_size_sweep\\trpo\\a-2p2_014f7348\\seed_3\\plans\\iter_000011_control_plan.npz",
  "eval_time_ns": 108.0,
  "gamma": 1.5707963267948966,
  "iteration": 11,
  "robustness": {
    "sigma_1p0": {
      "average_fidelity": 0.9636383541927458,
      "average_gate_fidelity": 0.9545479427409325,
      "fidelity_variance": 0.00026417711252723426,
      "num_samples": 60,
      "sigma_mhz": 1.0
    }
  }
}