{
  "alpha": 2.2,
  "eval_cost": 1.6697483361789027,
  "eval_fidelity": 0.8726256725838135,
  "eval_leakage": 0.00011771565157014732,
  "eval_plan_path": "runs\\nn_size_sweep\\trpo\\a-2p2_014f7348\\seed_3\\plans\\iter_000001_control_plan.npz",
  "eval_time_ns": 180.0,
  "gamma": 1.5707963267948966,
  "iteration": 1,
  "robustness": {
    "sigma_1p0": {
      "average_fidelity": 0.857181404496264,
      "average_gate_fidelity": 0.8214767556203298,
      "fidelity_variance": 0.002951935244486272,
      "num_samples": 60,
      "sigma_mhz": 1.0
    }
  }
}