{
  "alpha": 2.2,
  "eval_cost": 0.388121840920984,
  "eval_fidelity": 0.9971930918601263,
  "eval_leakage": 0.00019269377421595856,
  "eval_plan_path": "runs\\nn_size_sweep\\trpo\\a-2p2_014f7348\\seed_3\\plans\\iter_000003_control_plan.npz",
  "eval_time_ns": 152.0,
  "gamma": 1.5707963267948966,
  "iteration": 3,
  "robustness": {
    "sigma_1p0": {
      "average_fidelity": 0.9557915538647921,
      "average_gate_fidelity": 0.9447394423309898,
      "fidelity_variance": 0.0003047076992182755,
      "num_samples": 60,
      "sigma_mhz": 1.0
    }
  }
}