{
  "alpha": 2.2,
  "eval_cost": 0.3952777102166293,
  "eval_fidelity": 0.99803847776261,
  "eval_leakage": 0.00023198951701997863,
  "eval_plan_path": "runs\\nn_size_sweep\\trpo\\a-2p2_014f7348\\seed_3\\plans\\iter_000006_control_plan.npz",
  "eval_time_ns": 120.0,
  "gamma": 1.5707963267948966,
  "iteration": 6,
  "robustness": {
    "sigma_1p0": {
      "average_fidelity": 0.9642342985808035,
      "average_gate_fidelity": 0.9552928732260042,
      "fidelity_variance": 0.00019678033024048768,
      "num_samples": 60,
      "sigma_mhz": 1.0
    }
  }
}