{
  "alpha": 2.2,
  "eval_cost": 0.38727640339560776,
  "eval_fidelity": 0.9979355982425073,
  "eval_leakage": 0.00021313061922130516,
  "eval_plan_path": "runs\\nn_size_sweep\\trpo\\a-2p2_014f7348\\seed_3\\plans\\iter_000004_control_plan.npz",
  "eval_time_ns": 136.0,
  "gamma": 1.5707963267948966,
  "iteration": 4,
  "robustness": {
    "sigma_1p0": {
      "average_fidelity": 0.9615418537737641,
      "average_gate_fidelity": 0.9519273172172051,
      "fidelity_variance": 0.00033785963244010867,
      "num_samples": 60,
      "sigma_mhz": 1.0
    }
  }
}