{
  "alpha": 2.2,
  "eval_cost": 0.39803456614421384,
  "eval_fidelity": 0.9843963393625653,
  "eval_leakage": 0.000493249730769386,
  "eval_plan_path": "runs\\nn_size_sweep\\trpo\\a-2p2_014f7348\\seed_3\\plans\\iter_000016_control_plan.npz",
  "eval_time_ns": 102.0,
  "gamma": 1.5707963267948966,
  "iteration": 16,
  "robustness": {
    "sigma_1p0": {
      "average_fidelity": 0.9595715540126776,
      "average_gate_fidelity": 0.949464442515847,
      "fidelity_variance": 0.00040084445252695094,
      "num_samples": 60,
      "sigma_mhz": 1.0
    }
  }
}