{
  "alpha": 2.2,
  "eval_cost": 0.568952264362903,
  "eval_fidelity": 0.9515345873375345,
  "eval_leakage": 0.00019147044983121715,
  "eval_plan_path": "runs\\cost_function_sweep\\trpo\\a-2p2_ba3552fe\\seed_2\\plans\\iter_000003_control_plan.npz",
  "eval_time_ns": 180.0,
  "gamma": 1.5707963267948966,
  "iteration": 3,
  "robustness": {
    "sigma_1p0": {
      "average_fidelity": 0.9066160009395038,
      "average_gate_fidelity": 0.8832700011743798,
      "fidelity_variance": 0.0017851176231133714,
      "num_samples": 60,
      "sigma_mhz": 1.0
    }
  }
}