{
  "alpha": 2.2,
  "eval_cost": 0.394127197360329,
  "eval_fidelity": 0.9931247468566267,
  "eval_leakage": 0.00035378809680453705,
  "eval_plan_path": "runs\\nn_size_sweep\\trpo\\a-2p2_8e86bfe6\\seed_3\\plans\\iter_000015_control_plan.npz",
  "eval_time_ns": 106.0,
  "gamma": 1.5707963267948966,
  "iteration": 15,
  "robustness": {
    "sigma_1p0": {
      "average_fidelity": 0.9629852384222728,
      "average_gate_fidelity": 0.9537315480278409,
      "fidelity_variance": 0.0005386935071140703,
      "num_samples": 60,
      "sigma_mhz": 1.0
    }
  }
}