{
  "alpha": 2.2,
  "eval_cost": 0.486168070133759,
  "eval_fidelity": 0.9895803555489637,
  "eval_leakage": 0.00024163625961258145,
  "eval_plan_path": "runs\\nn_size_sweep\\trpo\\a-2p2_8e86bfe6\\seed_3\\plans\\iter_000003_control_plan.npz",
  "eval_time_ns": 180.0,
  "gamma": 1.5707963267948966,
  "iteration": 3,
  "robustness": {
    "sigma_1p0": {
      "average_fidelity": 0.9397132637730471,
      "average_gate_fidelity": 0.9246415797163084,
      "fidelity_variance": 0.0006695285926077722,
      "num_samples": 60,
      "sigma_mhz": 1.0
    }
  }
}