{
  "alpha": 2.2,
  "eval_cost": 0.3877113380327556,
  "eval_fidelity": 0.9910562043613239,
  "eval_leakage": 0.0003725646625376142,
  "eval_plan_path": "runs\\nn_size_sweep\\trpo\\a-2p2_8e86bfe6\\seed_3\\plans\\iter_000018_control_plan.npz",
  "eval_time_ns": 104.0,
  "gamma": 1.5707963267948966,
  "iteration": 18,
  "robustness": {
    "sigma_1p0": {
      "average_fidelity": 0.9642946633379049,
      "average_gate_fidelity": 0.9553683291723811,
      "fidelity_variance": 0.0003423425264673212,
      "num_samples": 60,
      "sigma_mhz": 1.0
    }
  }
}