{
  "alpha": 2.2,
  "eval_cost": 0.3760690279387363,
  "eval_fidelity": 0.9953192508793431,
  "eval_leakage": 0.0003121878090859671,
  "eval_plan_path": "runs\\nn_size_sweep\\trpo\\a-2p2_8e86bfe6\\seed_3\\plans\\iter_000007_control_plan.npz",
  "eval_time_ns": 126.0,
  "gamma": 1.5707963267948966,
  "iteration": 7,
  "robustness": {
    "sigma_1p0": {
      "average_fidelity": 0.9574299168217953,
      "average_gate_fidelity": 0.9467873960272442,
      "fidelity_variance": 0.00036360491668679587,
      "num_samples": 60,
      "sigma_mhz": 1.0
    }
  }
}