{
  "alpha": 2.2,
  "eval_cost": 0.35924042616025076,
  "eval_fidelity": 0.9944437474940564,
  "eval_leakage": 0.000375695471130405,
  "eval_plan_path": "runs\\nn_size_sweep\\trpo\\a-2p2_8e86bfe6\\seed_3\\plans\\iter_000012_control_plan.npz",
  "eval_time_ns": 110.0,
  "gamma": 1.5707963267948966,
  "iteration": 12,
  "robustness": {
    "sigma_1p0": {
      "average_fidelity": 0.9625923243225056,
      "average_gate_fidelity": 0.9532404054031319,
      "fidelity_variance": 0.00029861500639433104,
      "num_samples": 60,
      "sigma_mhz": 1.0
    }
  }
}