{
  "alpha": 2.2,
  "eval_cost": 0.3688828772481765,
  "eval_fidelity": 0.9934033504004712,
  "eval_leakage": 0.000354284986797497,
  "eval_plan_path": "runs\\nn_size_sweep\\trpo\\a-2p2_8e86bfe6\\seed_3\\plans\\iter_000016_control_plan.npz",
  "eval_time_ns": 106.0,
  "gamma": 1.5707963267948966,
  "iteration": 16,
  "robustness": {
    "sigma_1p0": {
      "average_fidelity": 0.9634489513105917,
      "average_gate_fidelity": 0.9543111891382396,
      "fidelity_variance": 0.0003587251779441759,
      "num_samples": 60,
      "sigma_mhz": 1.0
    }
  }
}