{
  "alpha": 2.2,
  "eval_cost": 0.39896883883727297,
  "eval_fidelity": 0.9958480457707874,
  "eval_leakage": 0.0002670191916139186,
  "eval_plan_path": "runs\\nn_size_sweep\\trpo\\a-2p2_8e86bfe6\\seed_3\\plans\\iter_000004_control_plan.npz",
  "eval_time_ns": 162.0,
  "gamma": 1.5707963267948966,
  "iteration": 4,
  "robustness": {
    "sigma_1p0": {
      "average_fidelity": 0.9515704694254503,
      "average_gate_fidelity": 0.9394630867818127,
      "fidelity_variance": 0.0004464971432120693,
      "num_samples": 60,
      "sigma_mhz": 1.0
    }
  }
}