{
  "alpha": 2.2,
  "eval_cost": 0.35834952169824386,
  "eval_fidelity": 0.9927909726406138,
  "eval_leakage": 0.0003855762984236786,
  "eval_plan_path": "runs\\nn_size_sweep\\trpo\\a-2p2_8e86bfe6\\seed_3\\plans\\iter_000019_control_plan.npz",
  "eval_time_ns": 104.0,
  "gamma": 1.5707963267948966,
  "iteration": 19,
  "robustness": {
    "sigma_1p0": {
      "average_fidelity": 0.9641267095756968,
      "average_gate_fidelity": 0.9551583869696209,
      "fidelity_variance": 0.00028129881180206603,
      "num_samples": 60,
      "sigma_mhz": 1.0
    }
  }
}