{
  "alpha": 2.2,
  "eval_cost": 0.38026930846112095,
  "eval_fidelity": 0.996378426960128,
  "eval_leakage": 0.00033535886645863814,
  "eval_plan_path": "runs\\nn_size_sweep\\trpo\\a-2p2_8e86bfe6\\seed_3\\plans\\iter_000011_control_plan.npz",
  "eval_time_ns": 110.0,
  "gamma": 1.5707963267948966,
  "iteration": 11,
  "robustness": {
    "sigma_1p0": {
      "average_fidelity": 0.9650778710780765,
      "average_gate_fidelity": 0.9563473388475957,
      "fidelity_variance": 0.00029274243077486654,
      "num_samples": 60,
      "sigma_mhz": 1.0
    }
  }
}