{
  "alpha": 2.2,
  "eval_cost": 0.39518605192908485,
  "eval_fidelity": 0.9975171438168186,
  "eval_leakage": 0.0002736086373578031,
  "eval_plan_path": "runs\\nn_size_sweep\\trpo\\a-2p2_8e86bfe6\\seed_3\\plans\\iter_000005_control_plan.npz",
  "eval_time_ns": 144.0,
  "gamma": 1.5707963267948966,
  "iteration": 5,
  "robustness": {
    "sigma_1p0": {
      "average_fidelity": 0.9543995676578052,
      "average_gate_fidelity": 0.9429994595722563,
      "fidelity_variance": 0.0003726157022214344,
      "num_samples": 60,
      "sigma_mhz": 1.0
    }
  }
}