{
  "alpha": 2.2,
  "eval_cost": 0.38401143823697403,
  "eval_fidelity": 0.9947955269151275,
  "eval_leakage": 0.0003737287197534504,
  "eval_plan_path": "runs\\nn_size_sweep\\trpo\\a-2p2_8e86bfe6\\seed_3\\plans\\iter_000013_control_plan.npz",
  "eval_time_ns": 108.0,
  "gamma": 1.5707963267948966,
  "iteration": 13,
  "robustness": {
    "sigma_1p0": {
      "average_fidelity": 0.9652735229175449,
      "average_gate_fidelity": 0.956591903646931,
      "fidelity_variance": 0.0003747481043569998,
      "num_samples": 60,
      "sigma_mhz": 1.0
    }
  }
}