{
  "alpha": 2.2,
  "eval_cost": 0.38722086346864226,
  "eval_fidelity": 0.9952424534917527,
  "eval_leakage": 0.000339881139097597,
  "eval_plan_path": "runs\\nn_size_sweep\\trpo\\a-2p2_8e86bfe6\\seed_3\\plans\\iter_000008_control_plan.npz",
  "eval_time_ns": 120.0,
  "gamma": 1.5707963267948966,
  "iteration": 8,
  "robustness": {
    "sigma_1p0": {
      "average_fidelity": 0.9598639411722545,
      "average_gate_fidelity": 0.9498299264653179,
      "fidelity_variance": 0.0002753891814270952,
      "num_samples": 60,
      "sigma_mhz": 1.0
    }
  }
}