{
  "alpha": 2.2,
  "eval_cost": 1.082776264338471,
  "eval_fidelity": 0.9348048196772286,
  "eval_leakage": 0.0001963587029946114,
  "eval_plan_path": "runs\\nn_size_sweep\\trpo\\a-2p2_8e86bfe6\\seed_3\\plans\\iter_000002_control_plan.npz",
  "eval_time_ns": 180.0,
  "gamma": 1.5707963267948966,
  "iteration": 2,
  "robustness": {
    "sigma_1p0": {
      "average_fidelity": 0.897713038441915,
      "average_gate_fidelity": 0.8721412980523937,
      "fidelity_variance": 0.0013684684477862587,
      "num_samples": 60,
      "sigma_mhz": 1.0
    }
  }
}