{
  "alpha": 2.2,
  "eval_cost": 0.3865121110821604,
  "eval_fidelity": 0.994998454838135,
  "eval_leakage": 0.000302828551365144,
  "eval_plan_path": "runs\\nn_size_sweep\\trpo\\a-2p2_8e86bfe6\\seed_3\\plans\\iter_000006_control_plan.npz",
  "eval_time_ns": 134.0,
  "gamma": 1.5707963267948966,
  "iteration": 6,
  "robustness": {
    "sigma_1p0": {
      "average_fidelity": 0.95722964401635,
      "average_gate_fidelity": 0.9465370550204374,
      "fidelity_variance": 0.0004523111596184961,
      "num_samples": 60,
      "sigma_mhz": 1.0
    }
  }
}