{
  "alpha": 2.2,
  "eval_cost": 0.3615900367382371,
  "eval_fidelity": 0.9919640389955882,
  "eval_leakage": 0.0003914230649012521,
  "eval_plan_path": "runs\\nn_size_sweep\\trpo\\a-2p2_8e86bfe6\\seed_3\\plans\\iter_000020_control_plan.npz",
  "eval_time_ns": 104.0,
  "gamma": 1.5707963267948966,
  "iteration": 20,
  "robustness": {
    "sigma_1p0": {
      "average_fidelity": 0.9666944471351959,
      "average_gate_fidelity": 0.9583680589189948,
      "fidelity_variance": 0.0001923777665086232,
      "num_samples": 60,
      "sigma_mhz": 1.0
    }
  }
}