{
  "alpha": 2.2,
  "eval_cost": 0.39575602068980087,
  "eval_fidelity": 0.9957208183199008,
  "eval_leakage": 0.00032468439457991464,
  "eval_plan_path": "runs\\nn_size_sweep\\trpo\\a-2p2_8e86bfe6\\seed_3\\plans\\iter_000010_control_plan.npz",
  "eval_time_ns": 112.0,
  "gamma": 1.5707963267948966,
  "iteration": 10,
  "robustness": {
    "sigma_1p0": {
      "average_fidelity": 0.9625961985487157,
      "average_gate_fidelity": 0.9532452481858947,
      "fidelity_variance": 0.0004048397647335517,
      "num_samples": 60,
      "sigma_mhz": 1.0
    }
  }
}