{
  "alpha": 2.2,
  "eval_cost": 2.955321386821101,
  "eval_fidelity": 0.7404113852558437,
  "eval_leakage": 0.00013744732396757273,
  "eval_plan_path": "runs\\nn_size_sweep\\trpo\\a-2p2_8e86bfe6\\seed_3\\plans\\iter_000001_control_plan.npz",
  "eval_time_ns": 180.0,
  "gamma": 1.5707963267948966,
  "iteration": 1,
  "robustness": {
    "sigma_1p0": {
      "average_fidelity": 0.7598584818339982,
      "average_gate_fidelity": 0.6998231022924979,
      "fidelity_variance": 0.004455524748283921,
      "num_samples": 60,
      "sigma_mhz": 1.0
    }
  }
}