{
  "alpha": 2.2,
  "eval_cost": 0.3744593734939104,
  "eval_fidelity": 0.996408687546496,
  "eval_leakage": 0.00033572816184915087,
  "eval_plan_path": "runs\\nn_size_sweep\\trpo\\a-2p2_8e86bfe6\\seed_3\\plans\\iter_000009_control_plan.npz",
  "eval_time_ns": 116.0,
  "gamma": 1.5707963267948966,
  "iteration": 9,
  "robustness": {
    "sigma_1p0": {
      "average_fidelity": 0.9596287581873661,
      "average_gate_fidelity": 0.9495359477342078,
      "fidelity_variance": 0.0004141159999875193,
      "num_samples": 60,
      "sigma_mhz": 1.0
    }
  }
}