{
  "alpha": 2.2,
  "eval_cost": 0.7386109316823596,
  "eval_fidelity": 0.9779503823082554,
  "eval_leakage": 0.00019311911879094388,
  "eval_plan_path": "runs\\cost_function_sweep\\trpo\\a-2p2_6b6606af\\seed_1\\plans\\iter_000002_control_plan.npz",
  "eval_time_ns": 180.0,
  "gamma": 1.5707963267948966,
  "iteration": 2,
  "robustness": {
    "sigma_1p0": {
      "average_fidelity": 0.9326004486070416,
      "average_gate_fidelity": 0.9157505607588019,
      "fidelity_variance": 0.0009473974221292766,
      "num_samples": 60,
      "sigma_mhz": 1.0
    }
  }
}