{
  "alpha": 2.2,
  "eval_cost": 0.7182848274897817,
  "eval_fidelity": 0.9723078639538235,
  "eval_leakage": 0.0004092710587119735,
  "eval_plan_path": "runs\\cost_function_sweep\\trpo\\a-2p2_6b6606af\\seed_1\\plans\\iter_000004_control_plan.npz",
  "eval_time_ns": 180.0,
  "gamma": 1.5707963267948966,
  "iteration": 4,
  "robustness": {
    "sigma_1p0": {
      "average_fidelity": 0.9295351665659144,
      "average_gate_fidelity": 0.9119189582073927,
      "fidelity_variance": 0.001216650522874585,
      "num_samples": 60,
      "sigma_mhz": 1.0
    }
  }
}