{
  "alpha": 2.2,
  "eval_cost": 0.3782809370642183,
  "eval_fidelity": 0.9956937091828632,
  "eval_leakage": 0.00028861261970625587,
  "eval_plan_path": "runs\\nn_size_sweep\\trpo\\a-2p2_a04d7360\\seed_3\\plans\\iter_000013_control_plan.npz",
  "eval_time_ns": 110.0,
  "gamma": 1.5707963267948966,
  "iteration": 13,
  "robustness": {
    "sigma_1p0": {
      "average_fidelity": 0.9641136801568788,
      "average_gate_fidelity": 0.9551421001960984,
      "fidelity_variance": 0.0003308769017856342,
      "num_samples": 60,
      "sigma_mhz": 1.0
    }
  }
}