{
  "alpha": 2.2,
  "eval_cost": 0.3825347832918271,
  "eval_fidelity": 0.9932723433893013,
  "eval_leakage": 0.00027987065098834677,
  "eval_plan_path": "runs\\nn_size_sweep\\trpo\\a-2p2_a04d7360\\seed_3\\plans\\iter_000012_control_plan.npz",
  "eval_time_ns": 112.0,
  "gamma": 1.5707963267948966,
  "iteration": 12,
  "robustness": {
    "sigma_1p0": {
      "average_fidelity": 0.9621312796187088,
      "average_gate_fidelity": 0.9526640995233857,
      "fidelity_variance": 0.0002785848519753094,
      "num_samples": 60,
      "sigma_mhz": 1.0
    }
  }
}