{
  "alpha": 2.2,
  "eval_cost": 0.36617444983277125,
  "eval_fidelity": 0.9937782191266987,
  "eval_leakage": 0.00033206566030241397,
  "eval_plan_path": "runs\\nn_size_sweep\\trpo\\a-2p2_a04d7360\\seed_3\\plans\\iter_000016_control_plan.npz",
  "eval_time_ns": 106.0,
  "gamma": 1.5707963267948966,
  "iteration": 16,
  "robustness": {
    "sigma_1p0": {
      "average_fidelity": 0.9633427018853333,
      "average_gate_fidelity": 0.9541783773566663,
      "fidelity_variance": 0.00035017260285218884,
      "num_samples": 60,
      "sigma_mhz": 1.0
    }
  }
}