{
  "alpha": 2.2,
  "eval_cost": 0.38331996546200753,
  "eval_fidelity": 0.9944631664330915,
  "eval_leakage": 0.00026488138670056026,
  "eval_plan_path": "runs\\nn_size_sweep\\trpo\\a-2p2_a04d7360\\seed_3\\plans\\iter_000010_control_plan.npz",
  "eval_time_ns": 116.0,
  "gamma": 1.5707963267948966,
  "iteration": 10,
  "robustness": {
    "sigma_1p0": {
      "average_fidelity": 0.9612778850724099,
      "average_gate_fidelity": 0.9515973563405121,
      "fidelity_variance": 0.000250132143138686,
      "num_samples": 60,
      "sigma_mhz": 1.0
    }
  }
}