{
  "alpha": 2.2,
  "eval_cost": 3.0444722651991842,
  "eval_fidelity": 0.7298144806998242,
  "eval_leakage": 0.0001225157862496216,
  "eval_plan_path": "runs\\nn_size_sweep\\trpo\\a-2p2_a04d7360\\seed_3\\plans\\iter_000001_control_plan.npz",
  "eval_time_ns": 180.0,
  "gamma": 1.5707963267948966,
  "iteration": 1,
  "robustness": {
    "sigma_1p0": {
      "average_fidelity": 0.7524428016144475,
      "average_gate_fidelity": 0.6905535020180591,
      "fidelity_variance": 0.004557378722510643,
      "num_samples": 60,
      "sigma_mhz": 1.0
    }
  }
}