{
  "alpha": 2.2,
  "eval_cost": 0.3898645311165897,
  "eval_fidelity": 0.998456396107615,
  "eval_leakage": 0.00021805078891702268,
  "eval_plan_path": "runs\\nn_size_sweep\\trpo\\a-2p2_a04d7360\\seed_3\\plans\\iter_000005_control_plan.npz",
  "eval_time_ns": 148.0,
  "gamma": 1.5707963267948966,
  "iteration": 5,
  "robustness": {
    "sigma_1p0": {
      "average_fidelity": 0.9557993879000334,
      "average_gate_fidelity": 0.9447492348750419,
      "fidelity_variance": 0.0004403780587889444,
      "num_samples": 60,
      "sigma_mhz": 1.0
    }
  }
}