{
  "alpha": 2.2,
  "eval_cost": 0.384744212609999,
  "eval_fidelity": 0.9946858779002146,
  "eval_leakage": 0.00031268215964441737,
  "eval_plan_path": "runs\\nn_size_sweep\\trpo\\a-2p2_a04d7360\\seed_3\\plans\\iter_000014_control_plan.npz",
  "eval_time_ns": 108.0,
  "gamma": 1.5707963267948966,
  "iteration": 14,
  "robustness": {
    "sigma_1p0": {
      "average_fidelity": 0.965139123411732,
      "average_gate_fidelity": 0.9564239042646651,
      "fidelity_variance": 0.00023493450922848637,
      "num_samples": 60,
      "sigma_mhz": 1.0
    }
  }
}