{
  "alpha": 2.2,
  "eval_cost": 0.3980797578021481,
  "eval_fidelity": 0.9954878810849419,
  "eval_leakage": 0.00025461899371212866,
  "eval_plan_path": "runs\\nn_size_sweep\\trpo\\a-2p2_a04d7360\\seed_3\\plans\\iter_000009_control_plan.npz",
  "eval_time_ns": 118.0,
  "gamma": 1.5707963267948966,
  "iteration": 9,
  "robustness": {
    "sigma_1p0": {
      "average_fidelity": 0.9576507805391661,
      "average_gate_fidelity": 0.9470634756739577,
      "fidelity_variance": 0.0005335316850193116,
      "num_samples": 60,
      "sigma_mhz": 1.0
    }
  }
}