{
  "alpha": 2.2,
  "eval_cost": 0.4660431654955618,
  "eval_fidelity": 0.9937586000278513,
  "eval_leakage": 0.00015149155571402324,
  "eval_plan_path": "runs\\nn_size_sweep\\trpo\\a-2p2_a04d7360\\seed_3\\plans\\iter_000003_control_plan.npz",
  "eval_time_ns": 180.0,
  "gamma": 1.5707963267948966,
  "iteration": 3,
  "robustness": {
    "sigma_1p0": {
      "average_fidelity": 0.9445358125061075,
      "average_gate_fidelity": 0.9306697656326345,
      "fidelity_variance": 0.0005629285021652542,
      "num_samples": 60,
      "sigma_mhz": 1.0
    }
  }
}