{
  "alpha": 2.2,
  "eval_cost": 0.38958535983546916,
  "eval_fidelity": 0.9961644441430995,
  "eval_leakage": 0.000210286462689381,
  "eval_plan_path": "runs\\nn_size_sweep\\trpo\\a-2p2_a04d7360\\seed_3\\plans\\iter_000007_control_plan.npz",
  "eval_time_ns": 128.0,
  "gamma": 1.5707963267948966,
  "iteration": 7,
  "robustness": {
    "sigma_1p0": {
      "average_fidelity": 0.9583068584412333,
      "average_gate_fidelity": 0.9478835730515416,
      "fidelity_variance": 0.00034918429612477986,
      "num_samples": 60,
      "sigma_mhz": 1.0
    }
  }
}