{
  "alpha": 2.2,
  "eval_cost": 0.3977040931962925,
  "eval_fidelity": 0.9958113652805654,
  "eval_leakage": 0.00023553861095721056,
  "eval_plan_path": "runs\\nn_size_sweep\\trpo\\a-2p2_a04d7360\\seed_3\\plans\\iter_000008_control_plan.npz",
  "eval_time_ns": 122.0,
  "gamma": 1.5707963267948966,
  "iteration": 8,
  "robustness": {
    "sigma_1p0": {
      "average_fidelity": 0.9597473747191828,
      "average_gate_fidelity": 0.9496842183989783,
      "fidelity_variance": 0.00037186571633289456,
      "num_samples": 60,
      "sigma_mhz": 1.0
    }
  }
}