{
  "alpha": 2.2,
  "eval_cost": 0.39341063154705713,
  "eval_fidelity": 0.9914570033379511,
  "eval_leakage": 0.0003682301031418542,
  "eval_plan_path": "runs\\nn_size_sweep\\trpo\\a-2p2_a04d7360\\seed_3\\plans\\iter_000020_control_plan.npz",
  "eval_time_ns": 102.0,
  "gamma": 1.5707963267948966,
  "iteration": 20,
  "robustness": {
    "sigma_1p0": {
      "average_fidelity": 0.9661253453716294,
      "average_gate_fidelity": 0.9576566817145368,
      "fidelity_variance": 0.00019327581062667575,
      "num_samples": 60,
      "sigma_mhz": 1.0
    }
  }
}