{
  "alpha": 2.2,
  "eval_cost": 0.3945010281326577,
  "eval_fidelity": 0.993197406187497,
  "eval_leakage": 0.00026438922488404337,
  "eval_plan_path": "runs\\nn_size_sweep\\trpo\\a-2p2_a04d7360\\seed_3\\plans\\iter_000011_control_plan.npz",
  "eval_time_ns": 114.0,
  "gamma": 1.5707963267948966,
  "iteration": 11,
  "robustness": {
    "sigma_1p0": {
      "average_fidelity": 0.9618149493947213,
      "average_gate_fidelity": 0.9522686867434015,
      "fidelity_variance": 0.000332014967759164,
      "num_samples": 60,
      "sigma_mhz": 1.0
    }
  }
}