{
  "alpha": 2.2,
  "eval_cost": 0.3943792190167495,
  "eval_fidelity": 0.993093251680959,
  "eval_leakage": 0.0003487503068001118,
  "eval_plan_path": "runs\\nn_size_sweep\\trpo\\a-2p2_a04d7360\\seed_3\\plans\\iter_000017_control_plan.npz",
  "eval_time_ns": 104.0,
  "gamma": 1.5707963267948966,
  "iteration": 17,
  "robustness": {
    "sigma_1p0": {
      "average_fidelity": 0.9629675521508368,
      "average_gate_fidelity": 0.9537094401885458,
      "fidelity_variance": 0.00039345166118551076,
      "num_samples": 60,
      "sigma_mhz": 1.0
    }
  }
}