{
  "alpha": 2.2,
  "eval_cost": 0.3921168044939526,
  "eval_fidelity": 0.9983001920359409,
  "eval_leakage": 0.00018193429301873384,
  "eval_plan_path": "runs\\nn_size_sweep\\trpo\\a-2p2_a04d7360\\seed_3\\plans\\iter_000004_control_plan.npz",
  "eval_time_ns": 162.0,
  "gamma": 1.5707963267948966,
  "iteration": 4,
  "robustness": {
    "sigma_1p0": {
      "average_fidelity": 0.9538020878531969,
      "average_gate_fidelity": 0.9422526098164961,
      "fidelity_variance": 0.0004712141205765321,
      "num_samples": 60,
      "sigma_mhz": 1.0
    }
  }
}