{
  "alpha": 2.2,
  "eval_cost": 0.3951932461726621,
  "eval_fidelity": 0.9814408504176215,
  "eval_leakage": 0.0005980749123353638,
  "eval_plan_path": "runs\\nn_size_sweep\\trpo\\a-2p2_014f7348\\seed_2\\plans\\iter_000019_control_plan.npz",
  "eval_time_ns": 102.0,
  "gamma": 1.5707963267948966,
  "iteration": 19,
  "robustness": {
    "sigma_1p0": {
      "average_fidelity": 0.9560839692032845,
      "average_gate_fidelity": 0.9451049615041056,
      "fidelity_variance": 0.0003702721013673182,
      "num_samples": 60,
      "sigma_mhz": 1.0
    }
  }
}