{
  "alpha": 2.2,
  "eval_cost": 0.3710841114847868,
  "eval_fidelity": 0.9855149113623939,
  "eval_leakage": 0.0004641937104365106,
  "eval_plan_path": "runs\\nn_size_sweep\\trpo\\a-2p2_014f7348\\seed_2\\plans\\iter_000014_control_plan.npz",
  "eval_time_ns": 104.0,
  "gamma": 1.5707963267948966,
  "iteration": 14,
  "robustness": {
    "sigma_1p0": {
      "average_fidelity": 0.9583462008155937,
      "average_gate_fidelity": 0.947932751019492,
      "fidelity_variance": 0.0003963179731836053,
      "num_samples": 60,
      "sigma_mhz": 1.0
    }
  }
}