{
  "alpha": 2.2,
  "eval_cost": 0.3838621527149083,
  "eval_fidelity": 0.989810539556717,
  "eval_leakage": 0.0003694187572073778,
  "eval_plan_path": "runs\\nn_size_sweep\\trpo\\a-2p2_014f7348\\seed_2\\plans\\iter_000007_control_plan.npz",
  "eval_time_ns": 114.0,
  "gamma": 1.5707963267948966,
  "iteration": 7,
  "robustness": {
    "sigma_1p0": {
      "average_fidelity": 0.9586359726695446,
      "average_gate_fidelity": 0.9482949658369307,
      "fidelity_variance": 0.0003820678533449255,
      "num_samples": 60,
      "sigma_mhz": 1.0
    }
  }
}