{
  "alpha": 2.2,
  "eval_cost": 0.38217708809311357,
  "eval_fidelity": 0.9835462536222882,
  "eval_leakage": 0.0005558063005403185,
  "eval_plan_path": "runs\\nn_size_sweep\\trpo\\a-2p2_014f7348\\seed_2\\plans\\iter_000017_control_plan.npz",
  "eval_time_ns": 102.0,
  "gamma": 1.5707963267948966,
  "iteration": 17,
  "robustness": {
    "sigma_1p0": {
      "average_fidelity": 0.9564659211016576,
      "average_gate_fidelity": 0.9455824013770722,
      "fidelity_variance": 0.0004941117258994969,
      "num_samples": 60,
      "sigma_mhz": 1.0
    }
  }
}