{
  "alpha": 2.2,
  "eval_cost": 0.3850558294981252,
  "eval_fidelity": 0.9981142243019839,
  "eval_leakage": 0.00030656331389666814,
  "eval_plan_path": "runs\\nn_size_sweep\\trpo\\a-2p2_014f7348\\seed_2\\plans\\iter_000004_control_plan.npz",
  "eval_time_ns": 138.0,
  "gamma": 1.5707963267948966,
  "iteration": 4,
  "robustness": {
    "sigma_1p0": {
      "average_fidelity": 0.9608598432730187,
      "average_gate_fidelity": 0.9510748040912735,
      "fidelity_variance": 0.0002842646208306909,
      "num_samples": 60,
      "sigma_mhz": 1.0
    }
  }
}