{
  "alpha": 2.2,
  "eval_cost": 0.3946099869364242,
  "eval_fidelity": 0.993302520865302,
  "eval_leakage": 0.00036204705018263143,
  "eval_plan_path": "runs\\nn_size_sweep\\trpo\\a-2p2_014f7348\\seed_2\\plans\\iter_000006_control_plan.npz",
  "eval_time_ns": 118.0,
  "gamma": 1.5707963267948966,
  "iteration": 6,
  "robustness": {
    "sigma_1p0": {
      "average_fidelity": 0.9602589222480784,
      "average_gate_fidelity": 0.950323652810098,
      "fidelity_variance": 0.00028417936079689737,
      "num_samples": 60,
      "sigma_mhz": 1.0
    }
  }
}