{
  "alpha": 2.2,
  "eval_cost": 0.38603874037493874,
  "eval_fidelity": 0.9867372204329716,
  "eval_leakage": 0.0005175770524324995,
  "eval_plan_path": "runs\\nn_size_sweep\\trpo\\a-2p2_014f7348\\seed_2\\plans\\iter_000016_control_plan.npz",
  "eval_time_ns": 100.0,
  "gamma": 1.5707963267948966,
  "iteration": 16,
  "robustness": {
    "sigma_1p0": {
      "average_fidelity": 0.9605282054375138,
      "average_gate_fidelity": 0.9506602567968924,
      "fidelity_variance": 0.0004137091115040361,
      "num_samples": 60,
      "sigma_mhz": 1.0
    }
  }
}