{
  "alpha": 2.2,
  "eval_cost": 0.398565681113359,
  "eval_fidelity": 0.9906591222594872,
  "eval_leakage": 0.0003374833636483269,
  "eval_plan_path": "runs\\nn_size_sweep\\trpo\\a-2p2_014f7348\\seed_2\\plans\\iter_000009_control_plan.npz",
  "eval_time_ns": 106.0,
  "gamma": 1.5707963267948966,
  "iteration": 9,
  "robustness": {
    "sigma_1p0": {
      "average_fidelity": 0.9592808581434357,
      "average_gate_fidelity": 0.9491010726792944,
      "fidelity_variance": 0.000325925903900098,
      "num_samples": 60,
      "sigma_mhz": 1.0
    }
  }
}