{
  "alpha": 2.2,
  "eval_cost": 0.3790027885010752,
  "eval_fidelity": 0.9911732034009865,
  "eval_leakage": 0.00041012103430272646,
  "eval_plan_path": "runs\\nn_size_sweep\\trpo\\a-2p2_014f7348\\seed_2\\plans\\iter_000012_control_plan.npz",
  "eval_time_ns": 102.0,
  "gamma": 1.5707963267948966,
  "iteration": 12,
  "robustness": {
    "sigma_1p0": {
      "average_fidelity": 0.9620552772338975,
      "average_gate_fidelity": 0.9525690965423722,
      "fidelity_variance": 0.0003063346640233002,
      "num_samples": 60,
      "sigma_mhz": 1.0
    }
  }
}