{
  "alpha": 2.2,
  "eval_cost": 0.3892243268354808,
  "eval_fidelity": 0.9879399229708824,
  "eval_leakage": 0.0004413622117164172,
  "eval_plan_path": "runs\\nn_size_sweep\\trpo\\a-2p2_014f7348\\seed_2\\plans\\iter_000013_control_plan.npz",
  "eval_time_ns": 102.0,
  "gamma": 1.5707963267948966,
  "iteration": 13,
  "robustness": {
    "sigma_1p0": {
      "average_fidelity": 0.960877186071247,
      "average_gate_fidelity": 0.9510964825890585,
      "fidelity_variance": 0.00040310756758457747,
      "num_samples": 60,
      "sigma_mhz": 1.0
    }
  }
}