{
  "alpha": 2.2,
  "eval_cost": 0.37239859376644835,
  "eval_fidelity": 0.9848671309566375,
  "eval_leakage": 0.0006343038661357877,
  "eval_plan_path": "runs\\nn_size_sweep\\trpo\\a-2p2_014f7348\\seed_2\\plans\\iter_000020_control_plan.npz",
  "eval_time_ns": 102.0,
  "gamma": 1.5707963267948966,
  "iteration": 20,
  "robustness": {
    "sigma_1p0": {
      "average_fidelity": 0.9607742800843209,
      "average_gate_fidelity": 0.9509678501054013,
      "fidelity_variance": 0.0003284876068884967,
      "num_samples": 60,
      "sigma_mhz": 1.0
    }
  }
}