{
  "alpha": 2.2,
  "eval_cost": 0.39028727813226083,
  "eval_fidelity": 0.9854669971892354,
  "eval_leakage": 0.0004585724622961427,
  "eval_plan_path": "runs\\nn_size_sweep\\trpo\\a-2p2_014f7348\\seed_2\\plans\\iter_000015_control_plan.npz",
  "eval_time_ns": 100.0,
  "gamma": 1.5707963267948966,
  "iteration": 15,
  "robustness": {
    "sigma_1p0": {
      "average_fidelity": 0.9635260118640844,
      "average_gate_fidelity": 0.9544075148301053,
      "fidelity_variance": 0.00039467772919457323,
      "num_samples": 60,
      "sigma_mhz": 1.0
    }
  }
}