{
  "alpha": 2.2,
  "eval_cost": 0.3942954309290237,
  "eval_fidelity": 0.9900197368967801,
  "eval_leakage": 0.00038585165192745634,
  "eval_plan_path": "runs\\nn_size_sweep\\trpo\\a-2p2_014f7348\\seed_2\\plans\\iter_000008_control_plan.npz",
  "eval_time_ns": 110.0,
  "gamma": 1.5707963267948966,
  "iteration": 8,
  "robustness": {
    "sigma_1p0": {
      "average_fidelity": 0.9633203476641633,
      "average_gate_fidelity": 0.954150434580204,
      "fidelity_variance": 0.0003510951865106995,
      "num_samples": 60,
      "sigma_mhz": 1.0
    }
  }
}