{
  "alpha": 2.2,
  "eval_cost": 0.3966430057049616,
  "eval_fidelity": 0.9802219357617585,
  "eval_leakage": 0.0005517402604088321,
  "eval_plan_path": "runs\\nn_size_sweep\\trpo\\a-2p2_014f7348\\seed_2\\plans\\iter_000018_control_plan.npz",
  "eval_time_ns": 104.0,
  "gamma": 1.5707963267948966,
  "iteration": 18,
  "robustness": {
    "sigma_1p0": {
      "average_fidelity": 0.9535738299951458,
      "average_gate_fidelity": 0.9419672874939321,
      "fidelity_variance": 0.0004340768346220999,
      "num_samples": 60,
      "sigma_mhz": 1.0
    }
  }
}