{
  "alpha": 2.2,
  "eval_cost": 0.375096990880206,
  "eval_fidelity": 0.991388512925463,
  "eval_leakage": 0.0003960448628738398,
  "eval_plan_path": "runs\\nn_size_sweep\\trpo\\a-2p2_014f7348\\seed_2\\plans\\iter_000011_control_plan.npz",
  "eval_time_ns": 104.0,
  "gamma": 1.5707963267948966,
  "iteration": 11,
  "robustness": {
    "sigma_1p0": {
      "average_fidelity": 0.9607562404344248,
      "average_gate_fidelity": 0.9509453005430307,
      "fidelity_variance": 0.000451334336467832,
      "num_samples": 60,
      "sigma_mhz": 1.0
    }
  }
}