{
  "alpha": 2.2,
  "eval_cost": 0.39990243000898584,
  "eval_fidelity": 0.9956288231101086,
  "eval_leakage": 0.0002442577495012607,
  "eval_plan_path": "runs\\nn_size_sweep\\trpo\\a-2p2_014f7348\\seed_2\\plans\\iter_000003_control_plan.npz",
  "eval_time_ns": 162.0,
  "gamma": 1.5707963267948966,
  "iteration": 3,
  "robustness": {
    "sigma_1p0": {
      "average_fidelity": 0.9488731066620911,
      "average_gate_fidelity": 0.936091383327614,
      "fidelity_variance": 0.0004594433904641601,
      "num_samples": 60,
      "sigma_mhz": 1.0
    }
  }
}