{
  "alpha": 2.2,
  "eval_cost": 0.5144864218950016,
  "eval_fidelity": 0.9947778986065915,
  "eval_leakage": 0.00022037177682633958,
  "eval_plan_path": "runs\\nn_size_sweep\\trpo\\a-2p2_014f7348\\seed_2\\plans\\iter_000002_control_plan.npz",
  "eval_time_ns": 180.0,
  "gamma": 1.5707963267948966,
  "iteration": 2,
  "robustness": {
    "sigma_1p0": {
      "average_fidelity": 0.9435669085545568,
      "average_gate_fidelity": 0.929458635693196,
      "fidelity_variance": 0.0006040640065261624,
      "num_samples": 60,
      "sigma_mhz": 1.0
    }
  }
}