{
  "alpha": 2.2,
  "eval_cost": 2.3157647178189125,
  "eval_fidelity": 0.8064261226383976,
  "eval_leakage": 0.00011817319487280777,
  "eval_plan_path": "runs\\nn_size_sweep\\trpo\\a-2p2_014f7348\\seed_2\\plans\\iter_000001_control_plan.npz",
  "eval_time_ns": 180.0,
  "gamma": 1.5707963267948966,
  "iteration": 1,
  "robustness": {
    "sigma_1p0": {
      "average_fidelity": 0.8097705698055772,
      "average_gate_fidelity": 0.7622132122569714,
      "fidelity_variance": 0.002904045667578404,
      "num_samples": 60,
      "sigma_mhz": 1.0
    }
  }
}