{
  "alpha": 2.2,
  "eval_cost": 1.7449738476696932,
  "eval_fidelity": 0.9268038179949459,
  "eval_leakage": 0.001230624026288045,
  "eval_plan_path": "runs\\nn_size_sweep\\trpo\\a-2p2_d1318b1f\\seed_1\\plans\\iter_000003_control_plan.npz",
  "eval_time_ns": 600.0,
  "gamma": 1.5707963267948966,
  "iteration": 3,
  "robustness": {
    "sigma_1p0": {
      "average_fidelity": 0.7949419803578897,
      "average_gate_fidelity": 0.7436774754473621,
      "fidelity_variance": 0.005748873518690055,
      "num_samples": 60,
      "sigma_mhz": 1.0
    }
  }
}