{
  "alpha": 2.2,
  "eval_cost": 1.4743051253163377,
  "eval_fidelity": 0.9541333781556992,
  "eval_leakage": 0.001445476455984892,
  "eval_plan_path": "runs\\nn_size_sweep\\trpo\\a-2p2_d1318b1f\\seed_1\\plans\\iter_000004_control_plan.npz",
  "eval_time_ns": 600.0,
  "gamma": 1.5707963267948966,
  "iteration": 4,
  "robustness": {
    "sigma_1p0": {
      "average_fidelity": 0.8121960417016774,
      "average_gate_fidelity": 0.7652450521270967,
      "fidelity_variance": 0.007262827709397709,
      "num_samples": 60,
      "sigma_mhz": 1.0
    }
  }
}