{
  "adam_iters": 400,
  "alpha": 2.2,
  "best_horizon_ns": 60.0,
  "cost_weights": {
    "beta": 10.0,
    "chi": 10.0,
    "kappa": 0.1,
    "mu": 0.2
  },
  "dt_ns": 2.0,
  "gamma": 1.5707963267948966,
  "horizons_ns": [
    40.0,
    50.0,
    60.0,
    70.0,
    80.0,
    90.0,
    100.0,
    110.0,
    120.0,
    130.0,
    140.0,
    150.0,
    160.0,
    170.0,
    180.0
  ],
  "lr": 0.03,
  "max_time_ns": 180.0,
  "nominal_boundary_cost": 0.09747245064748501,
  "nominal_cost": 0.38063865817222853,
  "nominal_fidelity": 0.9820504068885064,
  "nominal_leakage": 0.00036702764098077466,
  "nominal_leakage_boundary": 2.3049979173682914e-05,
  "nominal_leakage_integral": 0.00034397766180709174,
  "nominal_time_cost": 0.1,
  "nominal_time_ns": 60.0,
  "objective_cost": 1.9690290848199021,
  "per_horizon": [
    {
      "elapsed_seconds": 58.4,
      "horizon_ns": 40.0,
      "nominal_boundary_cost": 0.39914757503063786,
      "nominal_cost": 3.2147335565428024,
      "nominal_fidelity": 0.7255361814879608,
      "nominal_leakage": 0.00042811297251058543,
      "nominal_leakage_boundary": 6.713325924048754e-05,
      "nominal_leakage_integral": 0.00036097971327009787,
      "nominal_time_cost": 0.06666666666666667,
      "nominal_time_ns": 40.0,
      "optimizer_cost": 3.6716287935373577
    },
    {
      "elapsed_seconds": 58.08,
      "horizon_ns": 50.0,
      "nominal_boundary_cost": 0.3566860920692541,
      "nominal_cost": 1.62516378265671,
      "nominal_fidelity": 0.8818353565020522,
      "nominal_leakage": 0.00034979222746451985,
      "nominal_leakage_boundary": 3.850527890999812e-05,
      "nominal_leakage_integral": 0.00031128694855452174,
      "nominal_time_cost": 0.08333333333333334,
      "nominal_time_ns": 50.0,
      "optimizer_cost": 2.5754641240393714
    },
    {
      "elapsed_seconds": 66.16,
      "horizon_ns": 60.0,
      "nominal_boundary_cost": 0.09747245064748501,
      "nominal_cost": 0.38063865817222853,
      "nominal_fidelity": 0.9820504068885064,
      "nominal_leakage": 0.00036702764098077466,
      "nominal_leakage_boundary": 2.3049979173682914e-05,
      "nominal_leakage_integral": 0.00034397766180709174,
      "nominal_time_cost": 0.1,
      "nominal_time_ns": 60.0,
      "optimizer_cost": 1.9690290848199021
    },
    {
      "elapsed_seconds": 100.61,
      "horizon_ns": 70.0,
      "nominal_boundary_cost": 0.00428073705555595,
      "nominal_cost": 0.15757516180133957,
      "nominal_fidelity": 0.9966196279490417,
      "nominal_leakage": 0.0002824037569533796,
      "nominal_leakage_boundary": 2.0843177999595864e-05,
      "nominal_leakage_integral": 0.00026156057895378377,
      "nominal_time_cost": 0.11666666666666668,
      "nominal_time_ns": 70.0,
      "optimizer_cost": 2.2038899139276356
    },
    {
      "elapsed_seconds": 77.74,
      "horizon_ns": 80.0,
      "nominal_boundary_cost": 0.01468622611823183,
      "nominal_cost": 0.24242813466035965,
      "nominal_fidelity": 0.9907281799796491,
      "nominal_leakage": 0.0001690375005285734,
      "nominal_leakage_boundary": 1.9791103293898345e-05,
      "nominal_leakage_integral": 0.00014924639723467505,
      "nominal_time_cost": 0.13333333333333333,
      "nominal_time_ns": 80.0,
      "optimizer_cost": 2.439383303603359
    },
    {
      "elapsed_seconds": 111.2,
      "horizon_ns": 90.0,
      "nominal_boundary_cost": 0.009142264484612703,
      "nominal_cost": 0.2055942619384842,
      "nominal_fidelity": 0.9955162782794031,
      "nominal_leakage": 0.00016147802479029203,
      "nominal_leakage_boundary": 1.9680268015356963e-05,
      "nominal_leakage_integral": 0.00014179775677493507,
      "nominal_time_cost": 0.15000000000000002,
      "nominal_time_ns": 90.0,
      "optimizer_cost": 2.830707535477966
    },
    {
      "elapsed_seconds": 123.82,
      "horizon_ns": 100.0,
      "nominal_boundary_cost": 0.00707373165769416,
      "nominal_cost": 0.25450039841351046,
      "nominal_fidelity": 0.9921056581485395,
      "nominal_leakage": 0.00018165815745442449,
      "nominal_leakage_boundary": 3.054426252124592e-05,
      "nominal_leakage_integral": 0.00015111389493317856,
      "nominal_time_cost": 0.16666666666666669,
      "nominal_time_ns": 100.0,
      "optimizer_cost": 3.227033811595745
    },
    {
      "elapsed_seconds": 118.11,
      "horizon_ns": 110.0,
      "nominal_boundary_cost": 0.02607693072044878,
      "nominal_cost": 0.2963810700856191,
      "nominal_fidelity": 0.9914042062385217,
      "nominal_leakage": 0.00010128684170535521,
      "nominal_leakage_boundary": 1.5080862300351262e-05,
      "nominal_leakage_integral": 8.620597940500395e-05,
      "nominal_time_cost": 0.18333333333333335,
      "nominal_time_ns": 110.0,
      "optimizer_cost": 3.619669819401228
    },
    {
      "elapsed_seconds": 129.11,
      "horizon_ns": 120.0,
      "nominal_boundary_cost": 0.03594810290849353,
      "nominal_cost": 0.33460056115579806,
      "nominal_fidelity": 0.9902287794749688,
      "nominal_leakage": 9.402529969923781e-05,
      "nominal_leakage_boundary": 1.5081848999068514e-05,
      "nominal_leakage_integral": 7.894345070016929e-05,
      "nominal_time_cost": 0.2,
      "nominal_time_ns": 120.0,
      "optimizer_cost": 4.21649103106764
    },
    {
      "elapsed_seconds": 150.04,
      "horizon_ns": 130.0,
      "nominal_boundary_cost": 0.06336811131392338,
      "nominal_cost": 0.3448132452924869,
      "nominal_fidelity": 0.9936034533898129,
      "nominal_leakage": 8.13001210026144e-05,
      "nominal_leakage_boundary": 1.663933444365214e-05,
      "nominal_leakage_integral": 6.466078655896227e-05,
      "nominal_time_cost": 0.21666666666666667,
      "nominal_time_ns": 130.0,
      "optimizer_cost": 4.335489071659822
    },
    {
      "elapsed_seconds": 160.15,
      "horizon_ns": 140.0,
      "nominal_boundary_cost": 0.05154868688753797,
      "nominal_cost": 0.5551921242093926,
      "nominal_fidelity": 0.9730400784567976,
      "nominal_leakage": 7.108885564974522e-05,
      "nominal_leakage_boundary": 1.418523651036418e-05,
      "nominal_leakage_integral": 5.690361913938105e-05,
      "nominal_time_cost": 0.23333333333333336,
      "nominal_time_ns": 140.0,
      "optimizer_cost": 4.854475152145735
    },
    {
      "elapsed_seconds": 171.39,
      "horizon_ns": 150.0,
      "nominal_boundary_cost": 0.005212436226356824,
      "nominal_cost": 0.2850629980606206,
      "nominal_fidelity": 0.9970831039982396,
      "nominal_leakage": 6.816018166600158e-05,
      "nominal_leakage_boundary": 1.4466081479471675e-05,
      "nominal_leakage_integral": 5.3694100186529894e-05,
      "nominal_time_cost": 0.25,
      "nominal_time_ns": 150.0,
      "optimizer_cost": 5.241296132236689
    },
    {
      "elapsed_seconds": 190.65,
      "horizon_ns": 160.0,
      "nominal_boundary_cost": 0.023080498865746,
      "nominal_cost": 0.6882155001947259,
      "nominal_fidelity": 0.9602722031574856,
      "nominal_leakage": 0.00011903662371694443,
      "nominal_leakage_boundary": 2.3418296840633215e-05,
      "nominal_leakage_integral": 9.561832687631122e-05,
      "nominal_time_cost": 0.26666666666666666,
      "nominal_time_ns": 160.0,
      "optimizer_cost": 5.744134906645276
    },
    {
      "elapsed_seconds": 201.98,
      "horizon_ns": 170.0,
      "nominal_boundary_cost": 0.013077284101414491,
      "nominal_cost": 0.5195091126340098,
      "nominal_fidelity": 0.9778278296805799,
      "nominal_leakage": 0.00013767920050609763,
      "nominal_leakage_boundary": 1.1302957725279988e-05,
      "nominal_leakage_integral": 0.00012637624278081765,
      "nominal_time_cost": 0.2833333333333334,
      "nominal_time_ns": 170.0,
      "optimizer_cost": 6.034563762782043
    },
    {
      "elapsed_seconds": 197.64,
      "horizon_ns": 180.0,
      "nominal_boundary_cost": 0.005441088637890069,
      "nominal_cost": 0.410248229876098,
      "nominal_fidelity": 0.9896186226868879,
      "nominal_leakage": 9.933681070872968e-05,