{
  "alpha": 2.2,
  "eval_cost": 1.1674733178995353,
  "eval_fidelity": 0.9723662170376304,
  "eval_leakage": 0.00040967333105280934,
  "eval_plan_path": "runs\\cost_function_sweep\\trpo\\a-2p2_36adba28\\seed_1\\plans\\iter_000004_control_plan.npz",
  "eval_time_ns": 180.0,
  "gamma": 1.5707963267948966,
  "iteration": 4,
  "robustness": {
    "sigma_1p0": {
      "average_fidelity": 0.9295769871223725,
      "average_gate_fidelity": 0.9119712339029654,
      "fidelity_variance": 0.0012151158432017297,
      "num_samples": 60,
      "sigma_mhz": 1.0
    }
  }
}