{
  "alpha": 1.9,
  "best_horizon_ns": 40.0,
  "gamma": 1.5707963267948966,
  "robustness": {
    "sigma_1p0": {
      "average_fidelity": 0.9499516414456161,
      "average_gate_fidelity": 0.9374395518070199,
      "fidelity_variance": 0.00028131754751552224,
      "num_samples": 60,
      "sigma_mhz": 1.0
    }
  }
}