{
  "alpha": 2.2,
  "eval_cost": 0.3504094310139959,
  "eval_fidelity": 0.9984528962295096,
  "eval_leakage": 0.00048613140289110145,
  "eval_plan_path": "runs\\cost_function_sweep\\trpo\\a-2p2_470b266b\\seed_1\\plans\\iter_000005_control_plan.npz",
  "eval_time_ns": 180.0,
  "gamma": 1.5707963267948966,
  "iteration": 5,
  "robustness": {
    "sigma_1p0": {
      "average_fidelity": 0.9453673845639001,
      "average_gate_fidelity": 0.9317092307048751,
      "fidelity_variance": 0.0006387277501920726,
      "num_samples": 60,
      "sigma_mhz": 1.0
    }
  }
}