{
  "alpha": 2.2,
  "eval_cost": 0.8309507496948186,
  "eval_fidelity": 0.9583576086319574,
  "eval_leakage": 0.00019514415894236525,
  "eval_plan_path": "runs\\cost_function_sweep\\trpo\\a-2p2_470b266b\\seed_1\\plans\\iter_000002_control_plan.npz",
  "eval_time_ns": 180.0,
  "gamma": 1.5707963267948966,
  "iteration": 2,
  "robustness": {
    "sigma_1p0": {
      "average_fidelity": 0.9180335398497013,
      "average_gate_fidelity": 0.8975419248121265,
      "fidelity_variance": 0.00125714843415951,
      "num_samples": 60,
      "sigma_mhz": 1.0
    }
  }
}