{
  "alpha": 2.2,
  "eval_cost": 0.9478458570356805,
  "eval_fidelity": 0.970640038953842,
  "eval_leakage": 0.0001626238390392141,
  "eval_plan_path": "runs\\cost_function_sweep\\trpo\\a-2p2_ac356795\\seed_2\\plans\\iter_000002_control_plan.npz",
  "eval_time_ns": 180.0,
  "gamma": 1.5707963267948966,
  "iteration": 2,
  "robustness": {
    "sigma_1p0": {
      "average_fidelity": 0.924864552690919,
      "average_gate_fidelity": 0.9060806908636484,
      "fidelity_variance": 0.0010835201560106301,
      "num_samples": 60,
      "sigma_mhz": 1.0
    }
  }
}