{
  "alpha": 2.2,
  "eval_cost": 0.46495096058620666,
  "eval_fidelity": 0.9706765548742753,
  "eval_leakage": 0.0005197095998618024,
  "eval_plan_path": "runs\\cost_function_sweep\\trpo\\a-2p2_282ae2d7\\seed_1\\plans\\iter_000005_control_plan.npz",
  "eval_time_ns": 180.0,
  "gamma": 1.5707963267948966,
  "iteration": 5,
  "robustness": {
    "sigma_1p0": {
      "average_fidelity": 0.9252179527200197,
      "average_gate_fidelity": 0.9065224409000244,
      "fidelity_variance": 0.0013474460706117883,
      "num_samples": 60,
      "sigma_mhz": 1.0
    }
  }
}