{
  "alpha": 2.2,
  "eval_cost": 2.2539196233277488,
  "eval_fidelity": 0.7937906657366581,
  "eval_leakage": 0.00011918342009615377,
  "eval_plan_path": "runs\\cost_function_sweep\\trpo\\a-2p2_282ae2d7\\seed_1\\plans\\iter_000001_control_plan.npz",
  "eval_time_ns": 180.0,
  "gamma": 1.5707963267948966,
  "iteration": 1,
  "robustness": {
    "sigma_1p0": {
      "average_fidelity": 0.7972815484841697,
      "average_gate_fidelity": 0.7466019356052123,
      "fidelity_variance": 0.004355288426035797,
      "num_samples": 60,
      "sigma_mhz": 1.0
    }
  }
}