{
  "alpha": 0.785,
  "best_checkpoint": "runs\\runtime\\gamma_1.570796\\alpha_0.785000\\best_agent.pt",
  "best_cost": 0.9115168420918933,
  "best_fidelity": 0.9516506799785989,
  "best_leakage": 0.005932585167062247,
  "best_min_cost": 0.8372246330156966,
  "best_min_cost_time_ns": 144.0,
  "control_plan": "runs\\runtime\\gamma_1.570796\\alpha_0.785000\\best_control_plan.npz",
  "curriculum_checkpoint": "runs\\runtime\\gamma_1.570796\\curriculum_checkpoints\\after_alpha_0.785000.pt",
  "gamma": 1.5707963267948966,
  "iterations_used": 150.0,
  "last_checkpoint": "runs\\runtime\\gamma_1.570796\\alpha_0.785000\\last_agent.pt",
  "runtime_ns": 180.0,
  "train_avg_fidelity": 0.8408018711538064
}