{
  "alpha": 2.2,
  "eval_cost": 0.6318787323378792,
  "eval_fidelity": 0.9976397234551148,
  "eval_leakage": 0.0003968373010843897,
  "eval_plan_path": "runs\\cost_function_sweep\\trpo\\a-2p2_f4ba3980\\seed_1\\plans\\iter_000004_control_plan.npz",
  "eval_time_ns": 180.0,
  "gamma": 1.5707963267948966,
  "iteration": 4,
  "robustness": {
    "sigma_1p0": {
      "average_fidelity": 0.9473024863578937,
      "average_gate_fidelity": 0.9341281079473668,
      "fidelity_variance": 0.00048527309840980454,
      "num_samples": 60,
      "sigma_mhz": 1.0
    }
  }
}