{
  "alpha": 2.2,
  "eval_cost": 0.680493562143431,
  "eval_fidelity": 0.9973029232442222,
  "eval_leakage": 0.00028837630773673845,
  "eval_plan_path": "runs\\cost_function_sweep\\trpo\\a-2p2_f4ba3980\\seed_1\\plans\\iter_000003_control_plan.npz",
  "eval_time_ns": 180.0,
  "gamma": 1.5707963267948966,
  "iteration": 3,
  "robustness": {
    "sigma_1p0": {
      "average_fidelity": 0.9425496533697546,
      "average_gate_fidelity": 0.9281870667121931,
      "fidelity_variance": 0.0005671691514816631,
      "num_samples": 60,
      "sigma_mhz": 1.0
    }
  }
}