{
  "alpha": 2.2,
  "eval_cost": 1.1360171575424372,
  "eval_fidelity": 0.9578705436443772,
  "eval_leakage": 0.00019532311208344193,
  "eval_plan_path": "runs\\cost_function_sweep\\trpo\\a-2p2_f4ba3980\\seed_1\\plans\\iter_000002_control_plan.npz",
  "eval_time_ns": 180.0,
  "gamma": 1.5707963267948966,
  "iteration": 2,
  "robustness": {
    "sigma_1p0": {
      "average_fidelity": 0.9176691630690407,
      "average_gate_fidelity": 0.8970864538363005,
      "fidelity_variance": 0.0012653454417561097,
      "num_samples": 60,
      "sigma_mhz": 1.0
    }
  }
}