{
  "alpha": 2.2,
  "eval_cost": 1.2995036326212666,
  "eval_fidelity": 0.9873263663292994,
  "eval_leakage": 0.000227588035782851,
  "eval_plan_path": "runs\\cost_function_sweep\\trpo\\a-2p2__g-pi_2__kl-0p005__tc-0p15__std-m1p0__dt-2p0__mt-180p0__chi-5p0__beta-10p0__mu-0p1__kappa-0p4\\seed_2\\plans\\iter_000003_control_plan.npz",
  "eval_time_ns": 180.0,
  "gamma": 1.5707963267948966,
  "iteration": 3,
  "robustness": {
    "sigma_1p0": {
      "average_fidelity": 0.9351667325782635,
      "average_gate_fidelity": 0.9189584157228291,
      "fidelity_variance": 0.0009208897632247299,
      "num_samples": 60,
      "sigma_mhz": 1.0
    }
  }
}