{
  "alpha": 2.2,
  "eval_cost": 0.398333590500935,
  "eval_fidelity": 0.9853596550960031,
  "eval_leakage": 0.0012076242486901982,
  "eval_plan_path": "runs/trpo_nominal_alpha_2.2_gamma_pi2_10k_episodes_.4ct\\plans\\iter_000046_control_plan.npz",
  "eval_time_ns": 106.0,
  "gamma": 1.5707963267948966,
  "iteration": 46,
  "robustness": {
    "sigma_1p0": {
      "average_fidelity": 0.9542151777385851,
      "average_gate_fidelity": 0.942768972173231,
      "fidelity_variance": 0.00035236481436976425,
      "num_samples": 60,
      "sigma_mhz": 1.0
    }
  }
}