{
  "alpha": 2.2,
  "eval_cost": 2.1180889776363845,
  "eval_fidelity": 0.8207718419320901,
  "eval_leakage": 0.0010690438109287803,
  "eval_plan_path": "runs/trpo_nominal_alpha_2.2_gamma_pi2_10k_episodes_.4ct\\plans\\iter_000013_control_plan.npz",
  "eval_time_ns": 180.0,
  "gamma": 1.5707963267948966,
  "iteration": 13,
  "robustness": {
    "sigma_1p0": {
      "average_fidelity": 0.8205794841380755,
      "average_gate_fidelity": 0.7757243551725942,
      "fidelity_variance": 0.0027584659723426455,
      "num_samples": 60,
      "sigma_mhz": 1.0
    }
  }
}