{
  "alpha": 2.2,
  "eval_cost": 0.3912493773011254,
  "eval_fidelity": 0.9890446408573372,
  "eval_leakage": 0.0012553899399657452,
  "eval_plan_path": "runs/trpo_nominal_alpha_2.2_gamma_pi2_10k_episodes_.4ct\\plans\\iter_000094_control_plan.npz",
  "eval_time_ns": 92.0,
  "gamma": 1.5707963267948966,
  "iteration": 94,
  "robustness": {
    "sigma_1p0": {
      "average_fidelity": 0.9666347582791261,
      "average_gate_fidelity": 0.9582934478489078,
      "fidelity_variance": 0.00031697099892788184,
      "num_samples": 60,
      "sigma_mhz": 1.0
    }
  }
}