{
  "alpha": 2.2,
  "eval_cost": 0.3938667492828697,
  "eval_fidelity": 0.9869161241618414,
  "eval_leakage": 0.0015363213465438477,
  "eval_plan_path": "runs/trpo_nominal_alpha_2.2_gamma_pi2_10k_episodes_.4ct\\plans\\iter_000053_control_plan.npz",
  "eval_time_ns": 114.0,
  "gamma": 1.5707963267948966,
  "iteration": 53,
  "robustness": {
    "sigma_1p0": {
      "average_fidelity": 0.9568865363732542,
      "average_gate_fidelity": 0.9461081704665674,
      "fidelity_variance": 0.00043334476306340766,
      "num_samples": 60,
      "sigma_mhz": 1.0
    }
  }
}