{
  "alpha": 2.2,
  "eval_cost": 0.38552633419487814,
  "eval_fidelity": 0.986844149648529,
  "eval_leakage": 0.0012573464213345594,
  "eval_plan_path": "runs/trpo_nominal_alpha_2.2_gamma_pi2_10k_episodes_.4ct\\plans\\iter_000098_control_plan.npz",
  "eval_time_ns": 94.0,
  "gamma": 1.5707963267948966,
  "iteration": 98,
  "robustness": {
    "sigma_1p0": {
      "average_fidelity": 0.9649134582382435,
      "average_gate_fidelity": 0.9561418227978044,
      "fidelity_variance": 0.0002282947488990983,
      "num_samples": 60,
      "sigma_mhz": 1.0
    }
  }
}