{
  "alpha": 2.2,
  "eval_cost": 0.3986021781218576,
  "eval_fidelity": 0.9812698290285652,
  "eval_leakage": 0.0006990900502302966,
  "eval_plan_path": "runs/trpo_nominal_alpha_2.2_gamma_pi2_10k_episodes_.4ct\\plans\\iter_000019_control_plan.npz",
  "eval_time_ns": 94.0,
  "gamma": 1.5707963267948966,
  "iteration": 19,
  "robustness": {
    "sigma_1p0": {
      "average_fidelity": 0.9566465833412926,
      "average_gate_fidelity": 0.9458082291766158,
      "fidelity_variance": 0.0004140142207306909,
      "num_samples": 60,
      "sigma_mhz": 1.0
    }
  }
}