{
  "alpha": 2.2,
  "eval_cost": 0.39722595121333437,
  "eval_fidelity": 0.9853492135928004,
  "eval_leakage": 0.0014401575487796453,
  "eval_plan_path": "runs/trpo_nominal_alpha_2.2_gamma_pi2_10k_episodes_.4ct\\plans\\iter_000052_control_plan.npz",
  "eval_time_ns": 110.0,
  "gamma": 1.5707963267948966,
  "iteration": 52,
  "robustness": {
    "sigma_1p0": {
      "average_fidelity": 0.9549185965714827,
      "average_gate_fidelity": 0.9436482457143531,
      "fidelity_variance": 0.0003832477979775527,
      "num_samples": 60,
      "sigma_mhz": 1.0
    }
  }
}