{
  "alpha": 2.2,
  "eval_cost": 0.3859076310013399,
  "eval_fidelity": 0.985119655207929,
  "eval_leakage": 0.0010924085750238623,
  "eval_plan_path": "runs/trpo_nominal_alpha_2.2_gamma_pi2_10k_episodes_.4ct\\plans\\iter_000045_control_plan.npz",
  "eval_time_ns": 100.0,
  "gamma": 1.5707963267948966,
  "iteration": 45,
  "robustness": {
    "sigma_1p0": {
      "average_fidelity": 0.958954564387847,
      "average_gate_fidelity": 0.9486932054848087,
      "fidelity_variance": 0.00020179677836900187,
      "num_samples": 60,
      "sigma_mhz": 1.0
    }
  }
}