{
  "alpha": 2.2,
  "eval_cost": 0.399241392142623,
  "eval_fidelity": 0.98213328812129,
  "eval_leakage": 0.001014023338636162,
  "eval_plan_path": "runs/trpo_nominal_alpha_2.2_gamma_pi2_10k_episodes_.4ct\\plans\\iter_000036_control_plan.npz",
  "eval_time_ns": 100.0,
  "gamma": 1.5707963267948966,
  "iteration": 36,
  "robustness": {
    "sigma_1p0": {
      "average_fidelity": 0.953609047260634,
      "average_gate_fidelity": 0.9420113090757923,
      "fidelity_variance": 0.00044250222605901325,
      "num_samples": 60,
      "sigma_mhz": 1.0
    }
  }
}