{
  "alpha": 2.2,
  "eval_cost": 0.835464693147102,
  "eval_fidelity": 0.9871303812210901,
  "eval_leakage": 0.0014157050644375713,
  "eval_plan_path": "runs/trpo_nominal_alpha_2.2_gamma_pi2_10k_episodes_.4ct\\plans\\iter_000024_control_plan.npz",
  "eval_time_ns": 180.0,
  "gamma": 1.5707963267948966,
  "iteration": 24,
  "robustness": {
    "sigma_1p0": {
      "average_fidelity": 0.9423190989957058,
      "average_gate_fidelity": 0.927898873744632,
      "fidelity_variance": 0.0004935488280111714,
      "num_samples": 60,
      "sigma_mhz": 1.0
    }
  }
}