{
  "alpha": 2.2,
  "eval_cost": 0.39656623429258053,
  "eval_fidelity": 0.9833347416613336,
  "eval_leakage": 0.0012877632077675687,
  "eval_plan_path": "runs/trpo_nominal_alpha_2.2_gamma_pi2_10k_episodes_.4ct\\plans\\iter_000083_control_plan.npz",
  "eval_time_ns": 96.0,
  "gamma": 1.5707963267948966,
  "iteration": 83,
  "robustness": {
    "sigma_1p0": {
      "average_fidelity": 0.9619383875405177,
      "average_gate_fidelity": 0.9524229844256469,
      "fidelity_variance": 0.0003847743884011019,
      "num_samples": 60,
      "sigma_mhz": 1.0
    }
  }
}