{
  "alpha": 2.2,
  "eval_cost": 0.6116434969563779,
  "eval_fidelity": 0.9784866110490342,
  "eval_leakage": 0.0023782808157646125,
  "eval_plan_path": "runs\\nominal_clean\\plans\\iter_000104_control_plan.npz",
  "eval_time_ns": 180.0,
  "gamma": 1.5707963267948966,
  "iteration": 104,
  "robustness": {
    "sigma_1p0": {
      "average_fidelity": 0.9339273259439468,
      "average_gate_fidelity": 0.9174091574299333,
      "fidelity_variance": 0.0009100919092621117,
      "num_samples": 60,
      "sigma_mhz": 1.0
    }
  }
}