{
  "alpha": 2.2,
  "eval_cost": 0.38707534004908384,
  "eval_fidelity": 0.9876244817082783,
  "eval_leakage": 0.0012276234601425553,
  "eval_plan_path": "runs/trpo_nominal_alpha_2.2_gamma_pi2_10k_episodes_.4ct\\plans\\iter_000085_control_plan.npz",
  "eval_time_ns": 90.0,
  "gamma": 1.5707963267948966,
  "iteration": 85,
  "robustness": {
    "sigma_1p0": {
      "average_fidelity": 0.9632064514053744,
      "average_gate_fidelity": 0.9540080642567178,
      "fidelity_variance": 0.0003511553945206613,
      "num_samples": 60,
      "sigma_mhz": 1.0
    }
  }
}