{
  "alpha": 2.2,
  "eval_cost": 0.3910755367721597,
  "eval_fidelity": 0.9827163887796946,
  "eval_leakage": 0.0013745088646059133,
  "eval_plan_path": "runs/trpo_nominal_alpha_2.2_gamma_pi2_10k_episodes_.4ct\\plans\\iter_000089_control_plan.npz",
  "eval_time_ns": 100.0,
  "gamma": 1.5707963267948966,
  "iteration": 89,
  "robustness": {
    "sigma_1p0": {
      "average_fidelity": 0.9590399170142366,
      "average_gate_fidelity": 0.9487998962677958,
      "fidelity_variance": 0.0002902055545969151,
      "num_samples": 60,
      "sigma_mhz": 1.0
    }
  }
}