{
  "alpha": 2.2,
  "eval_cost": 0.4450749157585523,
  "eval_fidelity": 0.9929476585493668,
  "eval_leakage": 0.0022834845664820138,
  "eval_plan_path": "runs\\nominal_clean\\plans\\iter_000105_control_plan.npz",
  "eval_time_ns": 180.0,
  "gamma": 1.5707963267948966,
  "iteration": 105,
  "robustness": {
    "sigma_1p0": {
      "average_fidelity": 0.9468916040190106,
      "average_gate_fidelity": 0.9336145050237633,
      "fidelity_variance": 0.0005482718567560421,
      "num_samples": 60,
      "sigma_mhz": 1.0
    }
  }
}