{
  "alpha": 2.2,
  "eval_cost": 0.3841661760751518,
  "eval_fidelity": 0.9822231279859953,
  "eval_leakage": 0.0009209449766173775,
  "eval_plan_path": "runs/trpo_nominal_alpha_2.2_gamma_pi2_10k_episodes_.4ct\\plans\\iter_000026_control_plan.npz",
  "eval_time_ns": 98.0,
  "gamma": 1.5707963267948966,
  "iteration": 26,
  "robustness": {
    "sigma_1p0": {
      "average_fidelity": 0.956964440418619,
      "average_gate_fidelity": 0.9462055505232737,
      "fidelity_variance": 0.0006341754889293345,
      "num_samples": 60,
      "sigma_mhz": 1.0
    }
  }
}