{
  "alpha": 2.2,
  "eval_cost": 0.39656388980771146,
  "eval_fidelity": 0.9835977369020441,
  "eval_leakage": 0.0005495216582811979,
  "eval_plan_path": "runs/trpo_nominal_alpha_2.2_gamma_pi2_10k_episodes_.4ct\\plans\\iter_000011_control_plan.npz",
  "eval_time_ns": 98.0,
  "gamma": 1.5707963267948966,
  "iteration": 11,
  "robustness": {
    "sigma_1p0": {
      "average_fidelity": 0.9534063032249981,
      "average_gate_fidelity": 0.9417578790312474,
      "fidelity_variance": 0.0004946762950918693,
      "num_samples": 60,
      "sigma_mhz": 1.0
    }
  }
}