{
  "alpha": 2.2,
  "eval_cost": 0.38015737174266406,
  "eval_fidelity": 0.9974466793188352,
  "eval_leakage": 0.0022883810323881325,
  "eval_plan_path": "runs\\nominal_clean\\plans\\iter_000108_control_plan.npz",
  "eval_time_ns": 180.0,
  "gamma": 1.5707963267948966,
  "iteration": 108,
  "robustness": {
    "sigma_1p0": {
      "average_fidelity": 0.9479723780349399,
      "average_gate_fidelity": 0.9349654725436749,
      "fidelity_variance": 0.0006703340995769403,
      "num_samples": 60,
      "sigma_mhz": 1.0
    }
  }
}