{
  "alpha": 2.2,
  "eval_cost": 0.6931742410729493,
  "eval_fidelity": 0.9707716957348703,
  "eval_leakage": 0.002430574036560375,
  "eval_plan_path": "runs\\nominal_clean\\plans\\iter_000103_control_plan.npz",
  "eval_time_ns": 180.0,
  "gamma": 1.5707963267948966,
  "iteration": 103,
  "robustness": {
    "sigma_1p0": {
      "average_fidelity": 0.9284274255225053,
      "average_gate_fidelity": 0.9105342819031316,
      "fidelity_variance": 0.0007247220434993345,
      "num_samples": 60,
      "sigma_mhz": 1.0
    }
  }
}