{
  "alpha": 2.2,
  "eval_cost": 0.9613055418737015,
  "eval_fidelity": 0.8443363418140437,
  "eval_leakage": 0.00019035952390714165,
  "eval_plan_path": "runs\\cost_function_sweep\\trpo\\a-2p2_c4c500cd\\seed_2\\plans\\iter_000005_control_plan.npz",
  "eval_time_ns": 180.0,
  "gamma": 1.5707963267948966,
  "iteration": 5,
  "robustness": {
    "sigma_1p0": {
      "average_fidelity": 0.8290945727943371,
      "average_gate_fidelity": 0.7863682159929215,
      "fidelity_variance": 0.0033277842071645805,
      "num_samples": 60,
      "sigma_mhz": 1.0
    }
  }
}