{
  "alpha": 2.2,
  "eval_cost": 5.93777287001694,
  "eval_fidelity": 0.7691713344231739,
  "eval_leakage": 9.62710208635896e-05,
  "eval_plan_path": "runs\\cost_function_sweep\\trpo\\a-2p2_e6ed248a\\seed_2\\plans\\iter_000001_control_plan.npz",
  "eval_time_ns": 180.0,
  "gamma": 1.5707963267948966,
  "iteration": 1,
  "robustness": {
    "sigma_1p0": {
      "average_fidelity": 0.7826275003794497,
      "average_gate_fidelity": 0.7282843754743121,
      "fidelity_variance": 0.003145854209387009,
      "num_samples": 60,
      "sigma_mhz": 1.0
    }
  }
}