{
  "alpha": 2.2,
  "eval_cost": 1.35012941660105,
  "eval_fidelity": 0.9936656119504215,
  "eval_leakage": 0.00024533528224196917,
  "eval_plan_path": "runs\\cost_function_sweep\\trpo\\a-2p2_e6ed248a\\seed_2\\plans\\iter_000004_control_plan.npz",
  "eval_time_ns": 180.0,
  "gamma": 1.5707963267948966,
  "iteration": 4,
  "robustness": {
    "sigma_1p0": {
      "average_fidelity": 0.9440485804063337,
      "average_gate_fidelity": 0.9300607255079167,
      "fidelity_variance": 0.0006001938663051432,
      "num_samples": 60,
      "sigma_mhz": 1.0
    }
  }
}