{
  "alpha": 2.2,
  "eval_cost": 2.359883871927242,
  "eval_fidelity": 0.9498432052918571,
  "eval_leakage": 0.0001502983250149232,
  "eval_plan_path": "runs\\cost_function_sweep\\trpo\\a-2p2_e6ed248a\\seed_2\\plans\\iter_000002_control_plan.npz",
  "eval_time_ns": 180.0,
  "gamma": 1.5707963267948966,
  "iteration": 2,
  "robustness": {
    "sigma_1p0": {
      "average_fidelity": 0.9087159152939155,
      "average_gate_fidelity": 0.8858948941173945,
      "fidelity_variance": 0.0014786307848413782,
      "num_samples": 60,
      "sigma_mhz": 1.0
    }
  }
}