{
  "alpha": 2.2,
  "eval_cost": 0.7404323338600798,
  "eval_fidelity": 0.9785394102995296,
  "eval_leakage": 0.0002667577226172393,
  "eval_plan_path": "runs\\cost_function_sweep\\trpo\\a-2p2_b115ee9b\\seed_2\\plans\\iter_000004_control_plan.npz",
  "eval_time_ns": 180.0,
  "gamma": 1.5707963267948966,
  "iteration": 4,
  "robustness": {
    "sigma_1p0": {
      "average_fidelity": 0.9322944594917619,
      "average_gate_fidelity": 0.9153680743647022,
      "fidelity_variance": 0.000903822936846824,
      "num_samples": 60,
      "sigma_mhz": 1.0
    }
  }
}