{
  "alpha": 2.2,
  "eval_cost": 4.793462502149914,
  "eval_fidelity": 0.7787667271886943,
  "eval_leakage": 9.999758014355539e-05,
  "eval_plan_path": "runs\\cost_function_sweep\\trpo\\a-2p2_b115ee9b\\seed_2\\plans\\iter_000001_control_plan.npz",
  "eval_time_ns": 180.0,
  "gamma": 1.5707963267948966,
  "iteration": 1,
  "robustness": {
    "sigma_1p0": {
      "average_fidelity": 0.7899158778277252,
      "average_gate_fidelity": 0.7373948472846564,
      "fidelity_variance": 0.0030574359026447713,
      "num_samples": 60,
      "sigma_mhz": 1.0
    }
  }
}