{
  "alpha": 2.2,
  "eval_cost": 1.111572422805325,
  "eval_fidelity": 0.9646498980452756,
  "eval_leakage": 0.00015835066535295077,
  "eval_plan_path": "runs\\cost_function_sweep\\trpo\\a-2p2_b115ee9b\\seed_2\\plans\\iter_000002_control_plan.npz",
  "eval_time_ns": 180.0,
  "gamma": 1.5707963267948966,
  "iteration": 2,
  "robustness": {
    "sigma_1p0": {
      "average_fidelity": 0.9201881927498129,
      "average_gate_fidelity": 0.9002352409372659,
      "fidelity_variance": 0.0011987191566836784,
      "num_samples": 60,
      "sigma_mhz": 1.0
    }
  }
}