{
  "alpha": 0.471,
  "eval_cost": 1.1196683699871195,
  "eval_fidelity": 0.9461404940982657,
  "eval_leakage": 0.004874320805609909,
  "eval_plan_path": "runs\\runtime\\gamma_1.570796\\alpha_0.471000\\plans\\iter_000064_control_plan.npz",
  "eval_time_ns": 180.0,
  "gamma": 1.5707963267948966,
  "phase_iter": 64,
  "robustness": {
    "sigma_1p0": {
      "average_fidelity": 0.9088297176104597,
      "average_gate_fidelity": 0.8860371470130745,
      "fidelity_variance": 0.0016393269898730572,
      "num_samples": 60,
      "sigma_mhz": 1.0
    }
  }
}