{
  "alpha": 0.471,
  "eval_cost": 1.272350509595419,
  "eval_fidelity": 0.9318110663639008,
  "eval_leakage": 0.004715585826351499,
  "eval_plan_path": "runs\\runtime\\gamma_1.570796\\alpha_0.471000\\plans\\iter_000008_control_plan.npz",
  "eval_time_ns": 180.0,
  "gamma": 1.5707963267948966,
  "phase_iter": 8,
  "robustness": {
    "sigma_1p0": {
      "average_fidelity": 0.9043959326437356,
      "average_gate_fidelity": 0.8804949158046695,
      "fidelity_variance": 0.0010581864337624162,
      "num_samples": 60,
      "sigma_mhz": 1.0
    }
  }
}