{
  "alpha": 0.471,
  "eval_cost": 1.2965128894390756,
  "eval_fidelity": 0.9362198896627336,
  "eval_leakage": 0.004688551967508672,
  "eval_plan_path": "runs\\runtime\\gamma_1.570796\\alpha_0.471000\\plans\\iter_000026_control_plan.npz",
  "eval_time_ns": 180.0,
  "gamma": 1.5707963267948966,
  "phase_iter": 26,
  "robustness": {
    "sigma_1p0": {
      "average_fidelity": 0.895813674137262,
      "average_gate_fidelity": 0.8697670926715777,
      "fidelity_variance": 0.0014434609612763865,
      "num_samples": 60,
      "sigma_mhz": 1.0
    }
  }
}