{
  "alpha": 0.471,
  "eval_cost": 1.1927247141088657,
  "eval_fidelity": 0.9383986152811562,
  "eval_leakage": 0.004749261816495913,
  "eval_plan_path": "runs\\runtime\\gamma_1.570796\\alpha_0.471000\\plans\\iter_000014_control_plan.npz",
  "eval_time_ns": 180.0,
  "gamma": 1.5707963267948966,
  "phase_iter": 14,
  "robustness": {
    "sigma_1p0": {
      "average_fidelity": 0.9043826337824094,
      "average_gate_fidelity": 0.8804782922280119,
      "fidelity_variance": 0.0017345269433525427,
      "num_samples": 60,
      "sigma_mhz": 1.0
    }
  }
}