{
  "alpha": 0.471,
  "eval_cost": 1.045289565323402,
  "eval_fidelity": 0.9553053548355362,
  "eval_leakage": 0.0049074118282399675,
  "eval_plan_path": "runs\\runtime\\gamma_1.570796\\alpha_0.471000\\plans\\iter_000036_control_plan.npz",
  "eval_time_ns": 180.0,
  "gamma": 1.5707963267948966,
  "phase_iter": 36,
  "robustness": {
    "sigma_1p0": {
      "average_fidelity": 0.9150466785222815,
      "average_gate_fidelity": 0.8938083481528517,
      "fidelity_variance": 0.0013331098680009158,
      "num_samples": 60,
      "sigma_mhz": 1.0
    }
  }
}