{
  "alpha": 0.471,
  "eval_cost": 1.1369773866918194,
  "eval_fidelity": 0.9440578085146362,
  "eval_leakage": 0.004818920219179099,
  "eval_plan_path": "runs\\runtime\\gamma_1.570796\\alpha_0.471000\\plans\\iter_000072_control_plan.npz",
  "eval_time_ns": 180.0,
  "gamma": 1.5707963267948966,
  "phase_iter": 72,
  "robustness": {
    "sigma_1p0": {
      "average_fidelity": 0.9036395599353103,
      "average_gate_fidelity": 0.8795494499191379,
      "fidelity_variance": 0.0014021758643259926,
      "num_samples": 60,
      "sigma_mhz": 1.0
    }
  }
}