{
  "alpha": 0.471,
  "eval_cost": 1.2713866699466385,
  "eval_fidelity": 0.932829671372548,
  "eval_leakage": 0.004776745885534827,
  "eval_plan_path": "runs\\runtime\\gamma_1.570796\\alpha_0.471000\\plans\\iter_000075_control_plan.npz",
  "eval_time_ns": 180.0,
  "gamma": 1.5707963267948966,
  "phase_iter": 75,
  "robustness": {
    "sigma_1p0": {
      "average_fidelity": 0.8959994952236543,
      "average_gate_fidelity": 0.8699993690295679,
      "fidelity_variance": 0.0019178055088954738,
      "num_samples": 60,
      "sigma_mhz": 1.0
    }
  }
}