{
  "alpha": 0.471,
  "eval_cost": 0.9308861362860255,
  "eval_fidelity": 0.9607428146497836,
  "eval_leakage": 0.004936919904741113,
  "eval_plan_path": "runs\\runtime\\gamma_1.570796\\alpha_0.471000\\plans\\iter_000058_control_plan.npz",
  "eval_time_ns": 180.0,
  "gamma": 1.5707963267948966,
  "phase_iter": 58,
  "robustness": {
    "sigma_1p0": {
      "average_fidelity": 0.9168604665597759,
      "average_gate_fidelity": 0.89607558319972,
      "fidelity_variance": 0.0011366899913485735,
      "num_samples": 60,
      "sigma_mhz": 1.0
    }
  }
}