{
  "alpha": 0.471,
  "eval_cost": 1.024119482280545,
  "eval_fidelity": 0.9489374918236964,
  "eval_leakage": 0.004823931057050566,
  "eval_plan_path": "runs\\runtime\\gamma_1.570796\\alpha_0.471000\\plans\\iter_000049_control_plan.npz",
  "eval_time_ns": 180.0,
  "gamma": 1.5707963267948966,
  "phase_iter": 49,
  "robustness": {
    "sigma_1p0": {
      "average_fidelity": 0.915398112339545,
      "average_gate_fidelity": 0.8942476404244313,
      "fidelity_variance": 0.0011565512482449754,
      "num_samples": 60,
      "sigma_mhz": 1.0
    }
  }
}