{
  "alpha": 0.471,
  "eval_cost": 1.153606105236873,
  "eval_fidelity": 0.9426671451242762,
  "eval_leakage": 0.004790275480372882,
  "eval_plan_path": "runs\\runtime\\gamma_1.570796\\alpha_0.471000\\plans\\iter_000065_control_plan.npz",
  "eval_time_ns": 180.0,
  "gamma": 1.5707963267948966,
  "phase_iter": 65,
  "robustness": {
    "sigma_1p0": {
      "average_fidelity": 0.9069488509626553,
      "average_gate_fidelity": 0.8836860637033193,
      "fidelity_variance": 0.0012825654272750908,
      "num_samples": 60,
      "sigma_mhz": 1.0
    }
  }
}