{
  "alpha": 0.471,
  "eval_cost": 1.399705669609506,
  "eval_fidelity": 0.9362553448649554,
  "eval_leakage": 0.004797921615653705,
  "eval_plan_path": "runs\\runtime\\gamma_1.570796\\alpha_0.471000\\plans\\iter_000023_control_plan.npz",
  "eval_time_ns": 180.0,
  "gamma": 1.5707963267948966,
  "phase_iter": 23,
  "robustness": {
    "sigma_1p0": {
      "average_fidelity": 0.9009359946599679,
      "average_gate_fidelity": 0.8761699933249599,
      "fidelity_variance": 0.0014947034156391856,
      "num_samples": 60,
      "sigma_mhz": 1.0
    }
  }
}