{
  "alpha": 0.471,
  "eval_cost": 2.315225649643846,
  "eval_fidelity": 0.8288426303880438,
  "eval_leakage": 0.004748038681203904,
  "eval_plan_path": "runs\\runtime\\gamma_1.570796\\alpha_0.471000\\plans\\iter_000001_control_plan.npz",
  "eval_time_ns": 180.0,
  "gamma": 1.5707963267948966,
  "phase_iter": 1,
  "robustness": {
    "sigma_1p0": {
      "average_fidelity": 0.8268172639174829,
      "average_gate_fidelity": 0.7835215798968534,
      "fidelity_variance": 0.002156968489548566,
      "num_samples": 60,
      "sigma_mhz": 1.0
    }
  }
}