{
  "alpha": 0.471,
  "eval_cost": 1.0391884572177577,
  "eval_fidelity": 0.9487538354021354,
  "eval_leakage": 0.004903433903461831,
  "eval_plan_path": "runs\\runtime\\gamma_1.570796\\alpha_0.471000\\plans\\iter_000043_control_plan.npz",
  "eval_time_ns": 180.0,
  "gamma": 1.5707963267948966,
  "phase_iter": 43,
  "robustness": {
    "sigma_1p0": {
      "average_fidelity": 0.9113030480903739,
      "average_gate_fidelity": 0.8891288101129674,
      "fidelity_variance": 0.0010986246638224591,
      "num_samples": 60,
      "sigma_mhz": 1.0
    }
  }
}