{
  "alpha": 0.471,
  "eval_cost": 1.17391599965227,
  "eval_fidelity": 0.9392790632088622,
  "eval_leakage": 0.004802936672773924,
  "eval_plan_path": "runs\\runtime\\gamma_1.570796\\alpha_0.471000\\plans\\iter_000096_control_plan.npz",
  "eval_time_ns": 180.0,
  "gamma": 1.5707963267948966,
  "phase_iter": 96,
  "robustness": {
    "sigma_1p0": {
      "average_fidelity": 0.9062293282341379,
      "average_gate_fidelity": 0.8827866602926723,
      "fidelity_variance": 0.0016568302668479454,
      "num_samples": 60,
      "sigma_mhz": 1.0
    }
  }
}