{
  "alpha": 0.471,
  "eval_cost": 1.253525530453314,
  "eval_fidelity": 0.9348558769573181,
  "eval_leakage": 0.004623169151399391,
  "eval_plan_path": "runs\\runtime\\gamma_1.570796\\alpha_0.471000\\plans\\iter_000028_control_plan.npz",
  "eval_time_ns": 180.0,
  "gamma": 1.5707963267948966,
  "phase_iter": 28,
  "robustness": {
    "sigma_1p0": {
      "average_fidelity": 0.893770227971524,
      "average_gate_fidelity": 0.8672127849644049,
      "fidelity_variance": 0.0010130232092695113,
      "num_samples": 60,
      "sigma_mhz": 1.0
    }
  }
}