{
  "alpha": 0.471,
  "eval_cost": 0.9830289913171895,
  "eval_fidelity": 0.9539513424433629,
  "eval_leakage": 0.00487867811983584,
  "eval_plan_path": "runs\\runtime\\gamma_1.570796\\alpha_0.471000\\plans\\iter_000056_control_plan.npz",
  "eval_time_ns": 180.0,
  "gamma": 1.5707963267948966,
  "phase_iter": 56,
  "robustness": {
    "sigma_1p0": {
      "average_fidelity": 0.9133882162401972,
      "average_gate_fidelity": 0.8917352703002464,
      "fidelity_variance": 0.0012725310591031867,
      "num_samples": 60,
      "sigma_mhz": 1.0
    }
  }
}