{
  "alpha": 0.471,
  "eval_cost": 1.290910860068571,
  "eval_fidelity": 0.9414915074930319,
  "eval_leakage": 0.004786647979827215,
  "eval_plan_path": "runs\\runtime\\gamma_1.570796\\alpha_0.471000\\plans\\iter_000022_control_plan.npz",
  "eval_time_ns": 180.0,
  "gamma": 1.5707963267948966,
  "phase_iter": 22,
  "robustness": {
    "sigma_1p0": {
      "average_fidelity": 0.8981014413082552,
      "average_gate_fidelity": 0.8726268016353189,
      "fidelity_variance": 0.001513448504594149,
      "num_samples": 60,
      "sigma_mhz": 1.0
    }
  }
}