{
  "alpha": 0.471,
  "eval_cost": 1.1031851303501894,
  "eval_fidelity": 0.9507080686033269,
  "eval_leakage": 0.004906967911990532,
  "eval_plan_path": "runs\\runtime\\gamma_1.570796\\alpha_0.471000\\plans\\iter_000012_control_plan.npz",
  "eval_time_ns": 180.0,
  "gamma": 1.5707963267948966,
  "phase_iter": 12,
  "robustness": {
    "sigma_1p0": {
      "average_fidelity": 0.9174393617733623,
      "average_gate_fidelity": 0.8967992022167028,
      "fidelity_variance": 0.0012514307154042903,
      "num_samples": 60,
      "sigma_mhz": 1.0
    }
  }
}