{
  "alpha": 0.471,
  "eval_cost": 1.0896501803821963,
  "eval_fidelity": 0.9461205417877174,
  "eval_leakage": 0.004823611334739891,
  "eval_plan_path": "runs\\runtime\\gamma_1.570796\\alpha_0.471000\\plans\\iter_000039_control_plan.npz",
  "eval_time_ns": 180.0,
  "gamma": 1.5707963267948966,
  "phase_iter": 39,
  "robustness": {
    "sigma_1p0": {
      "average_fidelity": 0.908832671452328,
      "average_gate_fidelity": 0.8860408393154102,
      "fidelity_variance": 0.001446131520415401,
      "num_samples": 60,
      "sigma_mhz": 1.0
    }
  }
}