{
  "alpha": 0.471,
  "eval_cost": 1.2414799524303652,
  "eval_fidelity": 0.9336506102262825,
  "eval_leakage": 0.004772821430231112,
  "eval_plan_path": "runs\\runtime\\gamma_1.570796\\alpha_0.471000\\plans\\iter_000009_control_plan.npz",
  "eval_time_ns": 180.0,
  "gamma": 1.5707963267948966,
  "phase_iter": 9,
  "robustness": {
    "sigma_1p0": {
      "average_fidelity": 0.89612452927217,
      "average_gate_fidelity": 0.8701556615902125,
      "fidelity_variance": 0.00149736033337771,
      "num_samples": 60,
      "sigma_mhz": 1.0
    }
  }
}