{
  "alpha": 0.471,
  "eval_cost": 1.2081100882920186,
  "eval_fidelity": 0.9489648031662122,
  "eval_leakage": 0.004848268253056151,
  "eval_plan_path": "runs\\runtime\\gamma_1.570796\\alpha_0.471000\\plans\\iter_000021_control_plan.npz",
  "eval_time_ns": 180.0,
  "gamma": 1.5707963267948966,
  "phase_iter": 21,
  "robustness": {
    "sigma_1p0": {
      "average_fidelity": 0.9146551077766905,
      "average_gate_fidelity": 0.8933188847208632,
      "fidelity_variance": 0.0014460729334532967,
      "num_samples": 60,
      "sigma_mhz": 1.0
    }
  }
}