{
  "alpha": 0.471,
  "eval_cost": 2.009124893035154,
  "eval_fidelity": 0.852291029872219,
  "eval_leakage": 0.004680966528589583,
  "eval_plan_path": "runs\\runtime\\gamma_1.570796\\alpha_0.471000\\plans\\iter_000002_control_plan.npz",
  "eval_time_ns": 180.0,
  "gamma": 1.5707963267948966,
  "phase_iter": 2,
  "robustness": {
    "sigma_1p0": {
      "average_fidelity": 0.8366484569724353,
      "average_gate_fidelity": 0.7958105712155441,
      "fidelity_variance": 0.002241023528929916,
      "num_samples": 60,
      "sigma_mhz": 1.0
    }
  }
}