{
  "alpha": 0.471,
  "eval_cost": 0.9801341878959646,
  "eval_fidelity": 0.9541479140134969,
  "eval_leakage": 0.004694291326215574,
  "eval_plan_path": "runs\\runtime\\gamma_1.570796\\alpha_0.471000\\plans\\iter_000032_control_plan.npz",
  "eval_time_ns": 180.0,
  "gamma": 1.5707963267948966,
  "phase_iter": 32,
  "robustness": {
    "sigma_1p0": {
      "average_fidelity": 0.9104256489195035,
      "average_gate_fidelity": 0.8880320611493794,
      "fidelity_variance": 0.0015339319031167488,
      "num_samples": 60,
      "sigma_mhz": 1.0
    }
  }
}