{
  "alpha": 0.471,
  "eval_cost": 1.10030541554921,
  "eval_fidelity": 0.946538633785356,
  "eval_leakage": 0.004848882702122388,
  "eval_plan_path": "runs\\runtime\\gamma_1.570796\\alpha_0.471000\\plans\\iter_000011_control_plan.npz",
  "eval_time_ns": 180.0,
  "gamma": 1.5707963267948966,
  "phase_iter": 11,
  "robustness": {
    "sigma_1p0": {
      "average_fidelity": 0.9094914808888812,
      "average_gate_fidelity": 0.8868643511111016,
      "fidelity_variance": 0.0014541278733436502,
      "num_samples": 60,
      "sigma_mhz": 1.0
    }
  }
}