{
  "alpha": 0.471,
  "eval_cost": 1.0748650418798968,
  "eval_fidelity": 0.9474575067422478,
  "eval_leakage": 0.0049059960776900715,
  "eval_plan_path": "runs\\runtime\\gamma_1.570796\\alpha_0.471000\\plans\\iter_000057_control_plan.npz",
  "eval_time_ns": 180.0,
  "gamma": 1.5707963267948966,
  "phase_iter": 57,
  "robustness": {
    "sigma_1p0": {
      "average_fidelity": 0.9197377550394595,
      "average_gate_fidelity": 0.8996721937993243,
      "fidelity_variance": 0.0015754570881854498,
      "num_samples": 60,
      "sigma_mhz": 1.0
    }
  }
}