{
  "alpha": 0.471,
  "eval_cost": 1.1870180202913003,
  "eval_fidelity": 0.9376265198728789,
  "eval_leakage": 0.004810313768793921,
  "eval_plan_path": "runs\\runtime\\gamma_1.570796\\alpha_0.471000\\plans\\iter_000076_control_plan.npz",
  "eval_time_ns": 180.0,
  "gamma": 1.5707963267948966,
  "phase_iter": 76,
  "robustness": {
    "sigma_1p0": {
      "average_fidelity": 0.9078106996949304,
      "average_gate_fidelity": 0.8847633746186628,
      "fidelity_variance": 0.0014768263532764824,
      "num_samples": 60,
      "sigma_mhz": 1.0
    }
  }
}