{
  "alpha": 0.471,
  "eval_cost": 1.079600462848594,
  "eval_fidelity": 0.9483327480456705,
  "eval_leakage": 0.0048674762661662305,
  "eval_plan_path": "runs\\runtime\\gamma_1.570796\\alpha_0.471000\\plans\\iter_000067_control_plan.npz",
  "eval_time_ns": 180.0,
  "gamma": 1.5707963267948966,
  "phase_iter": 67,
  "robustness": {
    "sigma_1p0": {
      "average_fidelity": 0.9119199844660275,
      "average_gate_fidelity": 0.8898999805825344,
      "fidelity_variance": 0.0014192982168572473,
      "num_samples": 60,
      "sigma_mhz": 1.0
    }
  }
}