{
  "alpha": 0.471,
  "eval_cost": 1.7880480924025388,
  "eval_fidelity": 0.8775557939863344,
  "eval_leakage": 0.004739583254382573,
  "eval_plan_path": "runs\\runtime\\gamma_1.570796\\alpha_0.471000\\plans\\iter_000003_control_plan.npz",
  "eval_time_ns": 180.0,
  "gamma": 1.5707963267948966,
  "phase_iter": 3,
  "robustness": {
    "sigma_1p0": {
      "average_fidelity": 0.8610864512812626,
      "average_gate_fidelity": 0.8263580641015783,
      "fidelity_variance": 0.0014090384845423798,
      "num_samples": 60,
      "sigma_mhz": 1.0
    }
  }
}