{
  "alpha": 0.471,
  "eval_cost": 0.9794839786247205,
  "eval_fidelity": 0.9538058470486483,
  "eval_leakage": 0.004799575979862605,
  "eval_plan_path": "runs\\runtime\\gamma_1.570796\\alpha_0.471000\\plans\\iter_000100_control_plan.npz",
  "eval_time_ns": 180.0,
  "gamma": 1.5707963267948966,
  "phase_iter": 100,
  "robustness": {
    "sigma_1p0": {
      "average_fidelity": 0.9179151237520871,
      "average_gate_fidelity": 0.8973939046901086,
      "fidelity_variance": 0.000948230031368007,
      "num_samples": 60,
      "sigma_mhz": 1.0
    }
  }
}