{
  "alpha": 0.471,
  "eval_cost": 1.0247983956389528,
  "eval_fidelity": 0.9508529720357314,
  "eval_leakage": 0.004871339735425244,
  "eval_plan_path": "runs\\runtime\\gamma_1.570796\\alpha_0.471000\\plans\\iter_000068_control_plan.npz",
  "eval_time_ns": 180.0,
  "gamma": 1.5707963267948966,
  "phase_iter": 68,
  "robustness": {
    "sigma_1p0": {
      "average_fidelity": 0.9090481004483039,
      "average_gate_fidelity": 0.8863101255603798,
      "fidelity_variance": 0.0013371169292791783,
      "num_samples": 60,
      "sigma_mhz": 1.0
    }
  }
}