{
  "alpha": 0.471,
  "eval_cost": 1.031688648178683,
  "eval_fidelity": 0.9495598033644453,
  "eval_leakage": 0.004882772676621878,
  "eval_plan_path": "runs\\runtime\\gamma_1.570796\\alpha_0.471000\\plans\\iter_000042_control_plan.npz",
  "eval_time_ns": 180.0,
  "gamma": 1.5707963267948966,
  "phase_iter": 42,
  "robustness": {
    "sigma_1p0": {
      "average_fidelity": 0.9100199375800856,
      "average_gate_fidelity": 0.8875249219751068,
      "fidelity_variance": 0.0013388460138636883,
      "num_samples": 60,
      "sigma_mhz": 1.0
    }
  }
}