{
  "alpha": 0.471,
  "eval_cost": 1.0908604936151933,
  "eval_fidelity": 0.9470587229109229,
  "eval_leakage": 0.004700930342682599,
  "eval_plan_path": "runs\\runtime\\gamma_1.570796\\alpha_0.471000\\plans\\iter_000031_control_plan.npz",
  "eval_time_ns": 180.0,
  "gamma": 1.5707963267948966,
  "phase_iter": 31,
  "robustness": {
    "sigma_1p0": {
      "average_fidelity": 0.9147724224437035,
      "average_gate_fidelity": 0.8934655280546296,
      "fidelity_variance": 0.0009493646846677489,
      "num_samples": 60,
      "sigma_mhz": 1.0
    }
  }
}