{
  "alpha": 0.471,
  "eval_cost": 1.0374559909281835,
  "eval_fidelity": 0.9512203309683036,
  "eval_leakage": 0.004872932266883071,
  "eval_plan_path": "runs\\runtime\\gamma_1.570796\\alpha_0.471000\\plans\\iter_000060_control_plan.npz",
  "eval_time_ns": 180.0,
  "gamma": 1.5707963267948966,
  "phase_iter": 60,
  "robustness": {
    "sigma_1p0": {
      "average_fidelity": 0.9149789310194163,
      "average_gate_fidelity": 0.8937236637742705,
      "fidelity_variance": 0.0012382348040882456,
      "num_samples": 60,
      "sigma_mhz": 1.0
    }
  }
}