{
  "alpha": 0.471,
  "eval_cost": 1.1053056554270353,
  "eval_fidelity": 0.9469826012290368,
  "eval_leakage": 0.004861933640821701,
  "eval_plan_path": "runs\\runtime\\gamma_1.570796\\alpha_0.471000\\plans\\iter_000078_control_plan.npz",
  "eval_time_ns": 180.0,
  "gamma": 1.5707963267948966,
  "phase_iter": 78,
  "robustness": {
    "sigma_1p0": {
      "average_fidelity": 0.9122124320583134,
      "average_gate_fidelity": 0.8902655400728915,
      "fidelity_variance": 0.0011630757786345552,
      "num_samples": 60,
      "sigma_mhz": 1.0
    }
  }
}