{
  "alpha": 0.471,
  "eval_cost": 1.0123891744832028,
  "eval_fidelity": 0.9494210026171592,
  "eval_leakage": 0.004880851250085694,
  "eval_plan_path": "runs\\runtime\\gamma_1.570796\\alpha_0.471000\\plans\\iter_000055_control_plan.npz",
  "eval_time_ns": 180.0,
  "gamma": 1.5707963267948966,
  "phase_iter": 55,
  "robustness": {
    "sigma_1p0": {
      "average_fidelity": 0.9088667414231898,
      "average_gate_fidelity": 0.8860834267789873,
      "fidelity_variance": 0.0022252890827280315,
      "num_samples": 60,
      "sigma_mhz": 1.0
    }
  }
}