{
  "alpha": 0.471,
  "eval_cost": 1.1441062494956955,
  "eval_fidelity": 0.9493109051714725,
  "eval_leakage": 0.004910759975500455,
  "eval_plan_path": "runs\\runtime\\gamma_1.570796\\alpha_0.471000\\plans\\iter_000073_control_plan.npz",
  "eval_time_ns": 180.0,
  "gamma": 1.5707963267948966,
  "phase_iter": 73,
  "robustness": {
    "sigma_1p0": {
      "average_fidelity": 0.9134585870113292,
      "average_gate_fidelity": 0.8918232337641612,
      "fidelity_variance": 0.0010609170983519095,
      "num_samples": 60,
      "sigma_mhz": 1.0
    }
  }
}