{
  "alpha": 0.471,
  "eval_cost": 1.1727570453095448,
  "eval_fidelity": 0.940687285596266,
  "eval_leakage": 0.004802711606339209,
  "eval_plan_path": "runs\\runtime\\gamma_1.570796\\alpha_0.471000\\plans\\iter_000095_control_plan.npz",
  "eval_time_ns": 180.0,
  "gamma": 1.5707963267948966,
  "phase_iter": 95,
  "robustness": {
    "sigma_1p0": {
      "average_fidelity": 0.9070981285855888,
      "average_gate_fidelity": 0.8838726607319861,
      "fidelity_variance": 0.0016639636875890507,
      "num_samples": 60,
      "sigma_mhz": 1.0
    }
  }
}