{
  "alpha": 0.471,
  "eval_cost": 1.152772652163172,
  "eval_fidelity": 0.9431957322554416,
  "eval_leakage": 0.0047999585950268065,
  "eval_plan_path": "runs\\runtime\\gamma_1.570796\\alpha_0.471000\\plans\\iter_000079_control_plan.npz",
  "eval_time_ns": 180.0,
  "gamma": 1.5707963267948966,
  "phase_iter": 79,
  "robustness": {
    "sigma_1p0": {
      "average_fidelity": 0.8992175942140058,
      "average_gate_fidelity": 0.8740219927675071,
      "fidelity_variance": 0.0016234820795395391,
      "num_samples": 60,
      "sigma_mhz": 1.0
    }
  }
}