{
  "alpha": 0.471,
  "eval_cost": 1.0240004036759047,
  "eval_fidelity": 0.9513119766281828,
  "eval_leakage": 0.00477706633615606,
  "eval_plan_path": "runs\\runtime\\gamma_1.570796\\alpha_0.471000\\plans\\iter_000098_control_plan.npz",
  "eval_time_ns": 180.0,
  "gamma": 1.5707963267948966,
  "phase_iter": 98,
  "robustness": {
    "sigma_1p0": {
      "average_fidelity": 0.9104823187091112,
      "average_gate_fidelity": 0.888102898386389,
      "fidelity_variance": 0.001358797338435217,
      "num_samples": 60,
      "sigma_mhz": 1.0
    }
  }
}