{
  "alpha": 0.471,
  "eval_cost": 1.2127090981360737,
  "eval_fidelity": 0.9440152668224728,
  "eval_leakage": 0.004738155556440518,
  "eval_plan_path": "runs\\runtime\\gamma_1.570796\\alpha_0.471000\\plans\\iter_000020_control_plan.npz",
  "eval_time_ns": 180.0,
  "gamma": 1.5707963267948966,
  "phase_iter": 20,
  "robustness": {
    "sigma_1p0": {
      "average_fidelity": 0.9089535396873754,
      "average_gate_fidelity": 0.8861919246092191,
      "fidelity_variance": 0.0010782124271201824,
      "num_samples": 60,
      "sigma_mhz": 1.0
    }
  }
}