{
  "alpha": 0.471,
  "eval_cost": 1.2047106131978762,
  "eval_fidelity": 0.9428717265864482,
  "eval_leakage": 0.004684258189531162,
  "eval_plan_path": "runs\\runtime\\gamma_1.570796\\alpha_0.471000\\plans\\iter_000019_control_plan.npz",
  "eval_time_ns": 180.0,
  "gamma": 1.5707963267948966,
  "phase_iter": 19,
  "robustness": {
    "sigma_1p0": {
      "average_fidelity": 0.9078976265237384,
      "average_gate_fidelity": 0.8848720331546729,
      "fidelity_variance": 0.0013461549991635338,
      "num_samples": 60,
      "sigma_mhz": 1.0
    }
  }
}