{
  "alpha": 0.471,
  "eval_cost": 1.323283202632499,
  "eval_fidelity": 0.9219022386405439,
  "eval_leakage": 0.004640478512520425,
  "eval_plan_path": "runs\\runtime\\gamma_1.570796\\alpha_0.471000\\plans\\iter_000006_control_plan.npz",
  "eval_time_ns": 180.0,
  "gamma": 1.5707963267948966,
  "phase_iter": 6,
  "robustness": {
    "sigma_1p0": {
      "average_fidelity": 0.8912665533260749,
      "average_gate_fidelity": 0.8640831916575934,
      "fidelity_variance": 0.0011701508631090833,
      "num_samples": 60,
      "sigma_mhz": 1.0
    }
  }
}