{
  "alpha": 0.471,
  "eval_cost": 1.0600190837550985,
  "eval_fidelity": 0.949457286094057,
  "eval_leakage": 0.004835732388865771,
  "eval_plan_path": "runs\\runtime\\gamma_1.570796\\alpha_0.471000\\plans\\iter_000087_control_plan.npz",
  "eval_time_ns": 180.0,
  "gamma": 1.5707963267948966,
  "phase_iter": 87,
  "robustness": {
    "sigma_1p0": {
      "average_fidelity": 0.9108125561897911,
      "average_gate_fidelity": 0.8885156952372386,
      "fidelity_variance": 0.0013757442332038045,
      "num_samples": 60,
      "sigma_mhz": 1.0
    }
  }
}