{
  "alpha": 0.471,
  "eval_cost": 1.0866566050610198,
  "eval_fidelity": 0.947471300208565,
  "eval_leakage": 0.004797415915444773,
  "eval_plan_path": "runs\\runtime\\gamma_1.570796\\alpha_0.471000\\plans\\iter_000092_control_plan.npz",
  "eval_time_ns": 180.0,
  "gamma": 1.5707963267948966,
  "phase_iter": 92,
  "robustness": {
    "sigma_1p0": {
      "average_fidelity": 0.9135070899712888,
      "average_gate_fidelity": 0.891883862464111,
      "fidelity_variance": 0.0011694622499677854,
      "num_samples": 60,
      "sigma_mhz": 1.0
    }
  }
}