{
  "alpha": 0.471,
  "eval_cost": 1.336758361359,
  "eval_fidelity": 0.9368664113081385,
  "eval_leakage": 0.004739675277959328,
  "eval_plan_path": "runs\\runtime\\gamma_1.570796\\alpha_0.471000\\plans\\iter_000025_control_plan.npz",
  "eval_time_ns": 180.0,
  "gamma": 1.5707963267948966,
  "phase_iter": 25,
  "robustness": {
    "sigma_1p0": {
      "average_fidelity": 0.9100506590393661,
      "average_gate_fidelity": 0.8875633237992078,
      "fidelity_variance": 0.0015612095686523269,
      "num_samples": 60,
      "sigma_mhz": 1.0
    }
  }
}