{
  "alpha": 0.471,
  "eval_cost": 0.9921758518496558,
  "eval_fidelity": 0.9558159043165606,
  "eval_leakage": 0.004871166196616244,
  "eval_plan_path": "runs\\runtime\\gamma_1.570796\\alpha_0.471000\\plans\\iter_000047_control_plan.npz",
  "eval_time_ns": 180.0,
  "gamma": 1.5707963267948966,
  "phase_iter": 47,
  "robustness": {
    "sigma_1p0": {
      "average_fidelity": 0.9156396191198592,
      "average_gate_fidelity": 0.8945495238998239,
      "fidelity_variance": 0.0016228551802784225,
      "num_samples": 60,
      "sigma_mhz": 1.0
    }
  }
}