{
  "alpha": 0.471,
  "eval_cost": 1.213024179491759,
  "eval_fidelity": 0.9408102760295197,
  "eval_leakage": 0.0046532962327077085,
  "eval_plan_path": "runs\\runtime\\gamma_1.570796\\alpha_0.471000\\plans\\iter_000027_control_plan.npz",
  "eval_time_ns": 180.0,
  "gamma": 1.5707963267948966,
  "phase_iter": 27,
  "robustness": {
    "sigma_1p0": {
      "average_fidelity": 0.905688746066656,
      "average_gate_fidelity": 0.8821109325833202,
      "fidelity_variance": 0.0009978634729384567,
      "num_samples": 60,
      "sigma_mhz": 1.0
    }
  }
}