{
  "alpha": 0.471,
  "eval_cost": 1.1943106289944345,
  "eval_fidelity": 0.9402883339788205,
  "eval_leakage": 0.00477973781557105,
  "eval_plan_path": "runs\\runtime\\gamma_1.570796\\alpha_0.471000\\plans\\iter_000013_control_plan.npz",
  "eval_time_ns": 180.0,
  "gamma": 1.5707963267948966,
  "phase_iter": 13,
  "robustness": {
    "sigma_1p0": {
      "average_fidelity": 0.9074232520664656,
      "average_gate_fidelity": 0.8842790650830817,
      "fidelity_variance": 0.0011953764071091944,
      "num_samples": 60,
      "sigma_mhz": 1.0
    }
  }
}