{
  "alpha": 0.471,
  "eval_cost": 1.0876713061180836,
  "eval_fidelity": 0.941446190539211,
  "eval_leakage": 0.004904123985930549,
  "eval_plan_path": "runs\\runtime\\gamma_1.570796\\alpha_0.471000\\plans\\iter_000052_control_plan.npz",
  "eval_time_ns": 180.0,
  "gamma": 1.5707963267948966,
  "phase_iter": 52,
  "robustness": {
    "sigma_1p0": {
      "average_fidelity": 0.9001910904614153,
      "average_gate_fidelity": 0.8752388630767692,
      "fidelity_variance": 0.0014463526900691276,
      "num_samples": 60,
      "sigma_mhz": 1.0
    }
  }
}