{
  "alpha": 0.471,
  "eval_cost": 1.151526143959876,
  "eval_fidelity": 0.9433825449668352,
  "eval_leakage": 0.004847481435736668,
  "eval_plan_path": "runs\\runtime\\gamma_1.570796\\alpha_0.471000\\plans\\iter_000066_control_plan.npz",
  "eval_time_ns": 180.0,
  "gamma": 1.5707963267948966,
  "phase_iter": 66,
  "robustness": {
    "sigma_1p0": {
      "average_fidelity": 0.9057576903632537,
      "average_gate_fidelity": 0.8821971129540673,
      "fidelity_variance": 0.001608423730734198,
      "num_samples": 60,
      "sigma_mhz": 1.0
    }
  }
}