{
  "alpha": 0.471,
  "eval_cost": 1.102809301912939,
  "eval_fidelity": 0.9462894037173272,
  "eval_leakage": 0.004866611382495173,
  "eval_plan_path": "runs\\runtime\\gamma_1.570796\\alpha_0.471000\\plans\\iter_000062_control_plan.npz",
  "eval_time_ns": 180.0,
  "gamma": 1.5707963267948966,
  "phase_iter": 62,
  "robustness": {
    "sigma_1p0": {
      "average_fidelity": 0.9124356770614436,
      "average_gate_fidelity": 0.8905445963268045,
      "fidelity_variance": 0.0012305633508828263,
      "num_samples": 60,
      "sigma_mhz": 1.0
    }
  }
}