{
  "alpha": 0.471,
  "eval_cost": 0.9682731886347188,
  "eval_fidelity": 0.9563059206088441,
  "eval_leakage": 0.004856645585825439,
  "eval_plan_path": "runs\\runtime\\gamma_1.570796\\alpha_0.471000\\plans\\iter_000059_control_plan.npz",
  "eval_time_ns": 180.0,
  "gamma": 1.5707963267948966,
  "phase_iter": 59,
  "robustness": {
    "sigma_1p0": {
      "average_fidelity": 0.9188323204157337,
      "average_gate_fidelity": 0.8985404005196672,
      "fidelity_variance": 0.0011594893988209657,
      "num_samples": 60,
      "sigma_mhz": 1.0
    }
  }
}