{
  "alpha": 0.471,
  "eval_cost": 1.112992447316953,
  "eval_fidelity": 0.9454454349558179,
  "eval_leakage": 0.004759894429232198,
  "eval_plan_path": "runs\\runtime\\gamma_1.570796\\alpha_0.471000\\plans\\iter_000097_control_plan.npz",
  "eval_time_ns": 180.0,
  "gamma": 1.5707963267948966,
  "phase_iter": 97,
  "robustness": {
    "sigma_1p0": {
      "average_fidelity": 0.9136681253646283,
      "average_gate_fidelity": 0.8920851567057854,
      "fidelity_variance": 0.0008582163215409216,
      "num_samples": 60,
      "sigma_mhz": 1.0
    }
  }
}