{
  "alpha": 0.471,
  "eval_cost": 1.1108801764815508,
  "eval_fidelity": 0.9423665107995777,
  "eval_leakage": 0.0047897685566526405,
  "eval_plan_path": "runs\\runtime\\gamma_1.570796\\alpha_0.471000\\plans\\iter_000041_control_plan.npz",
  "eval_time_ns": 180.0,
  "gamma": 1.5707963267948966,
  "phase_iter": 41,
  "robustness": {
    "sigma_1p0": {
      "average_fidelity": 0.9094260170363434,
      "average_gate_fidelity": 0.8867825212954294,
      "fidelity_variance": 0.0009126313755715933,
      "num_samples": 60,
      "sigma_mhz": 1.0
    }
  }
}