{
  "alpha": 0.471,
  "eval_cost": 1.1003585783420575,
  "eval_fidelity": 0.9407165590234832,
  "eval_leakage": 0.0048284779638630175,
  "eval_plan_path": "runs\\runtime\\gamma_1.570796\\alpha_0.471000\\plans\\iter_000050_control_plan.npz",
  "eval_time_ns": 180.0,
  "gamma": 1.5707963267948966,
  "phase_iter": 50,
  "robustness": {
    "sigma_1p0": {
      "average_fidelity": 0.9143062938879738,
      "average_gate_fidelity": 0.8928828673599671,
      "fidelity_variance": 0.0011658092640853652,
      "num_samples": 60,
      "sigma_mhz": 1.0
    }
  }
}