{
  "alpha": 0.471,
  "eval_cost": 1.3717360332546569,
  "eval_fidelity": 0.9231380121084022,
  "eval_leakage": 0.004715383551619317,
  "eval_plan_path": "runs\\runtime\\gamma_1.570796\\alpha_0.471000\\plans\\iter_000007_control_plan.npz",
  "eval_time_ns": 180.0,
  "gamma": 1.5707963267948966,
  "phase_iter": 7,
  "robustness": {
    "sigma_1p0": {
      "average_fidelity": 0.8930703089446855,
      "average_gate_fidelity": 0.8663378861808568,
      "fidelity_variance": 0.0010244033882584878,
      "num_samples": 60,
      "sigma_mhz": 1.0
    }
  }
}