{
  "alpha": 0.471,
  "eval_cost": 1.0834987589585527,
  "eval_fidelity": 0.9487483996940881,
  "eval_leakage": 0.004916559421637731,
  "eval_plan_path": "runs\\runtime\\gamma_1.570796\\alpha_0.471000\\plans\\iter_000063_control_plan.npz",
  "eval_time_ns": 180.0,
  "gamma": 1.5707963267948966,
  "phase_iter": 63,
  "robustness": {
    "sigma_1p0": {
      "average_fidelity": 0.9107678006871869,
      "average_gate_fidelity": 0.8884597508589839,
      "fidelity_variance": 0.0011888073852231694,
      "num_samples": 60,
      "sigma_mhz": 1.0
    }
  }
}