{
  "alpha": 0.471,
  "eval_cost": 1.0504167741059347,
  "eval_fidelity": 0.9489047069868077,
  "eval_leakage": 0.004764889150081521,
  "eval_plan_path": "runs\\runtime\\gamma_1.570796\\alpha_0.471000\\plans\\iter_000090_control_plan.npz",
  "eval_time_ns": 180.0,
  "gamma": 1.5707963267948966,
  "phase_iter": 90,
  "robustness": {
    "sigma_1p0": {
      "average_fidelity": 0.910757780263921,
      "average_gate_fidelity": 0.888447225329901,
      "fidelity_variance": 0.0015173527275783901,
      "num_samples": 60,
      "sigma_mhz": 1.0
    }
  }
}