{
  "alpha": 0.471,
  "eval_cost": 1.190469723820968,
  "eval_fidelity": 0.9441883036298097,
  "eval_leakage": 0.004727696279159738,
  "eval_plan_path": "runs\\runtime\\gamma_1.570796\\alpha_0.471000\\plans\\iter_000018_control_plan.npz",
  "eval_time_ns": 180.0,
  "gamma": 1.5707963267948966,
  "phase_iter": 18,
  "robustness": {
    "sigma_1p0": {
      "average_fidelity": 0.9024096397505792,
      "average_gate_fidelity": 0.8780120496882243,
      "fidelity_variance": 0.0018170868974544396,
      "num_samples": 60,
      "sigma_mhz": 1.0
    }
  }
}