{
  "alpha": 0.471,
  "eval_cost": 1.1069427145185493,
  "eval_fidelity": 0.9439264637047541,
  "eval_leakage": 0.004806501199089257,
  "eval_plan_path": "runs\\runtime\\gamma_1.570796\\alpha_0.471000\\plans\\iter_000010_control_plan.npz",
  "eval_time_ns": 180.0,
  "gamma": 1.5707963267948966,
  "phase_iter": 10,
  "robustness": {
    "sigma_1p0": {
      "average_fidelity": 0.9101309906236725,
      "average_gate_fidelity": 0.8876637382795907,
      "fidelity_variance": 0.0013906591868512303,
      "num_samples": 60,
      "sigma_mhz": 1.0
    }
  }
}