{
  "alpha": 2.2,
  "best_horizon_ns": 70.0,
  "gamma": 1.5707963267948966,
  "nominal_cost": 0.1256267994960814,
  "nominal_fidelity": 0.9993852469909151,
  "nominal_leakage": 0.00019814708030270733,
  "nominal_time_ns": 70.0,
  "plan_path": "runs/adam_nominal_alpha_2.2_gamma_pi2_fair\\best_control_plan.npz",
  "robustness": {
    "sigma_1p0": {
      "average_fidelity": 0.9795594471960165,
      "average_gate_fidelity": 0.9744493089950208,
      "fidelity_variance": 7.881540330447858e-05,
      "num_samples": 60,
      "sigma_mhz": 1.0
    }
  }
}