{
  "alpha": 2.2,
  "eval_cost": 0.7856027838687073,
  "eval_fidelity": 0.9643345487199658,
  "eval_leakage": 0.00022234493518805812,
  "eval_plan_path": "runs\\cost_function_sweep\\trpo\\a-2p2_9f9fdee6\\seed_2\\plans\\iter_000004_control_plan.npz",
  "eval_time_ns": 180.0,
  "gamma": 1.5707963267948966,
  "iteration": 4,
  "robustness": {
    "sigma_1p0": {
      "average_fidelity": 0.9226303503179907,
      "average_gate_fidelity": 0.9032879378974882,
      "fidelity_variance": 0.0015205320643608144,
      "num_samples": 60,
      "sigma_mhz": 1.0
    }
  }
}