{
  "alpha": 2.2,
  "eval_cost": 1.1862711800138688,
  "eval_fidelity": 0.8937665190089017,
  "eval_leakage": 0.0001645586418828506,
  "eval_plan_path": "runs\\cost_function_sweep\\trpo\\a-2p2_9f9fdee6\\seed_2\\plans\\iter_000002_control_plan.npz",
  "eval_time_ns": 180.0,
  "gamma": 1.5707963267948966,
  "iteration": 2,
  "robustness": {
    "sigma_1p0": {
      "average_fidelity": 0.8658941546797178,
      "average_gate_fidelity": 0.832367693349647,
      "fidelity_variance": 0.0024398189683791332,
      "num_samples": 60,
      "sigma_mhz": 1.0
    }
  }
}