{
  "alpha": 0.942,
  "eval_cost": 1.7201496288066391,
  "eval_fidelity": 0.8963979197712667,
  "eval_leakage": 0.006892381783482117,
  "eval_plan_path": "runs\\runtime\\gamma_1.570796\\alpha_0.942000\\plans\\iter_000013_control_plan.npz",
  "eval_time_ns": 180.0,
  "gamma": 1.5707963267948966,
  "phase_iter": 13,
  "robustness": {
    "sigma_1p0": {
      "average_fidelity": 0.8711524578794991,
      "average_gate_fidelity": 0.8389405723493739,
      "fidelity_variance": 0.0014947779597274567,
      "num_samples": 60,
      "sigma_mhz": 1.0
    }
  }
}