{
  "alpha": 0.942,
  "eval_cost": 1.36938564929276,
  "eval_fidelity": 0.9116786044701002,
  "eval_leakage": 0.00746773647535697,
  "eval_plan_path": "runs\\runtime\\gamma_1.570796\\alpha_0.942000\\plans\\iter_000083_control_plan.npz",
  "eval_time_ns": 180.0,
  "gamma": 1.5707963267948966,
  "phase_iter": 83,
  "robustness": {
    "sigma_1p0": {
      "average_fidelity": 0.8811856208115803,
      "average_gate_fidelity": 0.8514820260144752,
      "fidelity_variance": 0.0011504462951253051,
      "num_samples": 60,
      "sigma_mhz": 1.0
    }
  }
}