{
  "alpha": 0.942,
  "eval_cost": 1.4026119737732166,
  "eval_fidelity": 0.9137872974099778,
  "eval_leakage": 0.00642598021458789,
  "eval_plan_path": "runs\\runtime\\gamma_1.570796\\alpha_0.942000\\plans\\iter_000006_control_plan.npz",
  "eval_time_ns": 180.0,
  "gamma": 1.5707963267948966,
  "phase_iter": 6,
  "robustness": {
    "sigma_1p0": {
      "average_fidelity": 0.8805837042373357,
      "average_gate_fidelity": 0.8507296302966696,
      "fidelity_variance": 0.0011917533645064802,
      "num_samples": 60,
      "sigma_mhz": 1.0
    }
  }
}