{
  "alpha": 0.942,
  "eval_cost": 1.1126635836317058,
  "eval_fidelity": 0.9361381692070438,
  "eval_leakage": 0.006906129907653901,
  "eval_plan_path": "runs\\runtime\\gamma_1.570796\\alpha_0.942000\\plans\\iter_000088_control_plan.npz",
  "eval_time_ns": 180.0,
  "gamma": 1.5707963267948966,
  "phase_iter": 88,
  "robustness": {
    "sigma_1p0": {
      "average_fidelity": 0.9046681615331729,
      "average_gate_fidelity": 0.8808352019164661,
      "fidelity_variance": 0.0008767181005159362,
      "num_samples": 60,
      "sigma_mhz": 1.0
    }
  }
}