{
  "alpha": 0.942,
  "eval_cost": 1.684648252188512,
  "eval_fidelity": 0.9068552609740583,
  "eval_leakage": 0.007533418616230674,
  "eval_plan_path": "runs\\runtime\\gamma_1.570796\\alpha_0.942000\\plans\\iter_000024_control_plan.npz",
  "eval_time_ns": 180.0,
  "gamma": 1.5707963267948966,
  "phase_iter": 24,
  "robustness": {
    "sigma_1p0": {
      "average_fidelity": 0.8737643435856701,
      "average_gate_fidelity": 0.8422054294820874,
      "fidelity_variance": 0.0012099147472893056,
      "num_samples": 60,
      "sigma_mhz": 1.0
    }
  }
}