{
  "alpha": 0.942,
  "eval_cost": 1.545847787040162,
  "eval_fidelity": 0.9001736832297785,
  "eval_leakage": 0.008348664087947686,
  "eval_plan_path": "runs\\runtime\\gamma_1.570796\\alpha_0.942000\\plans\\iter_000075_control_plan.npz",
  "eval_time_ns": 180.0,
  "gamma": 1.5707963267948966,
  "phase_iter": 75,
  "robustness": {
    "sigma_1p0": {
      "average_fidelity": 0.8751691007628092,
      "average_gate_fidelity": 0.8439613759535114,
      "fidelity_variance": 0.0011789028081157953,
      "num_samples": 60,
      "sigma_mhz": 1.0
    }
  }
}