{
  "alpha": 0.942,
  "eval_cost": 1.2218602971120596,
  "eval_fidelity": 0.926588230743338,
  "eval_leakage": 0.007310245532118401,
  "eval_plan_path": "runs\\runtime\\gamma_1.570796\\alpha_0.942000\\plans\\iter_000085_control_plan.npz",
  "eval_time_ns": 180.0,
  "gamma": 1.5707963267948966,
  "phase_iter": 85,
  "robustness": {
    "sigma_1p0": {
      "average_fidelity": 0.8950567448050603,
      "average_gate_fidelity": 0.8688209310063254,
      "fidelity_variance": 0.0014392348096634534,
      "num_samples": 60,
      "sigma_mhz": 1.0
    }
  }
}