{
  "alpha": 0.942,
  "eval_cost": 1.4356928655709644,
  "eval_fidelity": 0.9049502800404865,
  "eval_leakage": 0.007932304160578166,
  "eval_plan_path": "runs\\runtime\\gamma_1.570796\\alpha_0.942000\\plans\\iter_000064_control_plan.npz",
  "eval_time_ns": 180.0,
  "gamma": 1.5707963267948966,
  "phase_iter": 64,
  "robustness": {
    "sigma_1p0": {
      "average_fidelity": 0.8809366450800411,
      "average_gate_fidelity": 0.8511708063500514,
      "fidelity_variance": 0.0011673723093882672,
      "num_samples": 60,
      "sigma_mhz": 1.0
    }
  }
}