{
  "alpha": 0.942,
  "eval_cost": 1.3869068667309268,
  "eval_fidelity": 0.9108580423937334,
  "eval_leakage": 0.007723520348774781,
  "eval_plan_path": "runs\\runtime\\gamma_1.570796\\alpha_0.942000\\plans\\iter_000056_control_plan.npz",
  "eval_time_ns": 180.0,
  "gamma": 1.5707963267948966,
  "phase_iter": 56,
  "robustness": {
    "sigma_1p0": {
      "average_fidelity": 0.8770872122699249,
      "average_gate_fidelity": 0.8463590153374062,
      "fidelity_variance": 0.0008467484976689221,
      "num_samples": 60,
      "sigma_mhz": 1.0
    }
  }
}