{
  "alpha": 0.942,
  "eval_cost": 1.4701688400207025,
  "eval_fidelity": 0.9074329463336327,
  "eval_leakage": 0.00822831979703403,
  "eval_plan_path": "runs\\runtime\\gamma_1.570796\\alpha_0.942000\\plans\\iter_000077_control_plan.npz",
  "eval_time_ns": 180.0,
  "gamma": 1.5707963267948966,
  "phase_iter": 77,
  "robustness": {
    "sigma_1p0": {
      "average_fidelity": 0.8777943843139031,
      "average_gate_fidelity": 0.847242980392379,
      "fidelity_variance": 0.001107299601679339,
      "num_samples": 60,
      "sigma_mhz": 1.0
    }
  }
}