{
  "alpha": 0.942,
  "eval_cost": 1.4858831673510215,
  "eval_fidelity": 0.905653926790308,
  "eval_leakage": 0.008340028467709731,
  "eval_plan_path": "runs\\runtime\\gamma_1.570796\\alpha_0.942000\\plans\\iter_000074_control_plan.npz",
  "eval_time_ns": 180.0,
  "gamma": 1.5707963267948966,
  "phase_iter": 74,
  "robustness": {
    "sigma_1p0": {
      "average_fidelity": 0.8723787193928264,
      "average_gate_fidelity": 0.8404733992410329,
      "fidelity_variance": 0.0016696651397322012,
      "num_samples": 60,
      "sigma_mhz": 1.0
    }
  }
}