{
  "alpha": 0.942,
  "eval_cost": 1.511370457085606,
  "eval_fidelity": 0.9085404543666868,
  "eval_leakage": 0.007977206676013643,
  "eval_plan_path": "runs\\runtime\\gamma_1.570796\\alpha_0.942000\\plans\\iter_000043_control_plan.npz",
  "eval_time_ns": 180.0,
  "gamma": 1.5707963267948966,
  "phase_iter": 43,
  "robustness": {
    "sigma_1p0": {
      "average_fidelity": 0.8805832900089368,
      "average_gate_fidelity": 0.8507291125111709,
      "fidelity_variance": 0.001026135083928591,
      "num_samples": 60,
      "sigma_mhz": 1.0
    }
  }
}