{
  "alpha": 0.942,
  "eval_cost": 1.298023943072188,
  "eval_fidelity": 0.9185736489096589,
  "eval_leakage": 0.007708764477366961,
  "eval_plan_path": "runs\\runtime\\gamma_1.570796\\alpha_0.942000\\plans\\iter_000057_control_plan.npz",
  "eval_time_ns": 180.0,
  "gamma": 1.5707963267948966,
  "phase_iter": 57,
  "robustness": {
    "sigma_1p0": {
      "average_fidelity": 0.8921148750417824,
      "average_gate_fidelity": 0.8651435938022283,
      "fidelity_variance": 0.001255688059198366,
      "num_samples": 60,
      "sigma_mhz": 1.0
    }
  }
}