{
  "alpha": 0.942,
  "eval_cost": 1.280780974068598,
  "eval_fidelity": 0.9231593591552795,
  "eval_leakage": 0.00781892099519588,
  "eval_plan_path": "runs\\runtime\\gamma_1.570796\\alpha_0.942000\\plans\\iter_000049_control_plan.npz",
  "eval_time_ns": 180.0,
  "gamma": 1.5707963267948966,
  "phase_iter": 49,
  "robustness": {
    "sigma_1p0": {
      "average_fidelity": 0.8909361528686063,
      "average_gate_fidelity": 0.8636701910857576,
      "fidelity_variance": 0.0008535618071396944,
      "num_samples": 60,
      "sigma_mhz": 1.0
    }
  }
}