{
  "alpha": 0.942,
  "eval_cost": 1.3979254567507122,
  "eval_fidelity": 0.9054016760049233,
  "eval_leakage": 0.006114536342576005,
  "eval_plan_path": "runs\\runtime\\gamma_1.570796\\alpha_0.942000\\plans\\iter_000002_control_plan.npz",
  "eval_time_ns": 180.0,
  "gamma": 1.5707963267948966,
  "phase_iter": 2,
  "robustness": {
    "sigma_1p0": {
      "average_fidelity": 0.8747877483175955,
      "average_gate_fidelity": 0.8434846853969945,
      "fidelity_variance": 0.0015659824883414051,
      "num_samples": 60,
      "sigma_mhz": 1.0
    }
  }
}