{
  "alpha": 0.942,
  "eval_cost": 0.947750648700632,
  "eval_fidelity": 0.945074422329444,
  "eval_leakage": 0.006279822963798527,
  "eval_plan_path": "runs\\runtime\\gamma_1.570796\\alpha_0.942000\\plans\\iter_000098_control_plan.npz",
  "eval_time_ns": 180.0,
  "gamma": 1.5707963267948966,
  "phase_iter": 98,
  "robustness": {
    "sigma_1p0": {
      "average_fidelity": 0.908230627946566,
      "average_gate_fidelity": 0.8852882849332073,
      "fidelity_variance": 0.0012180761060409564,
      "num_samples": 60,
      "sigma_mhz": 1.0
    }
  }
}