{
  "alpha": 0.942,
  "eval_cost": 1.5925966769563582,
  "eval_fidelity": 0.9146781104736112,
  "eval_leakage": 0.007985861150936503,
  "eval_plan_path": "runs\\runtime\\gamma_1.570796\\alpha_0.942000\\plans\\iter_000033_control_plan.npz",
  "eval_time_ns": 180.0,
  "gamma": 1.5707963267948966,
  "phase_iter": 33,
  "robustness": {
    "sigma_1p0": {
      "average_fidelity": 0.8883293297761412,
      "average_gate_fidelity": 0.8604116622201767,
      "fidelity_variance": 0.0012027580682884545,
      "num_samples": 60,
      "sigma_mhz": 1.0
    }
  }
}