{
  "alpha": 0.942,
  "eval_cost": 1.4294795459620033,
  "eval_fidelity": 0.910303449584887,
  "eval_leakage": 0.00832259470342977,
  "eval_plan_path": "runs\\runtime\\gamma_1.570796\\alpha_0.942000\\plans\\iter_000072_control_plan.npz",
  "eval_time_ns": 180.0,
  "gamma": 1.5707963267948966,
  "phase_iter": 72,
  "robustness": {
    "sigma_1p0": {
      "average_fidelity": 0.8752304249228229,
      "average_gate_fidelity": 0.8440380311535283,
      "fidelity_variance": 0.0011217237046938142,
      "num_samples": 60,
      "sigma_mhz": 1.0
    }
  }
}