{
  "alpha": 0.942,
  "eval_cost": 1.534893081191744,
  "eval_fidelity": 0.9176748711126547,
  "eval_leakage": 0.00802317796304368,
  "eval_plan_path": "runs\\runtime\\gamma_1.570796\\alpha_0.942000\\plans\\iter_000034_control_plan.npz",
  "eval_time_ns": 180.0,
  "gamma": 1.5707963267948966,
  "phase_iter": 34,
  "robustness": {
    "sigma_1p0": {
      "average_fidelity": 0.8815976580508466,
      "average_gate_fidelity": 0.8519970725635583,
      "fidelity_variance": 0.0011449453576038928,
      "num_samples": 60,
      "sigma_mhz": 1.0
    }
  }
}