{
  "alpha": 0.942,
  "eval_cost": 1.6088979283069385,
  "eval_fidelity": 0.9063005632377021,
  "eval_leakage": 0.006664088700497624,
  "eval_plan_path": "runs\\runtime\\gamma_1.570796\\alpha_0.942000\\plans\\iter_000009_control_plan.npz",
  "eval_time_ns": 180.0,
  "gamma": 1.5707963267948966,
  "phase_iter": 9,
  "robustness": {
    "sigma_1p0": {
      "average_fidelity": 0.875532725185734,
      "average_gate_fidelity": 0.8444159064821674,
      "fidelity_variance": 0.0014595184337112314,
      "num_samples": 60,
      "sigma_mhz": 1.0
    }
  }
}