{
  "alpha": 0.942,
  "eval_cost": 1.6520488632909716,
  "eval_fidelity": 0.9046838048639125,
  "eval_leakage": 0.007209086656060707,
  "eval_plan_path": "runs\\runtime\\gamma_1.570796\\alpha_0.942000\\plans\\iter_000019_control_plan.npz",
  "eval_time_ns": 180.0,
  "gamma": 1.5707963267948966,
  "phase_iter": 19,
  "robustness": {
    "sigma_1p0": {
      "average_fidelity": 0.8746999660926248,
      "average_gate_fidelity": 0.8433749576157811,
      "fidelity_variance": 0.0015824657120842719,
      "num_samples": 60,
      "sigma_mhz": 1.0
    }
  }
}