{
  "alpha": 0.942,
  "eval_cost": 1.6436322293378716,
  "eval_fidelity": 0.9087594172834546,
  "eval_leakage": 0.0077713039682554596,
  "eval_plan_path": "runs\\runtime\\gamma_1.570796\\alpha_0.942000\\plans\\iter_000029_control_plan.npz",
  "eval_time_ns": 180.0,
  "gamma": 1.5707963267948966,
  "phase_iter": 29,
  "robustness": {
    "sigma_1p0": {
      "average_fidelity": 0.8844714687523276,
      "average_gate_fidelity": 0.8555893359404094,
      "fidelity_variance": 0.0008607615569402364,
      "num_samples": 60,
      "sigma_mhz": 1.0
    }
  }
}