{
  "alpha": 0.942,
  "eval_cost": 1.7753597085470896,
  "eval_fidelity": 0.9021158688922549,
  "eval_leakage": 0.007953835201909428,
  "eval_plan_path": "runs\\runtime\\gamma_1.570796\\alpha_0.942000\\plans\\iter_000032_control_plan.npz",
  "eval_time_ns": 180.0,
  "gamma": 1.5707963267948966,
  "phase_iter": 32,
  "robustness": {
    "sigma_1p0": {
      "average_fidelity": 0.8700259939126191,
      "average_gate_fidelity": 0.8375324923907738,
      "fidelity_variance": 0.0012879459085032617,
      "num_samples": 60,
      "sigma_mhz": 1.0
    }
  }
}