{
  "alpha": 0.942,
  "eval_cost": 0.9326078673209692,
  "eval_fidelity": 0.9496836988991335,
  "eval_leakage": 0.00647376248268583,
  "eval_plan_path": "runs\\runtime\\gamma_1.570796\\alpha_0.942000\\plans\\iter_000093_control_plan.npz",
  "eval_time_ns": 180.0,
  "gamma": 1.5707963267948966,
  "phase_iter": 93,
  "robustness": {
    "sigma_1p0": {
      "average_fidelity": 0.9096243500283523,
      "average_gate_fidelity": 0.8870304375354403,
      "fidelity_variance": 0.0014307220504170004,
      "num_samples": 60,
      "sigma_mhz": 1.0
    }
  }
}