{
  "alpha": 0.942,
  "eval_cost": 1.7244281639665775,
  "eval_fidelity": 0.9055890675117643,
  "eval_leakage": 0.007510109067852496,
  "eval_plan_path": "runs\\runtime\\gamma_1.570796\\alpha_0.942000\\plans\\iter_000023_control_plan.npz",
  "eval_time_ns": 180.0,
  "gamma": 1.5707963267948966,
  "phase_iter": 23,
  "robustness": {
    "sigma_1p0": {
      "average_fidelity": 0.8812947883328912,
      "average_gate_fidelity": 0.851618485416114,
      "fidelity_variance": 0.0012280797212930327,
      "num_samples": 60,
      "sigma_mhz": 1.0
    }
  }
}