{
  "alpha": 0.942,
  "eval_cost": 1.4996532172488222,
  "eval_fidelity": 0.9019952096407458,
  "eval_leakage": 0.008176597069737822,
  "eval_plan_path": "runs\\runtime\\gamma_1.570796\\alpha_0.942000\\plans\\iter_000067_control_plan.npz",
  "eval_time_ns": 180.0,
  "gamma": 1.5707963267948966,
  "phase_iter": 67,
  "robustness": {
    "sigma_1p0": {
      "average_fidelity": 0.8753495299519273,
      "average_gate_fidelity": 0.8441869124399091,
      "fidelity_variance": 0.0017542062309799783,
      "num_samples": 60,
      "sigma_mhz": 1.0
    }
  }
}