{
  "alpha": 0.942,
  "eval_cost": 1.550194424166164,
  "eval_fidelity": 0.8954142545267658,
  "eval_leakage": 0.008054624068363145,
  "eval_plan_path": "runs\\runtime\\gamma_1.570796\\alpha_0.942000\\plans\\iter_000065_control_plan.npz",
  "eval_time_ns": 180.0,
  "gamma": 1.5707963267948966,
  "phase_iter": 65,
  "robustness": {
    "sigma_1p0": {
      "average_fidelity": 0.8700838765169032,
      "average_gate_fidelity": 0.837604845646129,
      "fidelity_variance": 0.0014176272229513259,
      "num_samples": 60,
      "sigma_mhz": 1.0
    }
  }
}