{
  "alpha": 0.942,
  "eval_cost": 1.2729320910079007,
  "eval_fidelity": 0.9194873019295351,
  "eval_leakage": 0.007691853922959343,
  "eval_plan_path": "runs\\runtime\\gamma_1.570796\\alpha_0.942000\\plans\\iter_000058_control_plan.npz",
  "eval_time_ns": 180.0,
  "gamma": 1.5707963267948966,
  "phase_iter": 58,
  "robustness": {
    "sigma_1p0": {
      "average_fidelity": 0.8859617253565043,
      "average_gate_fidelity": 0.8574521566956305,
      "fidelity_variance": 0.0008549482112494618,
      "num_samples": 60,
      "sigma_mhz": 1.0
    }
  }
}