{
  "alpha": 0.942,
  "eval_cost": 1.5358134696613912,
  "eval_fidelity": 0.9014179577524515,
  "eval_leakage": 0.008143855959853803,
  "eval_plan_path": "runs\\runtime\\gamma_1.570796\\alpha_0.942000\\plans\\iter_000078_control_plan.npz",
  "eval_time_ns": 180.0,
  "gamma": 1.5707963267948966,
  "phase_iter": 78,
  "robustness": {
    "sigma_1p0": {
      "average_fidelity": 0.884553787467451,
      "average_gate_fidelity": 0.8556922343343136,
      "fidelity_variance": 0.0008748843930174536,
      "num_samples": 60,
      "sigma_mhz": 1.0
    }
  }
}