{
  "alpha": 0.942,
  "eval_cost": 1.7322262646029492,
  "eval_fidelity": 0.9041328144000493,
  "eval_leakage": 0.007612658533318324,
  "eval_plan_path": "runs\\runtime\\gamma_1.570796\\alpha_0.942000\\plans\\iter_000026_control_plan.npz",
  "eval_time_ns": 180.0,
  "gamma": 1.5707963267948966,
  "phase_iter": 26,
  "robustness": {
    "sigma_1p0": {
      "average_fidelity": 0.870370003364779,
      "average_gate_fidelity": 0.8379625042059738,
      "fidelity_variance": 0.0011231853536343452,
      "num_samples": 60,
      "sigma_mhz": 1.0
    }
  }
}