{
  "alpha": 0.942,
  "eval_cost": 1.6191545511993581,
  "eval_fidelity": 0.9043455371654091,
  "eval_leakage": 0.006816110360058555,
  "eval_plan_path": "runs\\runtime\\gamma_1.570796\\alpha_0.942000\\plans\\iter_000011_control_plan.npz",
  "eval_time_ns": 180.0,
  "gamma": 1.5707963267948966,
  "phase_iter": 11,
  "robustness": {
    "sigma_1p0": {
      "average_fidelity": 0.8703200512223935,
      "average_gate_fidelity": 0.8379000640279918,
      "fidelity_variance": 0.0015057755662893954,
      "num_samples": 60,
      "sigma_mhz": 1.0
    }
  }
}