{
  "alpha": 0.942,
  "eval_cost": 1.4487047907062767,
  "eval_fidelity": 0.906554969085277,
  "eval_leakage": 0.00817096998127225,
  "eval_plan_path": "runs\\runtime\\gamma_1.570796\\alpha_0.942000\\plans\\iter_000068_control_plan.npz",
  "eval_time_ns": 180.0,
  "gamma": 1.5707963267948966,
  "phase_iter": 68,
  "robustness": {
    "sigma_1p0": {
      "average_fidelity": 0.8694725565217086,
      "average_gate_fidelity": 0.8368406956521355,
      "fidelity_variance": 0.0011029972236587442,
      "num_samples": 60,
      "sigma_mhz": 1.0
    }
  }
}