{
  "alpha": 0.942,
  "eval_cost": 1.4360883070531965,
  "eval_fidelity": 0.9099499472689982,
  "eval_leakage": 0.008339283240078085,
  "eval_plan_path": "runs\\runtime\\gamma_1.570796\\alpha_0.942000\\plans\\iter_000073_control_plan.npz",
  "eval_time_ns": 180.0,
  "gamma": 1.5707963267948966,
  "phase_iter": 73,
  "robustness": {
    "sigma_1p0": {
      "average_fidelity": 0.8849947329491332,
      "average_gate_fidelity": 0.8562434161864166,
      "fidelity_variance": 0.0011097558880863792,
      "num_samples": 60,
      "sigma_mhz": 1.0
    }
  }
}