{
  "alpha": 0.942,
  "eval_cost": 1.2676231483927691,
  "eval_fidelity": 0.9218233555504034,
  "eval_leakage": 0.007388060322263512,
  "eval_plan_path": "runs\\runtime\\gamma_1.570796\\alpha_0.942000\\plans\\iter_000084_control_plan.npz",
  "eval_time_ns": 180.0,
  "gamma": 1.5707963267948966,
  "phase_iter": 84,
  "robustness": {
    "sigma_1p0": {
      "average_fidelity": 0.8842994960380361,
      "average_gate_fidelity": 0.855374370047545,
      "fidelity_variance": 0.0013807479795688049,
      "num_samples": 60,
      "sigma_mhz": 1.0
    }
  }
}