{
  "alpha": 0.942,
  "eval_cost": 1.5235017574929108,
  "eval_fidelity": 0.9157162949653892,
  "eval_leakage": 0.008045032581836456,
  "eval_plan_path": "runs\\runtime\\gamma_1.570796\\alpha_0.942000\\plans\\iter_000036_control_plan.npz",
  "eval_time_ns": 180.0,
  "gamma": 1.5707963267948966,
  "phase_iter": 36,
  "robustness": {
    "sigma_1p0": {
      "average_fidelity": 0.8817990989635114,
      "average_gate_fidelity": 0.8522488737043894,
      "fidelity_variance": 0.001027775267282621,
      "num_samples": 60,
      "sigma_mhz": 1.0
    }
  }
}