{
  "alpha": 0.942,
  "eval_cost": 1.426773029125014,
  "eval_fidelity": 0.9131876219280577,
  "eval_leakage": 0.0080085629914277,
  "eval_plan_path": "runs\\runtime\\gamma_1.570796\\alpha_0.942000\\plans\\iter_000079_control_plan.npz",
  "eval_time_ns": 180.0,
  "gamma": 1.5707963267948966,
  "phase_iter": 79,
  "robustness": {
    "sigma_1p0": {
      "average_fidelity": 0.8806039905612034,
      "average_gate_fidelity": 0.8507549882015042,
      "fidelity_variance": 0.0010878212179926303,
      "num_samples": 60,
      "sigma_mhz": 1.0
    }
  }
}