{
  "alpha": 0.942,
  "eval_cost": 1.505214878411099,
  "eval_fidelity": 0.9114210311625301,
  "eval_leakage": 0.007995689749370061,
  "eval_plan_path": "runs\\runtime\\gamma_1.570796\\alpha_0.942000\\plans\\iter_000040_control_plan.npz",
  "eval_time_ns": 180.0,
  "gamma": 1.5707963267948966,
  "phase_iter": 40,
  "robustness": {
    "sigma_1p0": {
      "average_fidelity": 0.8785938693575632,
      "average_gate_fidelity": 0.848242336696954,
      "fidelity_variance": 0.0009199415393966906,
      "num_samples": 60,
      "sigma_mhz": 1.0
    }
  }
}