{
  "alpha": 0.942,
  "eval_cost": 1.813698591013621,
  "eval_fidelity": 0.898996458136633,
  "eval_leakage": 0.0073825610205019735,
  "eval_plan_path": "runs\\runtime\\gamma_1.570796\\alpha_0.942000\\plans\\iter_000021_control_plan.npz",
  "eval_time_ns": 180.0,
  "gamma": 1.5707963267948966,
  "phase_iter": 21,
  "robustness": {
    "sigma_1p0": {
      "average_fidelity": 0.8750273612784929,
      "average_gate_fidelity": 0.8437842015981158,
      "fidelity_variance": 0.0010736583686511458,
      "num_samples": 60,
      "sigma_mhz": 1.0
    }
  }
}