{
  "alpha": 0.942,
  "eval_cost": 1.649969439204033,
  "eval_fidelity": 0.8885761813809615,
  "eval_leakage": 0.008170110822615595,
  "eval_plan_path": "runs\\runtime\\gamma_1.570796\\alpha_0.942000\\plans\\iter_000066_control_plan.npz",
  "eval_time_ns": 180.0,
  "gamma": 1.5707963267948966,
  "phase_iter": 66,
  "robustness": {
    "sigma_1p0": {
      "average_fidelity": 0.8645120852405723,
      "average_gate_fidelity": 0.8306401065507156,
      "fidelity_variance": 0.001134941491683765,
      "num_samples": 60,
      "sigma_mhz": 1.0
    }
  }
}