{
  "alpha": 0.942,
  "eval_cost": 1.2734858305740053,
  "eval_fidelity": 0.9220234178745416,
  "eval_leakage": 0.007811847678988614,
  "eval_plan_path": "runs\\runtime\\gamma_1.570796\\alpha_0.942000\\plans\\iter_000052_control_plan.npz",
  "eval_time_ns": 180.0,
  "gamma": 1.5707963267948966,
  "phase_iter": 52,
  "robustness": {
    "sigma_1p0": {
      "average_fidelity": 0.8816218080520692,
      "average_gate_fidelity": 0.8520272600650867,
      "fidelity_variance": 0.0008570772886143155,
      "num_samples": 60,
      "sigma_mhz": 1.0
    }
  }
}