{
  "alpha": 0.942,
  "eval_cost": 1.0189769748028477,
  "eval_fidelity": 0.9385411121578614,
  "eval_leakage": 0.006268007336675544,
  "eval_plan_path": "runs\\runtime\\gamma_1.570796\\alpha_0.942000\\plans\\iter_000099_control_plan.npz",
  "eval_time_ns": 180.0,
  "gamma": 1.5707963267948966,
  "phase_iter": 99,
  "robustness": {
    "sigma_1p0": {
      "average_fidelity": 0.9022141703458303,
      "average_gate_fidelity": 0.8777677129322878,
      "fidelity_variance": 0.0011701674030295942,
      "num_samples": 60,
      "sigma_mhz": 1.0
    }
  }
}