{
  "alpha": 0.942,
  "eval_cost": 1.1568223348409923,
  "eval_fidelity": 0.9322750538525217,
  "eval_leakage": 0.007051371551716761,
  "eval_plan_path": "runs\\runtime\\gamma_1.570796\\alpha_0.942000\\plans\\iter_000087_control_plan.npz",
  "eval_time_ns": 180.0,
  "gamma": 1.5707963267948966,
  "phase_iter": 87,
  "robustness": {
    "sigma_1p0": {
      "average_fidelity": 0.8970036886320476,
      "average_gate_fidelity": 0.8712546107900594,
      "fidelity_variance": 0.0014028705080136573,
      "num_samples": 60,
      "sigma_mhz": 1.0
    }
  }
}