{
  "alpha": 0.942,
  "eval_cost": 1.3594507523923753,
  "eval_fidelity": 0.9112127524000628,
  "eval_leakage": 0.007844170938636291,
  "eval_plan_path": "runs\\runtime\\gamma_1.570796\\alpha_0.942000\\plans\\iter_000063_control_plan.npz",
  "eval_time_ns": 180.0,
  "gamma": 1.5707963267948966,
  "phase_iter": 63,
  "robustness": {
    "sigma_1p0": {
      "average_fidelity": 0.879859491619186,
      "average_gate_fidelity": 0.8498243645239825,
      "fidelity_variance": 0.0008071377120201474,
      "num_samples": 60,
      "sigma_mhz": 1.0
    }
  }
}