{
  "alpha": 0.942,
  "eval_cost": 1.2319789757113253,
  "eval_fidelity": 0.9290886327778368,
  "eval_leakage": 0.007608335918601853,
  "eval_plan_path": "runs\\runtime\\gamma_1.570796\\alpha_0.942000\\plans\\iter_000082_control_plan.npz",
  "eval_time_ns": 180.0,
  "gamma": 1.5707963267948966,
  "phase_iter": 82,
  "robustness": {
    "sigma_1p0": {
      "average_fidelity": 0.8934154002722899,
      "average_gate_fidelity": 0.8667692503403625,
      "fidelity_variance": 0.0014490177405497126,
      "num_samples": 60,
      "sigma_mhz": 1.0
    }
  }
}