{
  "alpha": 0.942,
  "eval_cost": 1.3093604531694583,
  "eval_fidelity": 0.9149830865227235,
  "eval_leakage": 0.006244654189572697,
  "eval_plan_path": "runs\\runtime\\gamma_1.570796\\alpha_0.942000\\plans\\iter_000003_control_plan.npz",
  "eval_time_ns": 180.0,
  "gamma": 1.5707963267948966,
  "phase_iter": 3,
  "robustness": {
    "sigma_1p0": {
      "average_fidelity": 0.8847283606894794,
      "average_gate_fidelity": 0.8559104508618491,
      "fidelity_variance": 0.0011756034974986667,
      "num_samples": 60,
      "sigma_mhz": 1.0
    }
  }
}