{
  "alpha": 0.942,
  "eval_cost": 1.3146356523817755,
  "eval_fidelity": 0.9223503251717609,
  "eval_leakage": 0.00787024830131557,
  "eval_plan_path": "runs\\runtime\\gamma_1.570796\\alpha_0.942000\\plans\\iter_000048_control_plan.npz",
  "eval_time_ns": 180.0,
  "gamma": 1.5707963267948966,
  "phase_iter": 48,
  "robustness": {
    "sigma_1p0": {
      "average_fidelity": 0.8941707017234031,
      "average_gate_fidelity": 0.8677133771542539,
      "fidelity_variance": 0.0009594802323541283,
      "num_samples": 60,
      "sigma_mhz": 1.0
    }
  }
}