{
  "alpha": 0.942,
  "eval_cost": 1.3176141011161042,
  "eval_fidelity": 0.920960139158692,
  "eval_leakage": 0.007686415529087955,
  "eval_plan_path": "runs\\runtime\\gamma_1.570796\\alpha_0.942000\\plans\\iter_000081_control_plan.npz",
  "eval_time_ns": 180.0,
  "gamma": 1.5707963267948966,
  "phase_iter": 81,
  "robustness": {
    "sigma_1p0": {
      "average_fidelity": 0.893943774260036,
      "average_gate_fidelity": 0.867429717825045,
      "fidelity_variance": 0.0015234639840461192,
      "num_samples": 60,
      "sigma_mhz": 1.0
    }
  }
}