{
  "alpha": 0.942,
  "eval_cost": 1.0649909147400305,
  "eval_fidelity": 0.9345612670308331,
  "eval_leakage": 0.006272627517629092,
  "eval_plan_path": "runs\\runtime\\gamma_1.570796\\alpha_0.942000\\plans\\iter_000100_control_plan.npz",
  "eval_time_ns": 180.0,
  "gamma": 1.5707963267948966,
  "phase_iter": 100,
  "robustness": {
    "sigma_1p0": {
      "average_fidelity": 0.9008088412778309,
      "average_gate_fidelity": 0.8760110515972886,
      "fidelity_variance": 0.001390695128963713,
      "num_samples": 60,
      "sigma_mhz": 1.0
    }
  }
}