{
  "alpha": 0.942,
  "eval_cost": 1.4795416884521553,
  "eval_fidelity": 0.9184465419482815,
  "eval_leakage": 0.008020301434450953,
  "eval_plan_path": "runs\\runtime\\gamma_1.570796\\alpha_0.942000\\plans\\iter_000038_control_plan.npz",
  "eval_time_ns": 180.0,
  "gamma": 1.5707963267948966,
  "phase_iter": 38,
  "robustness": {
    "sigma_1p0": {
      "average_fidelity": 0.8823441699536041,
      "average_gate_fidelity": 0.8529302124420047,
      "fidelity_variance": 0.0013760516543436252,
      "num_samples": 60,
      "sigma_mhz": 1.0
    }
  }
}