{
  "alpha": 0.942,
  "eval_cost": 1.281930953452019,
  "eval_fidelity": 0.9229630688662575,
  "eval_leakage": 0.00785978376091701,
  "eval_plan_path": "runs\\runtime\\gamma_1.570796\\alpha_0.942000\\plans\\iter_000051_control_plan.npz",
  "eval_time_ns": 180.0,
  "gamma": 1.5707963267948966,
  "phase_iter": 51,
  "robustness": {
    "sigma_1p0": {
      "average_fidelity": 0.8867645177209337,
      "average_gate_fidelity": 0.8584556471511671,
      "fidelity_variance": 0.0009403492396202418,
      "num_samples": 60,
      "sigma_mhz": 1.0
    }
  }
}