{
  "alpha": 0.942,
  "eval_cost": 1.314081694319911,
  "eval_fidelity": 0.9162713891566603,
  "eval_leakage": 0.006263082947458964,
  "eval_plan_path": "runs\\runtime\\gamma_1.570796\\alpha_0.942000\\plans\\iter_000004_control_plan.npz",
  "eval_time_ns": 180.0,
  "gamma": 1.5707963267948966,
  "phase_iter": 4,
  "robustness": {
    "sigma_1p0": {
      "average_fidelity": 0.8869197424216605,
      "average_gate_fidelity": 0.8586496780270759,
      "fidelity_variance": 0.0013205082618601175,
      "num_samples": 60,
      "sigma_mhz": 1.0
    }
  }
}