{
  "alpha": 0.942,
  "eval_cost": 1.3386200447441599,
  "eval_fidelity": 0.9168517003148515,
  "eval_leakage": 0.006331851977177327,
  "eval_plan_path": "runs\\runtime\\gamma_1.570796\\alpha_0.942000\\plans\\iter_000005_control_plan.npz",
  "eval_time_ns": 180.0,
  "gamma": 1.5707963267948966,
  "phase_iter": 5,
  "robustness": {
    "sigma_1p0": {
      "average_fidelity": 0.8870369752577073,
      "average_gate_fidelity": 0.858796219072134,
      "fidelity_variance": 0.0011952713574453655,
      "num_samples": 60,
      "sigma_mhz": 1.0
    }
  }
}