{
  "alpha": 0.942,
  "eval_cost": 1.720931144890671,
  "eval_fidelity": 0.9073623335149237,
  "eval_leakage": 0.007740563070699576,
  "eval_plan_path": "runs\\runtime\\gamma_1.570796\\alpha_0.942000\\plans\\iter_000028_control_plan.npz",
  "eval_time_ns": 180.0,
  "gamma": 1.5707963267948966,
  "phase_iter": 28,
  "robustness": {
    "sigma_1p0": {
      "average_fidelity": 0.8736488442324893,
      "average_gate_fidelity": 0.8420610552906116,
      "fidelity_variance": 0.0011947780400022342,
      "num_samples": 60,
      "sigma_mhz": 1.0
    }
  }
}