{
  "alpha": 0.942,
  "eval_cost": 1.7018813337322682,
  "eval_fidelity": 0.9020107983815805,
  "eval_leakage": 0.007139451181514436,
  "eval_plan_path": "runs\\runtime\\gamma_1.570796\\alpha_0.942000\\plans\\iter_000017_control_plan.npz",
  "eval_time_ns": 180.0,
  "gamma": 1.5707963267948966,
  "phase_iter": 17,
  "robustness": {
    "sigma_1p0": {
      "average_fidelity": 0.8766609006234909,
      "average_gate_fidelity": 0.8458261257793634,
      "fidelity_variance": 0.0013799305423938776,
      "num_samples": 60,
      "sigma_mhz": 1.0
    }
  }
}