{
  "alpha": 0.942,
  "eval_cost": 1.4468351195340161,
  "eval_fidelity": 0.9053511780780217,
  "eval_leakage": 0.007802315291075158,
  "eval_plan_path": "runs\\runtime\\gamma_1.570796\\alpha_0.942000\\plans\\iter_000060_control_plan.npz",
  "eval_time_ns": 180.0,
  "gamma": 1.5707963267948966,
  "phase_iter": 60,
  "robustness": {
    "sigma_1p0": {
      "average_fidelity": 0.8803189850507831,
      "average_gate_fidelity": 0.8503987313134792,
      "fidelity_variance": 0.0010983232143848107,
      "num_samples": 60,
      "sigma_mhz": 1.0
    }
  }
}