{
  "alpha": 0.942,
  "eval_cost": 0.9214732322590854,
  "eval_fidelity": 0.9506686463101026,
  "eval_leakage": 0.006431258068781685,
  "eval_plan_path": "runs\\runtime\\gamma_1.570796\\alpha_0.942000\\plans\\iter_000094_control_plan.npz",
  "eval_time_ns": 180.0,
  "gamma": 1.5707963267948966,
  "phase_iter": 94,
  "robustness": {
    "sigma_1p0": {
      "average_fidelity": 0.9079747425490385,
      "average_gate_fidelity": 0.8849684281862981,
      "fidelity_variance": 0.001283798143930994,
      "num_samples": 60,
      "sigma_mhz": 1.0
    }
  }
}