{
  "alpha": 0.942,
  "eval_cost": 1.2537665056634033,
  "eval_fidelity": 0.9217341904784644,
  "eval_leakage": 0.007720897907148618,
  "eval_plan_path": "runs\\runtime\\gamma_1.570796\\alpha_0.942000\\plans\\iter_000055_control_plan.npz",
  "eval_time_ns": 180.0,
  "gamma": 1.5707963267948966,
  "phase_iter": 55,
  "robustness": {
    "sigma_1p0": {
      "average_fidelity": 0.8878752807999999,
      "average_gate_fidelity": 0.8598441009999997,
      "fidelity_variance": 0.0011791469109781619,
      "num_samples": 60,
      "sigma_mhz": 1.0
    }
  }
}