{
  "alpha": 0.942,
  "eval_cost": 1.0159722851310624,
  "eval_fidelity": 0.9381375738491271,
  "eval_leakage": 0.0062386358479841215,
  "eval_plan_path": "runs\\runtime\\gamma_1.570796\\alpha_0.942000\\plans\\iter_000101_control_plan.npz",
  "eval_time_ns": 180.0,
  "gamma": 1.5707963267948966,
  "phase_iter": 101,
  "robustness": {
    "sigma_1p0": {
      "average_fidelity": 0.8998635183133121,
      "average_gate_fidelity": 0.87482939789164,
      "fidelity_variance": 0.0010052725504808334,
      "num_samples": 60,
      "sigma_mhz": 1.0
    }
  }
}