{
  "alpha": 0.942,
  "eval_cost": 1.1082427912388857,
  "eval_fidelity": 0.932373803704092,
  "eval_leakage": 0.006596434137261122,
  "eval_plan_path": "runs\\runtime\\gamma_1.570796\\alpha_0.942000\\plans\\iter_000091_control_plan.npz",
  "eval_time_ns": 180.0,
  "gamma": 1.5707963267948966,
  "phase_iter": 91,
  "robustness": {
    "sigma_1p0": {
      "average_fidelity": 0.8932789487329684,
      "average_gate_fidelity": 0.8665986859162106,
      "fidelity_variance": 0.00131800970898156,
      "num_samples": 60,
      "sigma_mhz": 1.0
    }
  }
}