{
  "alpha": 0.942,
  "eval_cost": 1.695873636634717,
  "eval_fidelity": 0.8955598481406913,
  "eval_leakage": 0.00796400076053714,
  "eval_plan_path": "runs\\runtime\\gamma_1.570796\\alpha_0.942000\\plans\\iter_000044_control_plan.npz",
  "eval_time_ns": 180.0,
  "gamma": 1.5707963267948966,
  "phase_iter": 44,
  "robustness": {
    "sigma_1p0": {
      "average_fidelity": 0.8715474439118716,
      "average_gate_fidelity": 0.8394343048898392,
      "fidelity_variance": 0.0016781421678601768,
      "num_samples": 60,
      "sigma_mhz": 1.0
    }
  }
}