{
  "alpha": 0.942,
  "eval_cost": 1.0059127907462564,
  "eval_fidelity": 0.9464271444404968,
  "eval_leakage": 0.006808746950834255,
  "eval_plan_path": "runs\\runtime\\gamma_1.570796\\alpha_0.942000\\plans\\iter_000089_control_plan.npz",
  "eval_time_ns": 180.0,
  "gamma": 1.5707963267948966,
  "phase_iter": 89,
  "robustness": {
    "sigma_1p0": {
      "average_fidelity": 0.9084508487937186,
      "average_gate_fidelity": 0.8855635609921481,
      "fidelity_variance": 0.0009958587261675144,
      "num_samples": 60,
      "sigma_mhz": 1.0
    }
  }
}