{
  "alpha": 0.942,
  "eval_cost": 1.4788155182970495,
  "eval_fidelity": 0.9055299987434933,
  "eval_leakage": 0.008232964365399427,
  "eval_plan_path": "runs\\runtime\\gamma_1.570796\\alpha_0.942000\\plans\\iter_000069_control_plan.npz",
  "eval_time_ns": 180.0,
  "gamma": 1.5707963267948966,
  "phase_iter": 69,
  "robustness": {
    "sigma_1p0": {
      "average_fidelity": 0.8774432301409171,
      "average_gate_fidelity": 0.8468040376761464,
      "fidelity_variance": 0.00144861748710972,
      "num_samples": 60,
      "sigma_mhz": 1.0
    }
  }
}