{
  "alpha": 0.942,
  "eval_cost": 1.331976208094928,
  "eval_fidelity": 0.9230408741075135,
  "eval_leakage": 0.007940517460566999,
  "eval_plan_path": "runs\\runtime\\gamma_1.570796\\alpha_0.942000\\plans\\iter_000042_control_plan.npz",
  "eval_time_ns": 180.0,
  "gamma": 1.5707963267948966,
  "phase_iter": 42,
  "robustness": {
    "sigma_1p0": {
      "average_fidelity": 0.888128251097646,
      "average_gate_fidelity": 0.8601603138720577,
      "fidelity_variance": 0.0017137928602827845,
      "num_samples": 60,
      "sigma_mhz": 1.0
    }
  }
}