{
  "alpha": 0.942,
  "eval_cost": 1.4238906548015657,
  "eval_fidelity": 0.9142621720824288,
  "eval_leakage": 0.007907587106261922,
  "eval_plan_path": "runs\\runtime\\gamma_1.570796\\alpha_0.942000\\plans\\iter_000045_control_plan.npz",
  "eval_time_ns": 180.0,
  "gamma": 1.5707963267948966,
  "phase_iter": 45,
  "robustness": {
    "sigma_1p0": {
      "average_fidelity": 0.8908611655689509,
      "average_gate_fidelity": 0.8635764569611888,
      "fidelity_variance": 0.0011959975347184014,
      "num_samples": 60,
      "sigma_mhz": 1.0
    }
  }
}