{
  "alpha": 0.942,
  "eval_cost": 1.5928417523919056,
  "eval_fidelity": 0.8963658931478764,
  "eval_leakage": 0.008328711422082687,
  "eval_plan_path": "runs\\runtime\\gamma_1.570796\\alpha_0.942000\\plans\\iter_000076_control_plan.npz",
  "eval_time_ns": 180.0,
  "gamma": 1.5707963267948966,
  "phase_iter": 76,
  "robustness": {
    "sigma_1p0": {
      "average_fidelity": 0.8691982553094146,
      "average_gate_fidelity": 0.8364978191367681,
      "fidelity_variance": 0.001016185014493757,
      "num_samples": 60,
      "sigma_mhz": 1.0
    }
  }
}