{
  "alpha": 0.942,
  "eval_cost": 1.9582541015831814,
  "eval_fidelity": 0.889958725424789,
  "eval_leakage": 0.007684691982924249,
  "eval_plan_path": "runs\\runtime\\gamma_1.570796\\alpha_0.942000\\plans\\iter_000027_control_plan.npz",
  "eval_time_ns": 180.0,
  "gamma": 1.5707963267948966,
  "phase_iter": 27,
  "robustness": {
    "sigma_1p0": {
      "average_fidelity": 0.8666388862587294,
      "average_gate_fidelity": 0.8332986078234117,
      "fidelity_variance": 0.0010011714013515075,
      "num_samples": 60,
      "sigma_mhz": 1.0
    }
  }
}