{
  "alpha": 0.942,
  "eval_cost": 1.5803523870524836,
  "eval_fidelity": 0.9104825635150416,
  "eval_leakage": 0.008023538477434134,
  "eval_plan_path": "runs\\runtime\\gamma_1.570796\\alpha_0.942000\\plans\\iter_000037_control_plan.npz",
  "eval_time_ns": 180.0,
  "gamma": 1.5707963267948966,
  "phase_iter": 37,
  "robustness": {
    "sigma_1p0": {
      "average_fidelity": 0.8823604617394146,
      "average_gate_fidelity": 0.8529505771742684,
      "fidelity_variance": 0.0010955410957835042,
      "num_samples": 60,
      "sigma_mhz": 1.0
    }
  }
}