{
  "alpha": 2.2,
  "eval_cost": 1.746284520904151,
  "eval_fidelity": 0.9568809812552082,
  "eval_leakage": 0.000195704216729986,
  "eval_plan_path": "runs\\cost_function_sweep\\trpo\\a-2p2_de827d73\\seed_1\\plans\\iter_000002_control_plan.npz",
  "eval_time_ns": 180.0,
  "gamma": 1.5707963267948966,
  "iteration": 2,
  "robustness": {
    "sigma_1p0": {
      "average_fidelity": 0.9169294091795503,
      "average_gate_fidelity": 0.8961617614744379,
      "fidelity_variance": 0.0012816835319981587,
      "num_samples": 60,
      "sigma_mhz": 1.0
    }
  }
}