{
  "alpha": 2.2,
  "eval_cost": 3.460341735042655,
  "eval_fidelity": 0.7812999789620145,
  "eval_leakage": 0.00011938580698984505,
  "eval_plan_path": "runs\\cost_function_sweep\\trpo\\a-2p2_de827d73\\seed_1\\plans\\iter_000001_control_plan.npz",
  "eval_time_ns": 180.0,
  "gamma": 1.5707963267948966,
  "iteration": 1,
  "robustness": {
    "sigma_1p0": {
      "average_fidelity": 0.7879076856177745,
      "average_gate_fidelity": 0.734884607022218,
      "fidelity_variance": 0.004490153048722292,
      "num_samples": 60,
      "sigma_mhz": 1.0
    }
  }
}