{
  "alpha": 2.2,
  "eval_cost": 1.2329206017455832,
  "eval_fidelity": 0.9975814244840935,
  "eval_leakage": 0.00039719982345186186,
  "eval_plan_path": "runs\\cost_function_sweep\\trpo\\a-2p2_de827d73\\seed_1\\plans\\iter_000004_control_plan.npz",
  "eval_time_ns": 180.0,
  "gamma": 1.5707963267948966,
  "iteration": 4,
  "robustness": {
    "sigma_1p0": {
      "average_fidelity": 0.947254595112328,
      "average_gate_fidelity": 0.9340682438904104,
      "fidelity_variance": 0.00048599046533426445,
      "num_samples": 60,
      "sigma_mhz": 1.0
    }
  }
}