{
  "alpha": 2.2,
  "eval_cost": 1.2476950302282872,
  "eval_fidelity": 0.9983110138091548,
  "eval_leakage": 0.00048705897914155084,
  "eval_plan_path": "runs\\cost_function_sweep\\trpo\\a-2p2_de827d73\\seed_1\\plans\\iter_000005_control_plan.npz",
  "eval_time_ns": 180.0,
  "gamma": 1.5707963267948966,
  "iteration": 5,
  "robustness": {
    "sigma_1p0": {
      "average_fidelity": 0.9452528330837784,
      "average_gate_fidelity": 0.9315660413547231,
      "fidelity_variance": 0.0006369034469504014,
      "num_samples": 60,
      "sigma_mhz": 1.0
    }
  }
}