{
  "alpha": 2.2,
  "eval_cost": 0.35837744289038276,
  "eval_fidelity": 0.9949487889530942,
  "eval_leakage": 0.0004961488017701798,
  "eval_plan_path": "runs\\nn_size_sweep\\trpo\\a-2p2_71cf2651\\seed_3\\plans\\iter_000011_control_plan.npz",
  "eval_time_ns": 106.0,
  "gamma": 1.5707963267948966,
  "iteration": 11,
  "robustness": {
    "sigma_1p0": {
      "average_fidelity": 0.9663685328251351,
      "average_gate_fidelity": 0.9579606660314184,
      "fidelity_variance": 0.0002189174482152653,
      "num_samples": 60,
      "sigma_mhz": 1.0
    }
  }
}