{
  "alpha": 2.2,
  "eval_cost": 0.38480411272796566,
  "eval_fidelity": 0.9885811751461899,
  "eval_leakage": 0.0005250020515201327,
  "eval_plan_path": "runs\\nn_size_sweep\\trpo\\a-2p2_71cf2651\\seed_3\\plans\\iter_000017_control_plan.npz",
  "eval_time_ns": 102.0,
  "gamma": 1.5707963267948966,
  "iteration": 17,
  "robustness": {
    "sigma_1p0": {
      "average_fidelity": 0.9618146726731696,
      "average_gate_fidelity": 0.9522683408414621,
      "fidelity_variance": 0.0002992261561383778,
      "num_samples": 60,
      "sigma_mhz": 1.0
    }
  }
}