{
  "alpha": 2.2,
  "eval_cost": 0.3689989120950835,
  "eval_fidelity": 0.9943406991776226,
  "eval_leakage": 0.00043449554445875604,
  "eval_plan_path": "runs\\nn_size_sweep\\trpo\\a-2p2_71cf2651\\seed_3\\plans\\iter_000007_control_plan.npz",
  "eval_time_ns": 114.0,
  "gamma": 1.5707963267948966,
  "iteration": 7,
  "robustness": {
    "sigma_1p0": {
      "average_fidelity": 0.9615402590579493,
      "average_gate_fidelity": 0.9519253238224364,
      "fidelity_variance": 0.0002678907408230961,
      "num_samples": 60,
      "sigma_mhz": 1.0
    }
  }
}