{
  "alpha": 2.2,
  "eval_cost": 1.9722114026091653,
  "eval_fidelity": 0.842844553870714,
  "eval_leakage": 0.00017747083751220357,
  "eval_plan_path": "runs\\nn_size_sweep\\trpo\\a-2p2_71cf2651\\seed_3\\plans\\iter_000001_control_plan.npz",
  "eval_time_ns": 180.0,
  "gamma": 1.5707963267948966,
  "iteration": 1,
  "robustness": {
    "sigma_1p0": {
      "average_fidelity": 0.8353175012007004,
      "average_gate_fidelity": 0.7941468765008755,
      "fidelity_variance": 0.003392864471980477,
      "num_samples": 60,
      "sigma_mhz": 1.0
    }
  }
}