{
  "alpha": 2.2,
  "eval_cost": 0.3834008346793847,
  "eval_fidelity": 0.9952922374459438,
  "eval_leakage": 0.0004703063601287598,
  "eval_plan_path": "runs\\nn_size_sweep\\trpo\\a-2p2_71cf2651\\seed_3\\plans\\iter_000009_control_plan.npz",
  "eval_time_ns": 108.0,
  "gamma": 1.5707963267948966,
  "iteration": 9,
  "robustness": {
    "sigma_1p0": {
      "average_fidelity": 0.9619979882288086,
      "average_gate_fidelity": 0.9524974852860109,
      "fidelity_variance": 0.00037120174880725333,
      "num_samples": 60,
      "sigma_mhz": 1.0
    }
  }
}