{
  "alpha": 2.2,
  "eval_cost": 0.3947245777375581,
  "eval_fidelity": 0.9961466159502583,
  "eval_leakage": 0.00037197186878852167,
  "eval_plan_path": "runs\\nn_size_sweep\\trpo\\a-2p2_71cf2651\\seed_3\\plans\\iter_000005_control_plan.npz",
  "eval_time_ns": 126.0,
  "gamma": 1.5707963267948966,
  "iteration": 5,
  "robustness": {
    "sigma_1p0": {
      "average_fidelity": 0.9613424130335511,
      "average_gate_fidelity": 0.9516780162919388,
      "fidelity_variance": 0.0003633804437344639,
      "num_samples": 60,
      "sigma_mhz": 1.0
    }
  }
}