{
  "alpha": 2.2,
  "eval_cost": 0.3750272539704493,
  "eval_fidelity": 0.9940616139550764,
  "eval_leakage": 0.000407782926087954,
  "eval_plan_path": "runs\\nn_size_sweep\\trpo\\a-2p2_71cf2651\\seed_3\\plans\\iter_000006_control_plan.npz",
  "eval_time_ns": 120.0,
  "gamma": 1.5707963267948966,
  "iteration": 6,
  "robustness": {
    "sigma_1p0": {
      "average_fidelity": 0.9613360037726786,
      "average_gate_fidelity": 0.9516700047158481,
      "fidelity_variance": 0.000278939584457985,
      "num_samples": 60,
      "sigma_mhz": 1.0
    }
  }
}