{
  "alpha": 2.2,
  "eval_cost": 0.36048561008225977,
  "eval_fidelity": 0.9942851278169642,
  "eval_leakage": 0.0004762104304684445,
  "eval_plan_path": "runs\\nn_size_sweep\\trpo\\a-2p2_71cf2651\\seed_3\\plans\\iter_000010_control_plan.npz",
  "eval_time_ns": 108.0,
  "gamma": 1.5707963267948966,
  "iteration": 10,
  "robustness": {
    "sigma_1p0": {
      "average_fidelity": 0.9622014974244764,
      "average_gate_fidelity": 0.9527518717805953,
      "fidelity_variance": 0.0003600114857061928,
      "num_samples": 60,
      "sigma_mhz": 1.0
    }
  }
}