{
  "alpha": 2.2,
  "eval_cost": 0.3985936417844803,
  "eval_fidelity": 0.9894075855460815,
  "eval_leakage": 0.0005113192502086578,
  "eval_plan_path": "runs\\nn_size_sweep\\trpo\\a-2p2_71cf2651\\seed_3\\plans\\iter_000016_control_plan.npz",
  "eval_time_ns": 102.0,
  "gamma": 1.5707963267948966,
  "iteration": 16,
  "robustness": {
    "sigma_1p0": {
      "average_fidelity": 0.9634417093116832,
      "average_gate_fidelity": 0.9543021366396037,
      "fidelity_variance": 0.0003540452502014279,
      "num_samples": 60,
      "sigma_mhz": 1.0
    }
  }
}