{
  "alpha": 2.2,
  "eval_cost": 0.38598046592417784,
  "eval_fidelity": 0.9970786245621662,
  "eval_leakage": 0.0003169264808099377,
  "eval_plan_path": "runs\\nn_size_sweep\\trpo\\a-2p2_71cf2651\\seed_3\\plans\\iter_000004_control_plan.npz",
  "eval_time_ns": 138.0,
  "gamma": 1.5707963267948966,
  "iteration": 4,
  "robustness": {
    "sigma_1p0": {
      "average_fidelity": 0.9560616161615745,
      "average_gate_fidelity": 0.9450770202019682,
      "fidelity_variance": 0.0003322651245393911,
      "num_samples": 60,
      "sigma_mhz": 1.0
    }
  }
}