{
  "alpha": 2.2,
  "eval_cost": 1.2809330468713318,
  "eval_fidelity": 0.9956731521488317,
  "eval_leakage": 0.0002147303845260222,
  "eval_plan_path": "runs\\cost_function_sweep\\trpo\\a-2p2_bbeef4df\\seed_2\\plans\\iter_000003_control_plan.npz",
  "eval_time_ns": 180.0,
  "gamma": 1.5707963267948966,
  "iteration": 3,
  "robustness": {
    "sigma_1p0": {
      "average_fidelity": 0.9433500845158103,
      "average_gate_fidelity": 0.929187605644763,
      "fidelity_variance": 0.0007530836366984199,
      "num_samples": 60,
      "sigma_mhz": 1.0
    }
  }
}