{
  "alpha": 2.2,
  "eval_cost": 1.421589998532912,
  "eval_fidelity": 0.9787614172256468,
  "eval_leakage": 0.00027185513826755685,
  "eval_plan_path": "runs\\cost_function_sweep\\trpo\\a-2p2_bbeef4df\\seed_2\\plans\\iter_000004_control_plan.npz",
  "eval_time_ns": 180.0,
  "gamma": 1.5707963267948966,
  "iteration": 4,
  "robustness": {
    "sigma_1p0": {
      "average_fidelity": 0.9323104439924919,
      "average_gate_fidelity": 0.9153880549906148,
      "fidelity_variance": 0.0008950995419461657,
      "num_samples": 60,
      "sigma_mhz": 1.0
    }
  }
}