{
  "alpha": 2.2,
  "eval_cost": 1.539849687779989,
  "eval_fidelity": 0.967155092775139,
  "eval_leakage": 0.0005202519284439873,
  "eval_plan_path": "runs\\cost_function_sweep\\trpo\\a-2p2_bbeef4df\\seed_1\\plans\\iter_000005_control_plan.npz",
  "eval_time_ns": 180.0,
  "gamma": 1.5707963267948966,
  "iteration": 5,
  "robustness": {
    "sigma_1p0": {
      "average_fidelity": 0.923408422245522,
      "average_gate_fidelity": 0.9042605278069026,
      "fidelity_variance": 0.0013656481619946396,
      "num_samples": 60,
      "sigma_mhz": 1.0
    }
  }
}