{
  "alpha": 2.2,
  "eval_cost": 1.5580104204786895,
  "eval_fidelity": 0.9717070979852183,
  "eval_leakage": 0.00019316871768343763,
  "eval_plan_path": "runs\\cost_function_sweep\\trpo\\a-2p2_bbeef4df\\seed_1\\plans\\iter_000002_control_plan.npz",
  "eval_time_ns": 180.0,
  "gamma": 1.5707963267948966,
  "iteration": 2,
  "robustness": {
    "sigma_1p0": {
      "average_fidelity": 0.9279520749641519,
      "average_gate_fidelity": 0.9099400937051899,
      "fidelity_variance": 0.0010512559704626257,
      "num_samples": 60,
      "sigma_mhz": 1.0
    }
  }
}