{
  "alpha": 2.2,
  "eval_cost": 1.3164970506138503,
  "eval_fidelity": 0.992715430524768,
  "eval_leakage": 0.00020174330601763666,
  "eval_plan_path": "runs\\cost_function_sweep\\trpo\\a-2p2_de827d73\\seed_2\\plans\\iter_000003_control_plan.npz",
  "eval_time_ns": 180.0,
  "gamma": 1.5707963267948966,
  "iteration": 3,
  "robustness": {
    "sigma_1p0": {
      "average_fidelity": 0.9398407927419754,
      "average_gate_fidelity": 0.9248009909274691,
      "fidelity_variance": 0.0008053115989207958,
      "num_samples": 60,
      "sigma_mhz": 1.0
    }
  }
}