{
  "alpha": 2.2,
  "eval_cost": 1.2748803932876485,
  "eval_fidelity": 0.9934434828452636,
  "eval_leakage": 0.00025217261170793154,
  "eval_plan_path": "runs\\cost_function_sweep\\trpo\\a-2p2_de827d73\\seed_2\\plans\\iter_000004_control_plan.npz",
  "eval_time_ns": 180.0,
  "gamma": 1.5707963267948966,
  "iteration": 4,
  "robustness": {
    "sigma_1p0": {
      "average_fidelity": 0.9437582960462317,
      "average_gate_fidelity": 0.9296978700577896,
      "fidelity_variance": 0.0006060435437854892,
      "num_samples": 60,
      "sigma_mhz": 1.0
    }
  }
}