{
  "alpha": 2.2,
  "eval_cost": 3.662692247882398,
  "eval_fidelity": 0.7595583680899876,
  "eval_leakage": 9.241739502349486e-05,
  "eval_plan_path": "runs\\cost_function_sweep\\trpo\\a-2p2_de827d73\\seed_2\\plans\\iter_000001_control_plan.npz",
  "eval_time_ns": 180.0,
  "gamma": 1.5707963267948966,
  "iteration": 1,
  "robustness": {
    "sigma_1p0": {
      "average_fidelity": 0.7753353752055661,
      "average_gate_fidelity": 0.7191692190069575,
      "fidelity_variance": 0.0032277309648261567,
      "num_samples": 60,
      "sigma_mhz": 1.0
    }
  }
}