{
  "alpha": 2.2,
  "eval_cost": 1.84742433667446,
  "eval_fidelity": 0.9436354757344976,
  "eval_leakage": 0.00015923560816848492,
  "eval_plan_path": "runs\\cost_function_sweep\\trpo\\a-2p2_de827d73\\seed_2\\plans\\iter_000002_control_plan.npz",
  "eval_time_ns": 180.0,
  "gamma": 1.5707963267948966,
  "iteration": 2,
  "robustness": {
    "sigma_1p0": {
      "average_fidelity": 0.9039608678296823,
      "average_gate_fidelity": 0.8799510847871026,
      "fidelity_variance": 0.0015891008024600777,
      "num_samples": 60,
      "sigma_mhz": 1.0
    }
  }
}