{
  "alpha": "2.2",
  "best_eval_cost_max": 0.22522440193953455,
  "best_eval_cost_mean": 0.20318719295576346,
  "best_eval_cost_min": 0.18114998397199236,
  "best_eval_cost_std": 0.022037208983771095,
  "best_eval_fidelity_max": 0.9976834949289495,
  "best_eval_fidelity_mean": 0.9955662846478723,
  "best_eval_fidelity_min": 0.9934490743667953,
  "best_eval_fidelity_std": 0.0021172102810770865,
  "best_eval_leakage_max": 0.00039651271321409294,
  "best_eval_leakage_mean": 0.00032314102020311814,
  "best_eval_leakage_min": 0.00024976932719214333,
  "best_eval_leakage_std": 7.33716930109748e-05,
  "best_eval_time_ns_max": 180.0,
  "best_eval_time_ns_mean": 180.0,
  "best_eval_time_ns_min": 180.0,
  "best_eval_time_ns_std": 0.0,
  "config_id": "a-2p2_8c31322a",
  "cost_beta": 10.0,
  "cost_chi": 10.0,
  "cost_kappa": 0.05,
  "cost_mu": 0.2,
  "dt_ns": 2.0,
  "gamma": "pi/2",
  "hidden_sizes": "64-32-32",
  "init_log_std": -1.0,
  "max_kl": 0.005,
  "max_time_ns": 180.0,
  "mode": "trpo",
  "num_runs": 2,
  "primary_metric_max": 0.22522440193953455,
  "primary_metric_mean": 0.20318719295576346,
  "primary_metric_min": 0.18114998397199236,
  "primary_metric_std": 0.022037208983771095,
  "termination_cost": 0.15
}