{
  "alpha": 2.2,
  "eval_cost": 0.9875174128979494,
  "eval_fidelity": 0.8335608275736326,
  "eval_leakage": 0.0002289323136700026,
  "eval_plan_path": "runs\\cost_function_sweep\\trpo\\a-2p2_c4c500cd\\seed_1\\plans\\iter_000003_control_plan.npz",
  "eval_time_ns": 180.0,
  "gamma": 1.5707963267948966,
  "iteration": 3,
  "robustness": {
    "sigma_1p0": {
      "average_fidelity": 0.8184404133761888,
      "average_gate_fidelity": 0.773050516720236,
      "fidelity_variance": 0.004401552074709729,
      "num_samples": 60,
      "sigma_mhz": 1.0
    }
  }
}