{
  "alpha": 2.2,
  "eval_cost": 1.0548162041640032,
  "eval_fidelity": 0.8264496053033158,
  "eval_leakage": 0.0002650146791429108,
  "eval_plan_path": "runs\\cost_function_sweep\\trpo\\a-2p2_c4c500cd\\seed_1\\plans\\iter_000005_control_plan.npz",
  "eval_time_ns": 180.0,
  "gamma": 1.5707963267948966,
  "iteration": 5,
  "robustness": {
    "sigma_1p0": {
      "average_fidelity": 0.8141731073277733,
      "average_gate_fidelity": 0.7677163841597164,
      "fidelity_variance": 0.003947400663179606,
      "num_samples": 60,
      "sigma_mhz": 1.0
    }
  }
}