{
  "alpha": 2.2,
  "eval_cost": 1.1119345682249584,
  "eval_fidelity": 0.8130553923548999,
  "eval_leakage": 0.0002322093852277816,
  "eval_plan_path": "runs\\cost_function_sweep\\trpo\\a-2p2_c4c500cd\\seed_1\\plans\\iter_000004_control_plan.npz",
  "eval_time_ns": 180.0,
  "gamma": 1.5707963267948966,
  "iteration": 4,
  "robustness": {
    "sigma_1p0": {
      "average_fidelity": 0.8079118894294557,
      "average_gate_fidelity": 0.7598898617868192,
      "fidelity_variance": 0.004690243853168978,
      "num_samples": 60,
      "sigma_mhz": 1.0
    }
  }
}