{
  "alpha": 2.2,
  "eval_cost": 1.5915007147949347,
  "eval_fidelity": 0.9634740268273515,
  "eval_leakage": 0.00020946233962074122,
  "eval_plan_path": "runs\\cost_function_sweep\\trpo\\a-2p2_96d05b98\\seed_2\\plans\\iter_000004_control_plan.npz",
  "eval_time_ns": 180.0,
  "gamma": 1.5707963267948966,
  "iteration": 4,
  "robustness": {
    "sigma_1p0": {
      "average_fidelity": 0.9222090294887995,
      "average_gate_fidelity": 0.9027612868609992,
      "fidelity_variance": 0.0015422513031079646,
      "num_samples": 60,
      "sigma_mhz": 1.0
    }
  }
}