{
  "alpha": 2.2,
  "best_horizon_ns": 60.0,
  "gamma": 1.5707963267948966,
  "robustness": {
    "sigma_1p0": {
      "average_fidelity": 0.9666892757240991,
      "average_gate_fidelity": 0.9583615946551237,
      "fidelity_variance": 0.00017347432253662893,
      "num_samples": 60,
      "sigma_mhz": 1.0
    }
  }
}