{
  "alpha": 2.2,
  "eval_cost": 0.39646961775767864,
  "eval_fidelity": 0.9792233111547037,
  "eval_leakage": 0.000712929459767327,
  "eval_plan_path": "runs/trpo_nominal_alpha_2.2_gamma_pi2_10k_episodes_.4ct\\plans\\iter_000020_control_plan.npz",
  "eval_time_ns": 98.0,
  "gamma": 1.5707963267948966,
  "iteration": 20,
  "robustness": {
    "sigma_1p0": {
      "average_fidelity": 0.9532681405193583,
      "average_gate_fidelity": 0.9415851756491976,
      "fidelity_variance": 0.00045714698791848597,
      "num_samples": 60,
      "sigma_mhz": 1.0
    }
  }
}