{
  "alpha": 2.2,
  "eval_cost": 0.3944422596019782,
  "eval_fidelity": 0.9974004036447875,
  "eval_leakage": 0.0003665522685431957,
  "eval_plan_path": "runs/trpo_nominal_alpha_2.2_gamma_pi2_10k_episodes_.4ct\\plans\\iter_000003_control_plan.npz",
  "eval_time_ns": 120.0,
  "gamma": 1.5707963267948966,
  "iteration": 3,
  "robustness": {
    "sigma_1p0": {
      "average_fidelity": 0.9625028920595509,
      "average_gate_fidelity": 0.9531286150744386,
      "fidelity_variance": 0.0002577212845159963,
      "num_samples": 60,
      "sigma_mhz": 1.0
    }
  }
}