{
  "alpha": 2.2,
  "eval_cost": 0.3962597264040906,
  "eval_fidelity": 0.9847172221731394,
  "eval_leakage": 0.0005279805273086834,
  "eval_plan_path": "runs/trpo_nominal_alpha_2.2_gamma_pi2_10k_episodes_.4ct\\plans\\iter_000010_control_plan.npz",
  "eval_time_ns": 98.0,
  "gamma": 1.5707963267948966,
  "iteration": 10,
  "robustness": {
    "sigma_1p0": {
      "average_fidelity": 0.9609377437204012,
      "average_gate_fidelity": 0.9511721796505014,
      "fidelity_variance": 0.0003467724487145391,
      "num_samples": 60,
      "sigma_mhz": 1.0
    }
  }
}