{
  "alpha": 2.2,
  "eval_cost": 0.3874851112498714,
  "eval_fidelity": 0.9869961080763479,
  "eval_leakage": 0.0011193861861180136,
  "eval_plan_path": "runs/trpo_nominal_alpha_2.2_gamma_pi2_10k_episodes_.4ct\\plans\\iter_000047_control_plan.npz",
  "eval_time_ns": 100.0,
  "gamma": 1.5707963267948966,
  "iteration": 47,
  "robustness": {
    "sigma_1p0": {
      "average_fidelity": 0.9587018472760995,
      "average_gate_fidelity": 0.9483773090951245,
      "fidelity_variance": 0.0003577063563475473,
      "num_samples": 60,
      "sigma_mhz": 1.0
    }
  }
}