{
  "alpha": 2.2,
  "eval_cost": 0.39598596622716553,
  "eval_fidelity": 0.9839513642305276,
  "eval_leakage": 0.0013245677495851438,
  "eval_plan_path": "runs/trpo_nominal_alpha_2.2_gamma_pi2_10k_episodes_.4ct\\plans\\iter_000065_control_plan.npz",
  "eval_time_ns": 104.0,
  "gamma": 1.5707963267948966,
  "iteration": 65,
  "robustness": {
    "sigma_1p0": {
      "average_fidelity": 0.9587915505394042,
      "average_gate_fidelity": 0.9484894381742551,
      "fidelity_variance": 0.00032574780841068804,
      "num_samples": 60,
      "sigma_mhz": 1.0
    }
  }
}