{
  "alpha": 2.2,
  "eval_cost": 0.3979647148711959,
  "eval_fidelity": 0.9862944538072997,
  "eval_leakage": 0.0012685482341642511,
  "eval_plan_path": "runs/trpo_nominal_alpha_2.2_gamma_pi2_10k_episodes_.4ct\\plans\\iter_000092_control_plan.npz",
  "eval_time_ns": 94.0,
  "gamma": 1.5707963267948966,
  "iteration": 92,
  "robustness": {
    "sigma_1p0": {
      "average_fidelity": 0.9612607366388666,
      "average_gate_fidelity": 0.9515759207985833,
      "fidelity_variance": 0.0003351429184752468,
      "num_samples": 60,
      "sigma_mhz": 1.0
    }
  }
}