{
  "alpha": 2.2,
  "eval_cost": 0.3989051624468939,
  "eval_fidelity": 0.9851755939067474,
  "eval_leakage": 0.0013672272028790028,
  "eval_plan_path": "runs/trpo_nominal_alpha_2.2_gamma_pi2_10k_episodes_.4ct\\plans\\iter_000061_control_plan.npz",
  "eval_time_ns": 108.0,
  "gamma": 1.5707963267948966,
  "iteration": 61,
  "robustness": {
    "sigma_1p0": {
      "average_fidelity": 0.9579265601133102,
      "average_gate_fidelity": 0.9474082001416377,
      "fidelity_variance": 0.0004293529130490846,
      "num_samples": 60,
      "sigma_mhz": 1.0
    }
  }
}