{
  "alpha": 2.2,
  "eval_cost": 0.3993147442205037,
  "eval_fidelity": 0.9829977036708438,
  "eval_leakage": 0.0008399158298248171,
  "eval_plan_path": "runs/trpo_nominal_alpha_2.2_gamma_pi2_10k_episodes_.4ct\\plans\\iter_000025_control_plan.npz",
  "eval_time_ns": 98.0,
  "gamma": 1.5707963267948966,
  "iteration": 25,
  "robustness": {
    "sigma_1p0": {
      "average_fidelity": 0.959420079595489,
      "average_gate_fidelity": 0.9492750994943612,
      "fidelity_variance": 0.0004658759988416635,
      "num_samples": 60,
      "sigma_mhz": 1.0
    }
  }
}