{
  "alpha": 2.2,
  "eval_cost": 0.3936998400248624,
  "eval_fidelity": 0.9870208513774548,
  "eval_leakage": 0.0004184057109286853,
  "eval_plan_path": "runs/trpo_nominal_alpha_2.2_gamma_pi2_10k_episodes_.4ct\\plans\\iter_000008_control_plan.npz",
  "eval_time_ns": 100.0,
  "gamma": 1.5707963267948966,
  "iteration": 8,
  "robustness": {
    "sigma_1p0": {
      "average_fidelity": 0.9583048352294083,
      "average_gate_fidelity": 0.9478810440367604,
      "fidelity_variance": 0.0003673191177186916,
      "num_samples": 60,
      "sigma_mhz": 1.0
    }
  }
}