{
  "alpha": 2.2,
  "eval_cost": 0.395186734081039,
  "eval_fidelity": 0.9852259010253811,
  "eval_leakage": 0.0014093905653612025,
  "eval_plan_path": "runs/trpo_nominal_alpha_2.2_gamma_pi2_10k_episodes_.4ct\\plans\\iter_000057_control_plan.npz",
  "eval_time_ns": 102.0,
  "gamma": 1.5707963267948966,
  "iteration": 57,
  "robustness": {
    "sigma_1p0": {
      "average_fidelity": 0.960928815321609,
      "average_gate_fidelity": 0.9511610191520111,
      "fidelity_variance": 0.000255942045033074,
      "num_samples": 60,
      "sigma_mhz": 1.0
    }
  }
}