{
  "alpha": 2.2,
  "eval_cost": 0.39798989969684373,
  "eval_fidelity": 0.9846148236710123,
  "eval_leakage": 0.00117846427215118,
  "eval_plan_path": "runs/trpo_nominal_alpha_2.2_gamma_pi2_10k_episodes_.4ct\\plans\\iter_000070_control_plan.npz",
  "eval_time_ns": 100.0,
  "gamma": 1.5707963267948966,
  "iteration": 70,
  "robustness": {
    "sigma_1p0": {
      "average_fidelity": 0.9555452436510056,
      "average_gate_fidelity": 0.9444315545637573,
      "fidelity_variance": 0.00039561707629345345,
      "num_samples": 60,
      "sigma_mhz": 1.0
    }
  }
}