{
  "alpha": 2.2,
  "eval_cost": 0.3867295665213707,
  "eval_fidelity": 0.9857436594079368,
  "eval_leakage": 0.0007537421257490443,
  "eval_plan_path": "runs/trpo_nominal_alpha_2.2_gamma_pi2_10k_episodes_.4ct\\plans\\iter_000023_control_plan.npz",
  "eval_time_ns": 94.0,
  "gamma": 1.5707963267948966,
  "iteration": 23,
  "robustness": {
    "sigma_1p0": {
      "average_fidelity": 0.9611771176442622,
      "average_gate_fidelity": 0.9514713970553276,
      "fidelity_variance": 0.00035103183522257943,
      "num_samples": 60,
      "sigma_mhz": 1.0
    }
  }
}