{
  "alpha": 2.2,
  "eval_cost": 0.37643452433338215,
  "eval_fidelity": 0.985938863178101,
  "eval_leakage": 0.001272448821795093,
  "eval_plan_path": "runs/trpo_nominal_alpha_2.2_gamma_pi2_10k_episodes_.4ct\\plans\\iter_000087_control_plan.npz",
  "eval_time_ns": 94.0,
  "gamma": 1.5707963267948966,
  "iteration": 87,
  "robustness": {
    "sigma_1p0": {
      "average_fidelity": 0.9604759777644141,
      "average_gate_fidelity": 0.9505949722055177,
      "fidelity_variance": 0.0004552057815719319,
      "num_samples": 60,
      "sigma_mhz": 1.0
    }
  }
}