{
  "alpha": 2.2,
  "eval_cost": 0.3943905480971164,
  "eval_fidelity": 0.9851711822640605,
  "eval_leakage": 0.001405347116061326,
  "eval_plan_path": "runs/trpo_nominal_alpha_2.2_gamma_pi2_10k_episodes_.4ct\\plans\\iter_000058_control_plan.npz",
  "eval_time_ns": 104.0,
  "gamma": 1.5707963267948966,
  "iteration": 58,
  "robustness": {
    "sigma_1p0": {
      "average_fidelity": 0.960156908917638,
      "average_gate_fidelity": 0.9501961361470475,
      "fidelity_variance": 0.000298470254340128,
      "num_samples": 60,
      "sigma_mhz": 1.0
    }
  }
}