{
  "alpha": 2.2,
  "eval_cost": 0.39596057281038277,
  "eval_fidelity": 0.9844675899541585,
  "eval_leakage": 0.0009466198911880534,
  "eval_plan_path": "runs/trpo_nominal_alpha_2.2_gamma_pi2_10k_episodes_.4ct\\plans\\iter_000034_control_plan.npz",
  "eval_time_ns": 100.0,
  "gamma": 1.5707963267948966,
  "iteration": 34,
  "robustness": {
    "sigma_1p0": {
      "average_fidelity": 0.9616208859941051,
      "average_gate_fidelity": 0.9520261074926312,
      "fidelity_variance": 0.0003040345827809319,
      "num_samples": 60,
      "sigma_mhz": 1.0
    }
  }
}