{
  "alpha": 2.2,
  "eval_cost": 0.3898735781073004,
  "eval_fidelity": 0.9860643071420536,
  "eval_leakage": 0.0012320964810940609,
  "eval_plan_path": "runs/trpo_nominal_alpha_2.2_gamma_pi2_10k_episodes_.4ct\\plans\\iter_000097_control_plan.npz",
  "eval_time_ns": 94.0,
  "gamma": 1.5707963267948966,
  "iteration": 97,
  "robustness": {
    "sigma_1p0": {
      "average_fidelity": 0.9599121039856627,
      "average_gate_fidelity": 0.9498901299820782,
      "fidelity_variance": 0.0002916619921470442,
      "num_samples": 60,
      "sigma_mhz": 1.0
    }
  }
}