{
  "alpha": 2.2,
  "eval_cost": 0.3900185757906085,
  "eval_fidelity": 0.9854147067670733,
  "eval_leakage": 0.0012254197765761998,
  "eval_plan_path": "runs/trpo_nominal_alpha_2.2_gamma_pi2_10k_episodes_.4ct\\plans\\iter_000068_control_plan.npz",
  "eval_time_ns": 102.0,
  "gamma": 1.5707963267948966,
  "iteration": 68,
  "robustness": {
    "sigma_1p0": {
      "average_fidelity": 0.9593516088846734,
      "average_gate_fidelity": 0.9491895111058419,
      "fidelity_variance": 0.0003184163409695056,
      "num_samples": 60,
      "sigma_mhz": 1.0
    }
  }
}