{
  "alpha": 2.2,
  "eval_cost": 0.3942576108639203,
  "eval_fidelity": 0.9911565037738721,
  "eval_leakage": 0.00042292721618463245,
  "eval_plan_path": "runs/trpo_nominal_alpha_2.2_gamma_pi2_10k_episodes_.4ct\\plans\\iter_000006_control_plan.npz",
  "eval_time_ns": 102.0,
  "gamma": 1.5707963267948966,
  "iteration": 6,
  "robustness": {
    "sigma_1p0": {
      "average_fidelity": 0.9617957635442558,
      "average_gate_fidelity": 0.9522447044303198,
      "fidelity_variance": 0.00036744255089496625,
      "num_samples": 60,
      "sigma_mhz": 1.0
    }
  }
}