{
  "alpha": 2.2,
  "eval_cost": 0.38872949341662,
  "eval_fidelity": 0.9859473916890149,
  "eval_leakage": 0.0012680665265215147,
  "eval_plan_path": "runs/trpo_nominal_alpha_2.2_gamma_pi2_10k_episodes_.4ct\\plans\\iter_000049_control_plan.npz",
  "eval_time_ns": 102.0,
  "gamma": 1.5707963267948966,
  "iteration": 49,
  "robustness": {
    "sigma_1p0": {
      "average_fidelity": 0.9585262120052509,
      "average_gate_fidelity": 0.9481577650065639,
      "fidelity_variance": 0.00044966603496068104,
      "num_samples": 60,
      "sigma_mhz": 1.0
    }
  }
}