{
  "alpha": 2.2,
  "eval_cost": 0.387533667154028,
  "eval_fidelity": 0.9856730674822178,
  "eval_leakage": 0.00117103670774086,
  "eval_plan_path": "runs/trpo_nominal_alpha_2.2_gamma_pi2_10k_episodes_.4ct\\plans\\iter_000078_control_plan.npz",
  "eval_time_ns": 92.0,
  "gamma": 1.5707963267948966,
  "iteration": 78,
  "robustness": {
    "sigma_1p0": {
      "average_fidelity": 0.9628324481866118,
      "average_gate_fidelity": 0.9535405602332647,
      "fidelity_variance": 0.00028051019686775347,
      "num_samples": 60,
      "sigma_mhz": 1.0
    }
  }
}