{
  "alpha": 2.2,
  "eval_cost": 0.3937927717296372,
  "eval_fidelity": 0.9864009302686977,
  "eval_leakage": 0.0011623861717685968,
  "eval_plan_path": "runs/trpo_nominal_alpha_2.2_gamma_pi2_10k_episodes_.4ct\\plans\\iter_000077_control_plan.npz",
  "eval_time_ns": 92.0,
  "gamma": 1.5707963267948966,
  "iteration": 77,
  "robustness": {
    "sigma_1p0": {
      "average_fidelity": 0.9650418880015437,
      "average_gate_fidelity": 0.9563023600019295,
      "fidelity_variance": 0.00030484273743702203,
      "num_samples": 60,
      "sigma_mhz": 1.0
    }
  }
}