{
  "adam_iters": 400,
  "alpha": 2.2,
  "best_horizon_ns": 70.0,
  "cost_weights": {
    "beta": 10.0,
    "chi": 10.0,
    "kappa": 0.1,
    "mu": 0.2
  },
  "dt_ns": 2.0,
  "gamma": 1.5707963267948966,
  "horizons_ns": [
    40.0,
    50.0,
    60.0,
    70.0,
    80.0,
    90.0,
    100.0,
    110.0,
    120.0,
    130.0,
    140.0,
    150.0,
    160.0,
    170.0,
    180.0
  ],
  "lr": 0.03,
  "max_time_ns": 180.0,
  "nominal_boundary_cost": 0.0008311319355389747,
  "nominal_cost": 0.1256267994960814,
  "nominal_fidelity": 0.9993852469909151,
  "nominal_leakage": 0.00019814708030270733,
  "nominal_leakage_boundary": 1.087721875480946e-05,
  "nominal_leakage_integral": 0.00018726986154789786,
  "nominal_time_cost": 0.11666666666666668,
  "nominal_time_ns": 70.0,
  "objective_cost": 0.12562679949594818,
  "per_horizon": [
    {
      "elapsed_seconds": 55.77,
      "horizon_ns": 40.0,
      "nominal_boundary_cost": 0.3986337171851127,
      "nominal_cost": 3.141822039922047,
      "nominal_fidelity": 0.7327242168557685,
      "nominal_leakage": 0.0003763824627952124,
      "nominal_leakage_boundary": 5.595763644038879e-05,
      "nominal_leakage_integral": 0.0003204248263548236,
      "nominal_time_cost": 0.06666666666666667,
      "nominal_time_ns": 40.0,
      "optimizer_cost": 3.1418220399220425
    },
    {
      "elapsed_seconds": 63.16,
      "horizon_ns": 50.0,
      "nominal_boundary_cost": 0.3240041941852313,
      "nominal_cost": 1.5093377740229237,
      "nominal_fidelity": 0.8902010972387757,
      "nominal_leakage": 0.0004011218892116439,
      "nominal_leakage_boundary": 3.718498353525711e-05,
      "nominal_leakage_integral": 0.0003639369056763868,
      "nominal_time_cost": 0.08333333333333334,
      "nominal_time_ns": 50.0,
      "optimizer_cost": 1.509337774022905
    },
    {
      "elapsed_seconds": 44.53,
      "horizon_ns": 60.0,
      "nominal_boundary_cost": 0.08509055663227251,
      "nominal_cost": 0.3412612598925603,
      "nominal_fidelity": 0.984706800013239,
      "nominal_leakage": 0.0003238703392677322,
      "nominal_leakage_boundary": 2.1514340435647725e-05,
      "nominal_leakage_integral": 0.0003023559988320845,
      "nominal_time_cost": 0.1,
      "nominal_time_ns": 60.0,
      "optimizer_cost": 0.3412612598925714
    },
    {
      "elapsed_seconds": 50.65,
      "horizon_ns": 70.0,
      "nominal_boundary_cost": 0.0008311319355389747,
      "nominal_cost": 0.1256267994960814,
      "nominal_fidelity": 0.9993852469909151,
      "nominal_leakage": 0.00019814708030270733,
      "nominal_leakage_boundary": 1.087721875480946e-05,
      "nominal_leakage_integral": 0.00018726986154789786,
      "nominal_time_cost": 0.11666666666666668,
      "nominal_time_ns": 70.0,
      "optimizer_cost": 0.12562679949594818
    },
    {
      "elapsed_seconds": 60.46,
      "horizon_ns": 80.0,
      "nominal_boundary_cost": 0.00043870077865124736,
      "nominal_cost": 0.13967235762485652,
      "nominal_fidelity": 0.9995474641502152,
      "nominal_leakage": 0.00013749650150242018,
      "nominal_leakage_boundary": 4.038828296574051e-06,
      "nominal_leakage_integral": 0.00013345767320584612,
      "nominal_time_cost": 0.13333333333333333,
      "nominal_time_ns": 80.0,
      "optimizer_cost": 0.13967235762467
    },
    {
      "elapsed_seconds": 68.37,
      "horizon_ns": 90.0,
      "nominal_boundary_cost": 0.00023435679673274504,
      "nominal_cost": 0.15467853274961205,
      "nominal_fidelity": 0.9996513259195826,
      "nominal_leakage": 9.574351487053918e-05,
      "nominal_leakage_boundary": 1.8183986239871203e-07,
      "nominal_leakage_integral": 9.556167500814048e-05,
      "nominal_time_cost": 0.15000000000000002,
      "nominal_time_ns": 90.0,
      "optimizer_cost": 0.15467853274939666
    },
    {
      "elapsed_seconds": 121.88,
      "horizon_ns": 100.0,
      "nominal_boundary_cost": 0.00013056631966705643,
      "nominal_cost": 0.170254340156024,
      "nominal_fidelity": 0.9997228196291874,
      "nominal_leakage": 6.853034615643557e-05,
      "nominal_leakage_boundary": 3.425065590801557e-07,
      "nominal_leakage_integral": 6.818783959735542e-05,
      "nominal_time_cost": 0.16666666666666669,
      "nominal_time_ns": 100.0,
      "optimizer_cost": 0.17025434015594407
    },
    {
      "elapsed_seconds": 92.42,
      "horizon_ns": 110.0,
      "nominal_boundary_cost": 7.637053543906329e-05,
      "nominal_cost": 0.18616181521109387,
      "nominal_fidelity": 0.9997744947256574,
      "nominal_leakage": 4.9705859889527813e-05,
      "nominal_leakage_boundary": 3.167544427525973e-07,
      "nominal_leakage_integral": 4.938910544677522e-05,
      "nominal_time_cost": 0.18333333333333335,
      "nominal_time_ns": 110.0,
      "optimizer_cost": 0.18616181521067865
    },
    {
      "elapsed_seconds": 90.82,
      "horizon_ns": 120.0,
      "nominal_boundary_cost": 4.636930978347624e-05,
      "nominal_cost": 0.2022780235315035,
      "nominal_fidelity": 0.9998131460646205,
      "nominal_leakage": 3.6311486792462675e-05,
      "nominal_leakage_boundary": 2.2209786959659975e-07,
      "nominal_leakage_integral": 3.608938892286607e-05,
      "nominal_time_cost": 0.2,
      "nominal_time_ns": 120.0,
      "optimizer_cost": 0.20227802353148575
    },
    {
      "elapsed_seconds": 108.68,
      "horizon_ns": 130.0,
      "nominal_boundary_cost": 2.936942288560328e-05,
      "nominal_cost": 0.21854035103052843,
      "nominal_fidelity": 0.9998428594842214,
      "nominal_leakage": 2.7290978318974163e-05,
      "nominal_leakage_boundary": 2.467088325808414e-07,
      "nominal_leakage_integral": 2.704426948639332e-05,
      "nominal_time_cost": 0.21666666666666667,
      "nominal_time_ns": 130.0,
      "optimizer_cost": 0.21854035103047514
    },
    {
      "elapsed_seconds": 176.96,
      "horizon_ns": 140.0,
      "nominal_boundary_cost": 2.0341043769274196e-05,
      "nominal_cost": 0.23491330609079575,
      "nominal_fidelity": 0.9998663032378344,
      "nominal_leakage": 2.2266409203742864e-05,
      "nominal_leakage_boundary": 2.5672124657048337e-07,
      "nominal_leakage_integral": 2.2009687957172382e-05,
      "nominal_time_cost": 0.23333333333333336,
      "nominal_time_ns": 140.0,
      "optimizer_cost": 0.234913306090607
    },
    {
      "elapsed_seconds": 118.01,
      "horizon_ns": 150.0,
      "nominal_boundary_cost": 1.431207183272083e-05,
      "nominal_cost": 0.25134635555872886,
      "nominal_fidelity": 0.9998849658676662,
      "nominal_leakage": 1.8170216355789313e-05,
      "nominal_leakage_boundary": 2.1170530034407646e-07,
      "nominal_leakage_integral": 1.7958511055445236e-05,
      "nominal_time_cost": 0.25,
      "nominal_time_ns": 150.0,
      "optimizer_cost": 0.25134635555842466
    },
    {
      "elapsed_seconds": 136.22,
      "horizon_ns": 160.0,
      "nominal_boundary_cost": 1.0330761565114168e-05,
      "nominal_cost": 0.2678278739583639,
      "nominal_fidelity": 0.9999001395150834,
      "nominal_leakage": 1.5227168096595373e-05,
      "nominal_leakage_boundary": 2.3752453758060942e-07,
      "nominal_leakage_integral": 1.4989643559014763e-05,
      "nominal_time_cost": 0.26666666666666666,
      "nominal_time_ns": 160.0,
      "optimizer_cost": 0.2678278739582218
    },
    {
      "elapsed_seconds": 179.11,
      "horizon_ns": 170.0,
      "nominal_boundary_cost": 7.600311872628438e-06,
      "nominal_cost": 0.28434498889574944,
      "nominal_fidelity": 0.9999125474776235,
      "nominal_leakage": 1.2953002677822874e-05,
      "nominal_leakage_boundary": 2.381304048402681e-07,
      "nominal_leakage_integral": 1.2714872272982606e-05,
      "nominal_time_cost": 0.2833333333333334,
      "nominal_time_ns": 170.0,
      "optimizer_cost": 0.284344988895352
    },
    {
      "elapsed_seconds": 138.31,
      "horizon_ns": 180.0,
      "nominal_boundary_cost": 5.812787329996608e-06,
      "nominal_cost": 0.30088906568678486,