{
  "alpha": 0.157,
  "eval_cost": 4.077695364698499,
  "eval_fidelity": 0.644598858529844,
  "eval_leakage": 0.0037451535864436716,
  "eval_plan_path": "runs\\runtime\\gamma_1.570796\\alpha_0.157000\\plans\\iter_000053_control_plan.npz",
  "eval_time_ns": 180.0,
  "gamma": 1.5707963267948966,
  "phase_iter": 53,
  "robustness": {
    "sigma_1p0": {
      "average_fidelity": 0.6761064332816993,
      "average_gate_fidelity": 0.5951330416021243,
      "fidelity_variance": 0.0025035989817249814,
      "num_samples": 60,
      "sigma_mhz": 1.0
    }
  }
}