{
  "alpha": 0.157,
  "eval_cost": 8.129011489382737,
  "eval_fidelity": 0.24045684306598178,
  "eval_leakage": 0.004668808087426522,
  "eval_plan_path": "runs\\runtime\\gamma_1.570796\\alpha_0.157000\\plans\\iter_000082_control_plan.npz",
  "eval_time_ns": 180.0,
  "gamma": 1.5707963267948966,
  "phase_iter": 82,
  "robustness": {
    "sigma_1p0": {
      "average_fidelity": 0.38552050855486153,
      "average_gate_fidelity": 0.2319006356935769,
      "fidelity_variance": 0.001392819117922319,
      "num_samples": 60,
      "sigma_mhz": 1.0
    }
  }
}