{
  "alpha": 0.157,
  "eval_cost": 10.258029809175497,
  "eval_fidelity": 0.01154348262377178,
  "eval_leakage": 0.00032530951410959325,
  "eval_plan_path": "runs\\runtime\\gamma_1.570796\\alpha_0.157000\\plans\\iter_000003_control_plan.npz",
  "eval_time_ns": 180.0,
  "gamma": 1.5707963267948966,
  "phase_iter": 3,
  "robustness": {
    "sigma_1p0": {
      "average_fidelity": 0.21141900382306483,
      "average_gate_fidelity": 0.014273754778831001,
      "fidelity_variance": 0.00014154478117967058,
      "num_samples": 60,
      "sigma_mhz": 1.0
    }
  }
}