{
  "alpha": 0.157,
  "eval_cost": 1.3788671835240098,
  "eval_fidelity": 0.9256331378296434,
  "eval_leakage": 0.0033491820978300787,
  "eval_plan_path": "runs\\runtime\\gamma_1.570796\\alpha_0.157000\\plans\\iter_000045_control_plan.npz",
  "eval_time_ns": 180.0,
  "gamma": 1.5707963267948966,
  "phase_iter": 45,
  "robustness": {
    "sigma_1p0": {
      "average_fidelity": 0.8891216642832989,
      "average_gate_fidelity": 0.8614020803541236,
      "fidelity_variance": 0.001385121614589853,
      "num_samples": 60,
      "sigma_mhz": 1.0
    }
  }
}