{
  "alpha": 0.157,
  "eval_cost": 10.075685407424787,
  "eval_fidelity": 0.026189027489531762,
  "eval_leakage": 0.0009579018563899072,
  "eval_plan_path": "runs\\runtime\\gamma_1.570796\\alpha_0.157000\\plans\\iter_000018_control_plan.npz",
  "eval_time_ns": 180.0,
  "gamma": 1.5707963267948966,
  "phase_iter": 18,
  "robustness": {
    "sigma_1p0": {
      "average_fidelity": 0.22221381892636735,
      "average_gate_fidelity": 0.027767273657959123,
      "fidelity_variance": 0.000194355985015765,
      "num_samples": 60,
      "sigma_mhz": 1.0
    }
  }
}