{
  "alpha": 0.157,
  "eval_cost": 8.239147675900913,
  "eval_fidelity": 0.21444058697916385,
  "eval_leakage": 0.001752160751897901,
  "eval_plan_path": "runs\\runtime\\gamma_1.570796\\alpha_0.157000\\plans\\iter_000025_control_plan.npz",
  "eval_time_ns": 180.0,
  "gamma": 1.5707963267948966,
  "phase_iter": 25,
  "robustness": {
    "sigma_1p0": {
      "average_fidelity": 0.3596521408457509,
      "average_gate_fidelity": 0.1995651760571886,
      "fidelity_variance": 0.0013028198631649648,
      "num_samples": 60,
      "sigma_mhz": 1.0
    }
  }
}