{
  "alpha": 0.157,
  "eval_cost": 8.21796410362293,
  "eval_fidelity": 0.23009655975497384,
  "eval_leakage": 0.0047316889673517685,
  "eval_plan_path": "runs\\runtime\\gamma_1.570796\\alpha_0.157000\\plans\\iter_000089_control_plan.npz",
  "eval_time_ns": 180.0,
  "gamma": 1.5707963267948966,
  "phase_iter": 89,
  "robustness": {
    "sigma_1p0": {
      "average_fidelity": 0.3706479483216509,
      "average_gate_fidelity": 0.2133099354020636,
      "fidelity_variance": 0.0010771779737722038,
      "num_samples": 60,
      "sigma_mhz": 1.0
    }
  }
}