{
  "alpha": 0.157,
  "eval_cost": 8.215131833014652,
  "eval_fidelity": 0.2328536774359221,
  "eval_leakage": 0.004744474876702508,
  "eval_plan_path": "runs\\runtime\\gamma_1.570796\\alpha_0.157000\\plans\\iter_000086_control_plan.npz",
  "eval_time_ns": 180.0,
  "gamma": 1.5707963267948966,
  "phase_iter": 86,
  "robustness": {
    "sigma_1p0": {
      "average_fidelity": 0.3762170550019864,
      "average_gate_fidelity": 0.2202713187524829,
      "fidelity_variance": 0.001233191674137347,
      "num_samples": 60,
      "sigma_mhz": 1.0
    }
  }
}