{
  "alpha": 0.157,
  "eval_cost": 2.6447342638899336,
  "eval_fidelity": 0.7784244541735188,
  "eval_leakage": 0.0027583970592073934,
  "eval_plan_path": "runs\\runtime\\gamma_1.570796\\alpha_0.157000\\plans\\iter_000038_control_plan.npz",
  "eval_time_ns": 180.0,
  "gamma": 1.5707963267948966,
  "phase_iter": 38,
  "robustness": {
    "sigma_1p0": {
      "average_fidelity": 0.7770575082574938,
      "average_gate_fidelity": 0.721321885321867,
      "fidelity_variance": 0.0024100052189414637,
      "num_samples": 60,
      "sigma_mhz": 1.0
    }
  }
}