{
  "alpha": 0.157,
  "eval_cost": 6.884121859418694,
  "eval_fidelity": 0.35881559399694213,
  "eval_leakage": 0.004283067697765529,
  "eval_plan_path": "runs\\runtime\\gamma_1.570796\\alpha_0.157000\\plans\\iter_000067_control_plan.npz",
  "eval_time_ns": 180.0,
  "gamma": 1.5707963267948966,
  "phase_iter": 67,
  "robustness": {
    "sigma_1p0": {
      "average_fidelity": 0.47056680235721693,
      "average_gate_fidelity": 0.33820850294652105,
      "fidelity_variance": 0.002490065944857079,
      "num_samples": 60,
      "sigma_mhz": 1.0
    }
  }
}