{
  "alpha": 0.157,
  "eval_cost": 8.163066893050074,
  "eval_fidelity": 0.23576103713164595,
  "eval_leakage": 0.004710837999483005,
  "eval_plan_path": "runs\\runtime\\gamma_1.570796\\alpha_0.157000\\plans\\iter_000087_control_plan.npz",
  "eval_time_ns": 180.0,
  "gamma": 1.5707963267948966,
  "phase_iter": 87,
  "robustness": {
    "sigma_1p0": {
      "average_fidelity": 0.3794705952789474,
      "average_gate_fidelity": 0.22433824409868416,
      "fidelity_variance": 0.001165193716161485,
      "num_samples": 60,
      "sigma_mhz": 1.0
    }
  }
}