{
  "alpha": 0.157,
  "eval_cost": 8.07451793183148,
  "eval_fidelity": 0.24659063284619825,
  "eval_leakage": 0.004527426817220339,
  "eval_plan_path": "runs\\runtime\\gamma_1.570796\\alpha_0.157000\\plans\\iter_000076_control_plan.npz",
  "eval_time_ns": 180.0,
  "gamma": 1.5707963267948966,
  "phase_iter": 76,
  "robustness": {
    "sigma_1p0": {
      "average_fidelity": 0.3859763467512068,
      "average_gate_fidelity": 0.2324704334390085,
      "fidelity_variance": 0.0013546620866199033,
      "num_samples": 60,
      "sigma_mhz": 1.0
    }
  }
}