{
  "alpha": 0.157,
  "eval_cost": 8.34274376066745,
  "eval_fidelity": 0.22213092973148804,
  "eval_leakage": 0.004730207370274256,
  "eval_plan_path": "runs\\runtime\\gamma_1.570796\\alpha_0.157000\\plans\\iter_000083_control_plan.npz",
  "eval_time_ns": 180.0,
  "gamma": 1.5707963267948966,
  "phase_iter": 83,
  "robustness": {
    "sigma_1p0": {
      "average_fidelity": 0.3644040580144064,
      "average_gate_fidelity": 0.205505072518008,
      "fidelity_variance": 0.0014251905571796449,
      "num_samples": 60,
      "sigma_mhz": 1.0
    }
  }
}