{
  "alpha": 0.157,
  "eval_cost": 10.101181059744738,
  "eval_fidelity": 0.02472272136169524,
  "eval_leakage": 0.0008349230319749427,
  "eval_plan_path": "runs\\runtime\\gamma_1.570796\\alpha_0.157000\\plans\\iter_000016_control_plan.npz",
  "eval_time_ns": 180.0,
  "gamma": 1.5707963267948966,
  "phase_iter": 16,
  "robustness": {
    "sigma_1p0": {
      "average_fidelity": 0.22034698369140174,
      "average_gate_fidelity": 0.025433729614252276,
      "fidelity_variance": 0.00012571731236356266,
      "num_samples": 60,
      "sigma_mhz": 1.0
    }
  }
}