{
  "alpha": 0.157,
  "eval_cost": 5.367037035628875,
  "eval_fidelity": 0.5248770526048154,
  "eval_leakage": 0.003997771058345338,
  "eval_plan_path": "runs\\runtime\\gamma_1.570796\\alpha_0.157000\\plans\\iter_000059_control_plan.npz",
  "eval_time_ns": 180.0,
  "gamma": 1.5707963267948966,
  "phase_iter": 59,
  "robustness": {
    "sigma_1p0": {
      "average_fidelity": 0.5911941482106958,
      "average_gate_fidelity": 0.48899268526336964,
      "fidelity_variance": 0.001996858364735806,
      "num_samples": 60,
      "sigma_mhz": 1.0
    }
  }
}