{
  "alpha": 0.157,
  "eval_cost": 1.933528239138908,
  "eval_fidelity": 0.8884947043929278,
  "eval_leakage": 0.0030929887642775484,
  "eval_plan_path": "runs\\runtime\\gamma_1.570796\\alpha_0.157000\\plans\\iter_000041_control_plan.npz",
  "eval_time_ns": 180.0,
  "gamma": 1.5707963267948966,
  "phase_iter": 41,
  "robustness": {
    "sigma_1p0": {
      "average_fidelity": 0.8639933361866622,
      "average_gate_fidelity": 0.8299916702333279,
      "fidelity_variance": 0.0024905543179837004,
      "num_samples": 60,
      "sigma_mhz": 1.0
    }
  }
}