{
  "alpha": 0.157,
  "eval_cost": 8.429749365597354,
  "eval_fidelity": 0.21591490119463105,
  "eval_leakage": 0.004793417236037507,
  "eval_plan_path": "runs\\runtime\\gamma_1.570796\\alpha_0.157000\\plans\\iter_000084_control_plan.npz",
  "eval_time_ns": 180.0,
  "gamma": 1.5707963267948966,
  "phase_iter": 84,
  "robustness": {
    "sigma_1p0": {
      "average_fidelity": 0.3601888897896254,
      "average_gate_fidelity": 0.20023611223703172,
      "fidelity_variance": 0.0013234536117401412,
      "num_samples": 60,
      "sigma_mhz": 1.0
    }
  }
}