{
  "alpha": 0.157,
  "eval_cost": 8.192423173309903,
  "eval_fidelity": 0.23508831637961702,
  "eval_leakage": 0.004590420113688445,
  "eval_plan_path": "runs\\runtime\\gamma_1.570796\\alpha_0.157000\\plans\\iter_000081_control_plan.npz",
  "eval_time_ns": 180.0,
  "gamma": 1.5707963267948966,
  "phase_iter": 81,
  "robustness": {
    "sigma_1p0": {
      "average_fidelity": 0.37554182431992555,
      "average_gate_fidelity": 0.21942728039990694,
      "fidelity_variance": 0.0014173511518350112,
      "num_samples": 60,
      "sigma_mhz": 1.0
    }
  }
}