{
  "alpha": 0.157,
  "eval_cost": 2.258865220631452,
  "eval_fidelity": 0.8230780828654214,
  "eval_leakage": 0.0022953283029242552,
  "eval_plan_path": "runs\\runtime\\gamma_1.570796\\alpha_0.157000\\plans\\iter_000033_control_plan.npz",
  "eval_time_ns": 180.0,
  "gamma": 1.5707963267948966,
  "phase_iter": 33,
  "robustness": {
    "sigma_1p0": {
      "average_fidelity": 0.8160318101735291,
      "average_gate_fidelity": 0.7700397627169112,
      "fidelity_variance": 0.0034268606341215074,
      "num_samples": 60,
      "sigma_mhz": 1.0
    }
  }
}