{
  "alpha": 0.157,
  "eval_cost": 9.427253390994426,
  "eval_fidelity": 0.09454310243962018,
  "eval_leakage": 0.0014439133648570623,
  "eval_plan_path": "runs\\runtime\\gamma_1.570796\\alpha_0.157000\\plans\\iter_000023_control_plan.npz",
  "eval_time_ns": 180.0,
  "gamma": 1.5707963267948966,
  "phase_iter": 23,
  "robustness": {
    "sigma_1p0": {
      "average_fidelity": 0.2693933265106311,
      "average_gate_fidelity": 0.08674165813828888,
      "fidelity_variance": 0.0007064920641466584,
      "num_samples": 60,
      "sigma_mhz": 1.0
    }
  }
}