{
  "alpha": 0.157,
  "eval_cost": 7.6510824512072935,
  "eval_fidelity": 0.2786807326142604,
  "eval_leakage": 0.004469075767664098,
  "eval_plan_path": "runs\\runtime\\gamma_1.570796\\alpha_0.157000\\plans\\iter_000074_control_plan.npz",
  "eval_time_ns": 180.0,
  "gamma": 1.5707963267948966,
  "phase_iter": 74,
  "robustness": {
    "sigma_1p0": {
      "average_fidelity": 0.40914673409543134,
      "average_gate_fidelity": 0.26143341761928923,
      "fidelity_variance": 0.0017316844178836281,
      "num_samples": 60,
      "sigma_mhz": 1.0
    }
  }
}