{
  "alpha": 0.157,
  "eval_cost": 8.084143897471176,
  "eval_fidelity": 0.24551468209644817,
  "eval_leakage": 0.004451618636366683,
  "eval_plan_path": "runs\\runtime\\gamma_1.570796\\alpha_0.157000\\plans\\iter_000077_control_plan.npz",
  "eval_time_ns": 180.0,
  "gamma": 1.5707963267948966,
  "phase_iter": 77,
  "robustness": {
    "sigma_1p0": {
      "average_fidelity": 0.38019888039786565,
      "average_gate_fidelity": 0.225248600497332,
      "fidelity_variance": 0.0014288138098164014,
      "num_samples": 60,
      "sigma_mhz": 1.0
    }
  }
}