{
  "alpha": 0.157,
  "eval_cost": 8.363708176000365,
  "eval_fidelity": 0.22118813979105068,
  "eval_leakage": 0.004798508793995422,
  "eval_plan_path": "runs\\runtime\\gamma_1.570796\\alpha_0.157000\\plans\\iter_000085_control_plan.npz",
  "eval_time_ns": 180.0,
  "gamma": 1.5707963267948966,
  "phase_iter": 85,
  "robustness": {
    "sigma_1p0": {
      "average_fidelity": 0.3624375728559633,
      "average_gate_fidelity": 0.203046966069954,
      "fidelity_variance": 0.0010638834303774187,
      "num_samples": 60,
      "sigma_mhz": 1.0
    }
  }
}