{
  "alpha": 0.157,
  "eval_cost": 7.462883384617457,
  "eval_fidelity": 0.29888289575356886,
  "eval_leakage": 0.004410759588566827,
  "eval_plan_path": "runs\\runtime\\gamma_1.570796\\alpha_0.157000\\plans\\iter_000072_control_plan.npz",
  "eval_time_ns": 180.0,
  "gamma": 1.5707963267948966,
  "phase_iter": 72,
  "robustness": {
    "sigma_1p0": {
      "average_fidelity": 0.42832742954107755,
      "average_gate_fidelity": 0.285409286926347,
      "fidelity_variance": 0.002186419574428017,
      "num_samples": 60,
      "sigma_mhz": 1.0
    }
  }
}