{
  "alpha": 0.157,
  "eval_cost": 1.4087808421201835,
  "eval_fidelity": 0.9305912903822897,
  "eval_leakage": 0.0032954412310600965,
  "eval_plan_path": "runs\\runtime\\gamma_1.570796\\alpha_0.157000\\plans\\iter_000044_control_plan.npz",
  "eval_time_ns": 180.0,
  "gamma": 1.5707963267948966,
  "phase_iter": 44,
  "robustness": {
    "sigma_1p0": {
      "average_fidelity": 0.8916161710624645,
      "average_gate_fidelity": 0.8645202138280808,
      "fidelity_variance": 0.0020771883729856083,
      "num_samples": 60,
      "sigma_mhz": 1.0
    }
  }
}