{
  "alpha": 0.157,
  "eval_cost": 2.9881131770315346,
  "eval_fidelity": 0.7479743376678591,
  "eval_leakage": 0.0024430356851922854,
  "eval_plan_path": "runs\\runtime\\gamma_1.570796\\alpha_0.157000\\plans\\iter_000035_control_plan.npz",
  "eval_time_ns": 180.0,
  "gamma": 1.5707963267948966,
  "phase_iter": 35,
  "robustness": {
    "sigma_1p0": {
      "average_fidelity": 0.7635731902520172,
      "average_gate_fidelity": 0.7044664878150215,
      "fidelity_variance": 0.0025537811230184546,
      "num_samples": 60,
      "sigma_mhz": 1.0
    }
  }
}