{
  "alpha": 2.669,
  "eval_cost": 0.5443393632965592,
  "eval_fidelity": 0.9834526141232095,
  "eval_leakage": 0.007671687104077472,
  "eval_plan_path": "runs\\runtime\\gamma_1.570796\\alpha_2.669000\\plans\\iter_000068_control_plan.npz",
  "eval_time_ns": 180.0,
  "gamma": 1.5707963267948966,
  "phase_iter": 68,
  "robustness": {
    "sigma_1p0": {
      "average_fidelity": 0.9365914033919293,
      "average_gate_fidelity": 0.9207392542399117,
      "fidelity_variance": 0.0007443152365146667,
      "num_samples": 60,
      "sigma_mhz": 1.0
    }
  }
}