{
  "alpha": 2.669,
  "eval_cost": 0.5643430548085802,
  "eval_fidelity": 0.9815479448922674,
  "eval_leakage": 0.007782263649365968,
  "eval_plan_path": "runs\\runtime\\gamma_1.570796\\alpha_2.669000\\plans\\iter_000076_control_plan.npz",
  "eval_time_ns": 180.0,
  "gamma": 1.5707963267948966,
  "phase_iter": 76,
  "robustness": {
    "sigma_1p0": {
      "average_fidelity": 0.9432772253221071,
      "average_gate_fidelity": 0.9290965316526338,
      "fidelity_variance": 0.0005523061735975274,
      "num_samples": 60,
      "sigma_mhz": 1.0
    }
  }
}