{
  "alpha": 2.669,
  "eval_cost": 0.5069299549678113,
  "eval_fidelity": 0.9872819800083527,
  "eval_leakage": 0.007712963257072149,
  "eval_plan_path": "runs\\runtime\\gamma_1.570796\\alpha_2.669000\\plans\\iter_000088_control_plan.npz",
  "eval_time_ns": 180.0,
  "gamma": 1.5707963267948966,
  "phase_iter": 88,
  "robustness": {
    "sigma_1p0": {
      "average_fidelity": 0.9382543146072968,
      "average_gate_fidelity": 0.9228178932591209,
      "fidelity_variance": 0.0006988468496247916,
      "num_samples": 60,
      "sigma_mhz": 1.0
    }
  }
}