{
  "alpha": 2.669,
  "eval_cost": 0.8445003116550426,
  "eval_fidelity": 0.9562267871815836,
  "eval_leakage": 0.007793396736543232,
  "eval_plan_path": "runs\\runtime\\gamma_1.570796\\alpha_2.669000\\plans\\iter_000016_control_plan.npz",
  "eval_time_ns": 180.0,
  "gamma": 1.5707963267948966,
  "phase_iter": 16,
  "robustness": {
    "sigma_1p0": {
      "average_fidelity": 0.9164114497014476,
      "average_gate_fidelity": 0.8955143121268094,
      "fidelity_variance": 0.0012543406180363739,
      "num_samples": 60,
      "sigma_mhz": 1.0
    }
  }
}