{
  "alpha": 2.669,
  "eval_cost": 0.7348517154402826,
  "eval_fidelity": 0.9656407315733886,
  "eval_leakage": 0.007688851565322846,
  "eval_plan_path": "runs\\runtime\\gamma_1.570796\\alpha_2.669000\\plans\\iter_000042_control_plan.npz",
  "eval_time_ns": 180.0,
  "gamma": 1.5707963267948966,
  "phase_iter": 42,
  "robustness": {
    "sigma_1p0": {
      "average_fidelity": 0.9181438547407474,
      "average_gate_fidelity": 0.8976798184259347,
      "fidelity_variance": 0.0014540960817944946,
      "num_samples": 60,
      "sigma_mhz": 1.0
    }
  }
}