{
  "alpha": 2.669,
  "eval_cost": 0.7939344027370612,
  "eval_fidelity": 0.9608369053918756,
  "eval_leakage": 0.007789381999688424,
  "eval_plan_path": "runs\\runtime\\gamma_1.570796\\alpha_2.669000\\plans\\iter_000020_control_plan.npz",
  "eval_time_ns": 180.0,
  "gamma": 1.5707963267948966,
  "phase_iter": 20,
  "robustness": {
    "sigma_1p0": {
      "average_fidelity": 0.9181391539998103,
      "average_gate_fidelity": 0.8976739424997627,
      "fidelity_variance": 0.00098206940925503,
      "num_samples": 60,
      "sigma_mhz": 1.0
    }
  }
}