{
  "alpha": 2.669,
  "eval_cost": 0.8141672597494968,
  "eval_fidelity": 0.958054276832773,
  "eval_leakage": 0.007842024076643701,
  "eval_plan_path": "runs\\runtime\\gamma_1.570796\\alpha_2.669000\\plans\\iter_000019_control_plan.npz",
  "eval_time_ns": 180.0,
  "gamma": 1.5707963267948966,
  "phase_iter": 19,
  "robustness": {
    "sigma_1p0": {
      "average_fidelity": 0.9178087291148405,
      "average_gate_fidelity": 0.8972609113935504,
      "fidelity_variance": 0.0012834016282482499,
      "num_samples": 60,
      "sigma_mhz": 1.0
    }
  }
}