{
  "alpha": 2.669,
  "eval_cost": 0.7513866764354644,
  "eval_fidelity": 0.9638865789728466,
  "eval_leakage": 0.0077538614901197615,
  "eval_plan_path": "runs\\runtime\\gamma_1.570796\\alpha_2.669000\\plans\\iter_000038_control_plan.npz",
  "eval_time_ns": 180.0,
  "gamma": 1.5707963267948966,
  "phase_iter": 38,
  "robustness": {
    "sigma_1p0": {
      "average_fidelity": 0.9200333681965298,
      "average_gate_fidelity": 0.9000417102456624,
      "fidelity_variance": 0.0011313206328027368,
      "num_samples": 60,
      "sigma_mhz": 1.0
    }
  }
}