{
  "alpha": 2.669,
  "eval_cost": 0.5429628292043251,
  "eval_fidelity": 0.983685951150071,
  "eval_leakage": 0.007745456481549275,
  "eval_plan_path": "runs\\runtime\\gamma_1.570796\\alpha_2.669000\\plans\\iter_000081_control_plan.npz",
  "eval_time_ns": 180.0,
  "gamma": 1.5707963267948966,
  "phase_iter": 81,
  "robustness": {
    "sigma_1p0": {
      "average_fidelity": 0.9382724979473647,
      "average_gate_fidelity": 0.9228406224342058,
      "fidelity_variance": 0.0006097760614113407,
      "num_samples": 60,
      "sigma_mhz": 1.0
    }
  }
}