{
  "alpha": 2.669,
  "eval_cost": 0.5389520039667915,
  "eval_fidelity": 0.9840291325362422,
  "eval_leakage": 0.007711213069633102,
  "eval_plan_path": "runs\\runtime\\gamma_1.570796\\alpha_2.669000\\plans\\iter_000075_control_plan.npz",
  "eval_time_ns": 180.0,
  "gamma": 1.5707963267948966,
  "phase_iter": 75,
  "robustness": {
    "sigma_1p0": {
      "average_fidelity": 0.9326367983538433,
      "average_gate_fidelity": 0.915795997942304,
      "fidelity_variance": 0.0006511505092088122,
      "num_samples": 60,
      "sigma_mhz": 1.0
    }
  }
}