{
  "alpha": 2.669,
  "eval_cost": 0.8785020329875118,
  "eval_fidelity": 0.9529642905331412,
  "eval_leakage": 0.007837983767029492,
  "eval_plan_path": "runs\\runtime\\gamma_1.570796\\alpha_2.669000\\plans\\iter_000010_control_plan.npz",
  "eval_time_ns": 180.0,
  "gamma": 1.5707963267948966,
  "phase_iter": 10,
  "robustness": {
    "sigma_1p0": {
      "average_fidelity": 0.9165941265332855,
      "average_gate_fidelity": 0.8957426581666066,
      "fidelity_variance": 0.00180658595695979,
      "num_samples": 60,
      "sigma_mhz": 1.0
    }
  }
}