{
  "alpha": 2.669,
  "eval_cost": 0.8257996133793809,
  "eval_fidelity": 0.9580935200514679,
  "eval_leakage": 0.0077982681794398585,
  "eval_plan_path": "runs\\runtime\\gamma_1.570796\\alpha_2.669000\\plans\\iter_000013_control_plan.npz",
  "eval_time_ns": 180.0,
  "gamma": 1.5707963267948966,
  "phase_iter": 13,
  "robustness": {
    "sigma_1p0": {
      "average_fidelity": 0.9207390411896708,
      "average_gate_fidelity": 0.9009238014870887,
      "fidelity_variance": 0.001445214701750577,
      "num_samples": 60,
      "sigma_mhz": 1.0
    }
  }
}