{
  "alpha": 2.669,
  "eval_cost": 0.618455039307807,
  "eval_fidelity": 0.9767024128238959,
  "eval_leakage": 0.007660147029659304,
  "eval_plan_path": "runs\\runtime\\gamma_1.570796\\alpha_2.669000\\plans\\iter_000054_control_plan.npz",
  "eval_time_ns": 180.0,
  "gamma": 1.5707963267948966,
  "phase_iter": 54,
  "robustness": {
    "sigma_1p0": {
      "average_fidelity": 0.9288070311806099,
      "average_gate_fidelity": 0.9110087889757625,
      "fidelity_variance": 0.0010347245200476763,
      "num_samples": 60,
      "sigma_mhz": 1.0
    }
  }
}