{
  "alpha": 2.669,
  "eval_cost": 0.5728284884728347,
  "eval_fidelity": 0.9807518034870218,
  "eval_leakage": 0.00772069811788854,
  "eval_plan_path": "runs\\runtime\\gamma_1.570796\\alpha_2.669000\\plans\\iter_000070_control_plan.npz",
  "eval_time_ns": 180.0,
  "gamma": 1.5707963267948966,
  "phase_iter": 70,
  "robustness": {
    "sigma_1p0": {
      "average_fidelity": 0.9338937840170369,
      "average_gate_fidelity": 0.9173672300212962,
      "fidelity_variance": 0.0008110560399272,
      "num_samples": 60,
      "sigma_mhz": 1.0
    }
  }
}