{
  "alpha": 2.669,
  "eval_cost": 0.5398603415984743,
  "eval_fidelity": 0.9839381173599362,
  "eval_leakage": 0.007687490514842296,
  "eval_plan_path": "runs\\runtime\\gamma_1.570796\\alpha_2.669000\\plans\\iter_000074_control_plan.npz",
  "eval_time_ns": 180.0,
  "gamma": 1.5707963267948966,
  "phase_iter": 74,
  "robustness": {
    "sigma_1p0": {
      "average_fidelity": 0.9398646448212663,
      "average_gate_fidelity": 0.9248308060265829,
      "fidelity_variance": 0.0005355745755224375,
      "num_samples": 60,
      "sigma_mhz": 1.0
    }
  }
}