{
  "alpha": 2.669,
  "eval_cost": 0.7225940610524636,
  "eval_fidelity": 0.9673437895007633,
  "eval_leakage": 0.0077310606352395984,
  "eval_plan_path": "runs\\runtime\\gamma_1.570796\\alpha_2.669000\\plans\\iter_000035_control_plan.npz",
  "eval_time_ns": 180.0,
  "gamma": 1.5707963267948966,
  "phase_iter": 35,
  "robustness": {
    "sigma_1p0": {
      "average_fidelity": 0.9256311566140139,
      "average_gate_fidelity": 0.9070389457675173,
      "fidelity_variance": 0.0008686940469617074,
      "num_samples": 60,
      "sigma_mhz": 1.0
    }
  }
}