{
  "alpha": 2.669,
  "eval_cost": 0.5455797437869003,
  "eval_fidelity": 0.9835392695233632,
  "eval_leakage": 0.007733459453772723,
  "eval_plan_path": "runs\\runtime\\gamma_1.570796\\alpha_2.669000\\plans\\iter_000085_control_plan.npz",
  "eval_time_ns": 180.0,
  "gamma": 1.5707963267948966,
  "phase_iter": 85,
  "robustness": {
    "sigma_1p0": {
      "average_fidelity": 0.9379684489391228,
      "average_gate_fidelity": 0.9224605611739034,
      "fidelity_variance": 0.0008103327388425521,
      "num_samples": 60,
      "sigma_mhz": 1.0
    }
  }
}