{
  "alpha": 2.669,
  "eval_cost": 0.5150938055013575,
  "eval_fidelity": 0.9865735203833609,
  "eval_leakage": 0.0077366370055937965,
  "eval_plan_path": "runs\\runtime\\gamma_1.570796\\alpha_2.669000\\plans\\iter_000090_control_plan.npz",
  "eval_time_ns": 180.0,
  "gamma": 1.5707963267948966,
  "phase_iter": 90,
  "robustness": {
    "sigma_1p0": {
      "average_fidelity": 0.9393083881137042,
      "average_gate_fidelity": 0.9241354851421301,
      "fidelity_variance": 0.00066655155868302,
      "num_samples": 60,
      "sigma_mhz": 1.0
    }
  }
}