{
  "alpha": 2.669,
  "eval_cost": 0.6471375528743646,
  "eval_fidelity": 0.9737117519634662,
  "eval_leakage": 0.007732202876457096,
  "eval_plan_path": "runs\\runtime\\gamma_1.570796\\alpha_2.669000\\plans\\iter_000055_control_plan.npz",
  "eval_time_ns": 180.0,
  "gamma": 1.5707963267948966,
  "phase_iter": 55,
  "robustness": {
    "sigma_1p0": {
      "average_fidelity": 0.9262844996816715,
      "average_gate_fidelity": 0.9078556246020892,
      "fidelity_variance": 0.001645529731118358,
      "num_samples": 60,
      "sigma_mhz": 1.0
    }
  }
}