{
  "alpha": 2.669,
  "eval_cost": 0.5655488363553688,
  "eval_fidelity": 0.9816351937130798,
  "eval_leakage": 0.007728943292900289,
  "eval_plan_path": "runs\\runtime\\gamma_1.570796\\alpha_2.669000\\plans\\iter_000064_control_plan.npz",
  "eval_time_ns": 180.0,
  "gamma": 1.5707963267948966,
  "phase_iter": 64,
  "robustness": {
    "sigma_1p0": {
      "average_fidelity": 0.9321086068570748,
      "average_gate_fidelity": 0.9151357585713434,
      "fidelity_variance": 0.0008370685248309906,
      "num_samples": 60,
      "sigma_mhz": 1.0
    }
  }
}