{
  "alpha": 2.669,
  "eval_cost": 0.5813372907317227,
  "eval_fidelity": 0.9799937922955915,
  "eval_leakage": 0.007768023956154505,
  "eval_plan_path": "runs\\runtime\\gamma_1.570796\\alpha_2.669000\\plans\\iter_000059_control_plan.npz",
  "eval_time_ns": 180.0,
  "gamma": 1.5707963267948966,
  "phase_iter": 59,
  "robustness": {
    "sigma_1p0": {
      "average_fidelity": 0.9339885177692548,
      "average_gate_fidelity": 0.9174856472115683,
      "fidelity_variance": 0.000972469626616777,
      "num_samples": 60,
      "sigma_mhz": 1.0
    }
  }
}