{
  "alpha": 2.669,
  "eval_cost": 0.5676077174653318,
  "eval_fidelity": 0.9811781713944828,
  "eval_leakage": 0.007706411682218802,
  "eval_plan_path": "runs\\runtime\\gamma_1.570796\\alpha_2.669000\\plans\\iter_000084_control_plan.npz",
  "eval_time_ns": 180.0,
  "gamma": 1.5707963267948966,
  "phase_iter": 84,
  "robustness": {
    "sigma_1p0": {
      "average_fidelity": 0.9310365753938371,
      "average_gate_fidelity": 0.9137957192422961,
      "fidelity_variance": 0.0010971535284549168,
      "num_samples": 60,
      "sigma_mhz": 1.0
    }
  }
}