{
  "alpha": 2.669,
  "eval_cost": 0.5327807755987162,
  "eval_fidelity": 0.9846250099875525,
  "eval_leakage": 0.007703456196003163,
  "eval_plan_path": "runs\\runtime\\gamma_1.570796\\alpha_2.669000\\plans\\iter_000061_control_plan.npz",
  "eval_time_ns": 180.0,
  "gamma": 1.5707963267948966,
  "phase_iter": 61,
  "robustness": {
    "sigma_1p0": {
      "average_fidelity": 0.9421485736663954,
      "average_gate_fidelity": 0.9276857170829942,
      "fidelity_variance": 0.0006170259456463572,
      "num_samples": 60,
      "sigma_mhz": 1.0
    }
  }
}