{
  "alpha": 2.669,
  "eval_cost": 0.7566978934883187,
  "eval_fidelity": 0.9641630728486975,
  "eval_leakage": 0.00772996677681597,
  "eval_plan_path": "runs\\runtime\\gamma_1.570796\\alpha_2.669000\\plans\\iter_000034_control_plan.npz",
  "eval_time_ns": 180.0,
  "gamma": 1.5707963267948966,
  "phase_iter": 34,
  "robustness": {
    "sigma_1p0": {
      "average_fidelity": 0.923028555804958,
      "average_gate_fidelity": 0.9037856947561976,
      "fidelity_variance": 0.001203708093099573,
      "num_samples": 60,
      "sigma_mhz": 1.0
    }
  }
}