{
  "alpha": 2.669,
  "eval_cost": 0.6060794277863317,
  "eval_fidelity": 0.9775701209516512,
  "eval_leakage": 0.007697571728304684,
  "eval_plan_path": "runs\\runtime\\gamma_1.570796\\alpha_2.669000\\plans\\iter_000057_control_plan.npz",
  "eval_time_ns": 180.0,
  "gamma": 1.5707963267948966,
  "phase_iter": 57,
  "robustness": {
    "sigma_1p0": {
      "average_fidelity": 0.9375856350915925,
      "average_gate_fidelity": 0.9219820438644906,
      "fidelity_variance": 0.0013904482632458779,
      "num_samples": 60,
      "sigma_mhz": 1.0
    }
  }
}