{
  "alpha": 2.669,
  "eval_cost": 0.5712441170375442,
  "eval_fidelity": 0.9808555451115069,
  "eval_leakage": 0.00773235732545462,
  "eval_plan_path": "runs\\runtime\\gamma_1.570796\\alpha_2.669000\\plans\\iter_000072_control_plan.npz",
  "eval_time_ns": 180.0,
  "gamma": 1.5707963267948966,
  "phase_iter": 72,
  "robustness": {
    "sigma_1p0": {
      "average_fidelity": 0.9335493462240363,
      "average_gate_fidelity": 0.9169366827800455,
      "fidelity_variance": 0.0006253976030663461,
      "num_samples": 60,
      "sigma_mhz": 1.0
    }
  }
}