{
  "alpha": 2.669,
  "eval_cost": 0.5090154244702819,
  "eval_fidelity": 0.9870662530486309,
  "eval_leakage": 0.007692693655617478,
  "eval_plan_path": "runs\\runtime\\gamma_1.570796\\alpha_2.669000\\plans\\iter_000062_control_plan.npz",
  "eval_time_ns": 180.0,
  "gamma": 1.5707963267948966,
  "phase_iter": 62,
  "robustness": {
    "sigma_1p0": {
      "average_fidelity": 0.9407035485401996,
      "average_gate_fidelity": 0.9258794356752492,
      "fidelity_variance": 0.0006522078539506821,
      "num_samples": 60,
      "sigma_mhz": 1.0
    }
  }
}