{
  "alpha": 2.669,
  "eval_cost": 0.6769068430250988,
  "eval_fidelity": 0.9710801980752388,
  "eval_leakage": 0.007615391180128931,
  "eval_plan_path": "runs\\runtime\\gamma_1.570796\\alpha_2.669000\\plans\\iter_000049_control_plan.npz",
  "eval_time_ns": 180.0,
  "gamma": 1.5707963267948966,
  "phase_iter": 49,
  "robustness": {
    "sigma_1p0": {
      "average_fidelity": 0.9280446590185414,
      "average_gate_fidelity": 0.9100558237731765,
      "fidelity_variance": 0.0010474495303625835,
      "num_samples": 60,
      "sigma_mhz": 1.0
    }
  }
}