{
  "alpha": 2.669,
  "eval_cost": 0.39675578143386586,
  "eval_fidelity": 0.9917737847998207,
  "eval_leakage": 0.00629335536515042,
  "eval_plan_path": "runs\\runtime\\gamma_1.570796\\alpha_2.669000\\plans\\iter_000094_control_plan.npz",
  "eval_time_ns": 144.0,
  "gamma": 1.5707963267948966,
  "phase_iter": 94,
  "robustness": {
    "sigma_1p0": {
      "average_fidelity": 0.9546771236265909,
      "average_gate_fidelity": 0.9433464045332386,
      "fidelity_variance": 0.00048207752048300346,
      "num_samples": 60,
      "sigma_mhz": 1.0
    }
  }
}