{
  "alpha": 2.669,
  "eval_cost": 0.541899628744888,
  "eval_fidelity": 0.9838472065232127,
  "eval_leakage": 0.0077572762284001655,
  "eval_plan_path": "runs\\runtime\\gamma_1.570796\\alpha_2.669000\\plans\\iter_000080_control_plan.npz",
  "eval_time_ns": 180.0,
  "gamma": 1.5707963267948966,
  "phase_iter": 80,
  "robustness": {
    "sigma_1p0": {
      "average_fidelity": 0.9367186641073586,
      "average_gate_fidelity": 0.9208983301341982,
      "fidelity_variance": 0.000533710733061637,
      "num_samples": 60,
      "sigma_mhz": 1.0
    }
  }
}