{
  "alpha": 2.669,
  "eval_cost": 0.7758987245237139,
  "eval_fidelity": 0.9620992701984097,
  "eval_leakage": 0.0077802401946708635,
  "eval_plan_path": "runs\\runtime\\gamma_1.570796\\alpha_2.669000\\plans\\iter_000031_control_plan.npz",
  "eval_time_ns": 180.0,
  "gamma": 1.5707963267948966,
  "phase_iter": 31,
  "robustness": {
    "sigma_1p0": {
      "average_fidelity": 0.9225890081643989,
      "average_gate_fidelity": 0.9032362602054984,
      "fidelity_variance": 0.0011600318488898928,
      "num_samples": 60,
      "sigma_mhz": 1.0
    }
  }
}