{
  "alpha": 2.669,
  "eval_cost": 0.6538021484979646,
  "eval_fidelity": 0.9730500941910525,
  "eval_leakage": 0.007673424820631598,
  "eval_plan_path": "runs\\runtime\\gamma_1.570796\\alpha_2.669000\\plans\\iter_000051_control_plan.npz",
  "eval_time_ns": 180.0,
  "gamma": 1.5707963267948966,
  "phase_iter": 51,
  "robustness": {
    "sigma_1p0": {
      "average_fidelity": 0.9246744579586225,
      "average_gate_fidelity": 0.9058430724482781,
      "fidelity_variance": 0.0007873762466123207,
      "num_samples": 60,
      "sigma_mhz": 1.0
    }
  }
}