{
  "alpha": 2.669,
  "eval_cost": 0.5540627056998032,
  "eval_fidelity": 0.9825425374164979,
  "eval_leakage": 0.007687904409927484,
  "eval_plan_path": "runs\\runtime\\gamma_1.570796\\alpha_2.669000\\plans\\iter_000067_control_plan.npz",
  "eval_time_ns": 180.0,
  "gamma": 1.5707963267948966,
  "phase_iter": 67,
  "robustness": {
    "sigma_1p0": {
      "average_fidelity": 0.9377325260113765,
      "average_gate_fidelity": 0.9221656575142204,
      "fidelity_variance": 0.0006909845134853443,
      "num_samples": 60,
      "sigma_mhz": 1.0
    }
  }
}