{
  "alpha": 2.669,
  "eval_cost": 0.669509608275558,
  "eval_fidelity": 0.9713134678220134,
  "eval_leakage": 0.007673205418925298,
  "eval_plan_path": "runs\\runtime\\gamma_1.570796\\alpha_2.669000\\plans\\iter_000052_control_plan.npz",
  "eval_time_ns": 180.0,
  "gamma": 1.5707963267948966,
  "phase_iter": 52,
  "robustness": {
    "sigma_1p0": {
      "average_fidelity": 0.9238434486426241,
      "average_gate_fidelity": 0.90480431080328,
      "fidelity_variance": 0.0007253941737478593,
      "num_samples": 60,
      "sigma_mhz": 1.0
    }
  }
}