{
  "alpha": 2.669,
  "eval_cost": 0.7535108676596003,
  "eval_fidelity": 0.9643740727670143,
  "eval_leakage": 0.00775986562897111,
  "eval_plan_path": "runs\\runtime\\gamma_1.570796\\alpha_2.669000\\plans\\iter_000026_control_plan.npz",
  "eval_time_ns": 180.0,
  "gamma": 1.5707963267948966,
  "phase_iter": 26,
  "robustness": {
    "sigma_1p0": {
      "average_fidelity": 0.9163258131420101,
      "average_gate_fidelity": 0.8954072664275129,
      "fidelity_variance": 0.0016723440385138404,
      "num_samples": 60,
      "sigma_mhz": 1.0
    }
  }
}