{
  "alpha": 2.669,
  "eval_cost": 0.7850475831836944,
  "eval_fidelity": 0.9614464859348554,
  "eval_leakage": 0.007735128504445425,
  "eval_plan_path": "runs\\runtime\\gamma_1.570796\\alpha_2.669000\\plans\\iter_000030_control_plan.npz",
  "eval_time_ns": 180.0,
  "gamma": 1.5707963267948966,
  "phase_iter": 30,
  "robustness": {
    "sigma_1p0": {
      "average_fidelity": 0.918853051067358,
      "average_gate_fidelity": 0.8985663138341976,
      "fidelity_variance": 0.0010487017062809699,
      "num_samples": 60,
      "sigma_mhz": 1.0
    }
  }
}