{
  "alpha": 2.669,
  "eval_cost": 0.7669696216964496,
  "eval_fidelity": 0.9630425906205389,
  "eval_leakage": 0.00772966204711632,
  "eval_plan_path": "runs\\runtime\\gamma_1.570796\\alpha_2.669000\\plans\\iter_000028_control_plan.npz",
  "eval_time_ns": 180.0,
  "gamma": 1.5707963267948966,
  "phase_iter": 28,
  "robustness": {
    "sigma_1p0": {
      "average_fidelity": 0.9155236465556911,
      "average_gate_fidelity": 0.8944045581946137,
      "fidelity_variance": 0.0011368945596511987,
      "num_samples": 60,
      "sigma_mhz": 1.0
    }
  }
}