{
  "alpha": 2.669,
  "eval_cost": 0.8756696339543363,
  "eval_fidelity": 0.9533562178426127,
  "eval_leakage": 0.007817438973216111,
  "eval_plan_path": "runs\\runtime\\gamma_1.570796\\alpha_2.669000\\plans\\iter_000008_control_plan.npz",
  "eval_time_ns": 180.0,
  "gamma": 1.5707963267948966,
  "phase_iter": 8,
  "robustness": {
    "sigma_1p0": {
      "average_fidelity": 0.921841441592886,
      "average_gate_fidelity": 0.9023018019911074,
      "fidelity_variance": 0.0013141670048937625,
      "num_samples": 60,
      "sigma_mhz": 1.0
    }
  }
}