{
  "alpha": 2.669,
  "eval_cost": 0.7443549161698966,
  "eval_fidelity": 0.9645043179948761,
  "eval_leakage": 0.007724051772745999,
  "eval_plan_path": "runs\\runtime\\gamma_1.570796\\alpha_2.669000\\plans\\iter_000041_control_plan.npz",
  "eval_time_ns": 180.0,
  "gamma": 1.5707963267948966,
  "phase_iter": 41,
  "robustness": {
    "sigma_1p0": {
      "average_fidelity": 0.926567155177359,
      "average_gate_fidelity": 0.9082089439716986,
      "fidelity_variance": 0.000828883390003954,
      "num_samples": 60,
      "sigma_mhz": 1.0
    }
  }
}