{
  "alpha": 2.669,
  "eval_cost": 0.7881345993552697,
  "eval_fidelity": 0.9608811369538891,
  "eval_leakage": 0.0077248332406593245,
  "eval_plan_path": "runs\\runtime\\gamma_1.570796\\alpha_2.669000\\plans\\iter_000029_control_plan.npz",
  "eval_time_ns": 180.0,
  "gamma": 1.5707963267948966,
  "phase_iter": 29,
  "robustness": {
    "sigma_1p0": {
      "average_fidelity": 0.9195830492086394,
      "average_gate_fidelity": 0.8994788115107993,
      "fidelity_variance": 0.0010280251891957714,
      "num_samples": 60,
      "sigma_mhz": 1.0
    }
  }
}