{
  "alpha": 2.669,
  "eval_cost": 0.7627074933430247,
  "eval_fidelity": 0.9635367410405972,
  "eval_leakage": 0.007734728932773349,
  "eval_plan_path": "runs\\runtime\\gamma_1.570796\\alpha_2.669000\\plans\\iter_000025_control_plan.npz",
  "eval_time_ns": 180.0,
  "gamma": 1.5707963267948966,
  "phase_iter": 25,
  "robustness": {
    "sigma_1p0": {
      "average_fidelity": 0.9295257222880555,
      "average_gate_fidelity": 0.9119071528600693,
      "fidelity_variance": 0.0009071407745931423,
      "num_samples": 60,
      "sigma_mhz": 1.0
    }
  }
}