{
  "alpha": 2.669,
  "eval_cost": 0.9675546769849517,
  "eval_fidelity": 0.9445691660947988,
  "eval_leakage": 0.007937986987901295,
  "eval_plan_path": "runs\\runtime\\gamma_1.570796\\alpha_2.669000\\plans\\iter_000005_control_plan.npz",
  "eval_time_ns": 180.0,
  "gamma": 1.5707963267948966,
  "phase_iter": 5,
  "robustness": {
    "sigma_1p0": {
      "average_fidelity": 0.9103274629396335,
      "average_gate_fidelity": 0.8879093286745419,
      "fidelity_variance": 0.001573319577297473,
      "num_samples": 60,
      "sigma_mhz": 1.0
    }
  }
}