{
  "alpha": 2.669,
  "eval_cost": 0.7057480777047336,
  "eval_fidelity": 0.968680469671051,
  "eval_leakage": 0.007620517384441218,
  "eval_plan_path": "runs\\runtime\\gamma_1.570796\\alpha_2.669000\\plans\\iter_000048_control_plan.npz",
  "eval_time_ns": 180.0,
  "gamma": 1.5707963267948966,
  "phase_iter": 48,
  "robustness": {
    "sigma_1p0": {
      "average_fidelity": 0.9291206038598094,
      "average_gate_fidelity": 0.9114007548247619,
      "fidelity_variance": 0.0009738421836671803,
      "num_samples": 60,
      "sigma_mhz": 1.0
    }
  }
}