{
  "alpha": 2.669,
  "eval_cost": 0.8425712891339833,
  "eval_fidelity": 0.9563856851251307,
  "eval_leakage": 0.007812213650612284,
  "eval_plan_path": "runs\\runtime\\gamma_1.570796\\alpha_2.669000\\plans\\iter_000014_control_plan.npz",
  "eval_time_ns": 180.0,
  "gamma": 1.5707963267948966,
  "phase_iter": 14,
  "robustness": {
    "sigma_1p0": {
      "average_fidelity": 0.9122185270574938,
      "average_gate_fidelity": 0.8902731588218676,
      "fidelity_variance": 0.001346158878510577,
      "num_samples": 60,
      "sigma_mhz": 1.0
    }
  }
}