{
  "alpha": 2.669,
  "eval_cost": 0.8858455500726711,
  "eval_fidelity": 0.9522904113578687,
  "eval_leakage": 0.007796824528538767,
  "eval_plan_path": "runs\\runtime\\gamma_1.570796\\alpha_2.669000\\plans\\iter_000017_control_plan.npz",
  "eval_time_ns": 180.0,
  "gamma": 1.5707963267948966,
  "phase_iter": 17,
  "robustness": {
    "sigma_1p0": {
      "average_fidelity": 0.915308771997827,
      "average_gate_fidelity": 0.894135964997284,
      "fidelity_variance": 0.0010124768782069538,
      "num_samples": 60,
      "sigma_mhz": 1.0
    }
  }
}