{
  "alpha": 2.669,
  "eval_cost": 0.6065827530877346,
  "eval_fidelity": 0.9775367248342864,
  "eval_leakage": 0.00774771361202941,
  "eval_plan_path": "runs\\runtime\\gamma_1.570796\\alpha_2.669000\\plans\\iter_000058_control_plan.npz",
  "eval_time_ns": 180.0,
  "gamma": 1.5707963267948966,
  "phase_iter": 58,
  "robustness": {
    "sigma_1p0": {
      "average_fidelity": 0.9305542729654435,
      "average_gate_fidelity": 0.9131928412068042,
      "fidelity_variance": 0.0008932670120540815,
      "num_samples": 60,
      "sigma_mhz": 1.0
    }
  }
}