{
  "alpha": 2.669,
  "eval_cost": 0.5560780523262576,
  "eval_fidelity": 0.982266312823786,
  "eval_leakage": 0.007720887356903509,
  "eval_plan_path": "runs\\runtime\\gamma_1.570796\\alpha_2.669000\\plans\\iter_000079_control_plan.npz",
  "eval_time_ns": 180.0,
  "gamma": 1.5707963267948966,
  "phase_iter": 79,
  "robustness": {
    "sigma_1p0": {
      "average_fidelity": 0.930405313737065,
      "average_gate_fidelity": 0.9130066421713311,
      "fidelity_variance": 0.0008447590059501134,
      "num_samples": 60,
      "sigma_mhz": 1.0
    }
  }
}