{
  "alpha": 2.669,
  "eval_cost": 0.8473081132677243,
  "eval_fidelity": 0.955278681791658,
  "eval_leakage": 0.007871961917071527,
  "eval_plan_path": "runs\\runtime\\gamma_1.570796\\alpha_2.669000\\plans\\iter_000012_control_plan.npz",
  "eval_time_ns": 180.0,
  "gamma": 1.5707963267948966,
  "phase_iter": 12,
  "robustness": {
    "sigma_1p0": {
      "average_fidelity": 0.9175193513622042,
      "average_gate_fidelity": 0.8968991892027549,
      "fidelity_variance": 0.0011235884586905129,
      "num_samples": 60,
      "sigma_mhz": 1.0
    }
  }
}