{
  "alpha": 2.669,
  "eval_cost": 0.7281128896137434,
  "eval_fidelity": 0.9666031637497304,
  "eval_leakage": 0.007722710919896728,
  "eval_plan_path": "runs\\runtime\\gamma_1.570796\\alpha_2.669000\\plans\\iter_000036_control_plan.npz",
  "eval_time_ns": 180.0,
  "gamma": 1.5707963267948966,
  "phase_iter": 36,
  "robustness": {
    "sigma_1p0": {
      "average_fidelity": 0.9256077419309678,
      "average_gate_fidelity": 0.9070096774137097,
      "fidelity_variance": 0.001136782393891631,
      "num_samples": 60,
      "sigma_mhz": 1.0
    }
  }
}