{
  "alpha": 2.669,
  "eval_cost": 1.1047783030095826,
  "eval_fidelity": 0.9286049460497517,
  "eval_leakage": 0.008386379128136737,
  "eval_plan_path": "runs\\runtime\\gamma_1.570796\\alpha_2.669000\\plans\\iter_000001_control_plan.npz",
  "eval_time_ns": 180.0,
  "gamma": 1.5707963267948966,
  "phase_iter": 1,
  "robustness": {
    "sigma_1p0": {
      "average_fidelity": 0.8981254125262533,
      "average_gate_fidelity": 0.8726567656578168,
      "fidelity_variance": 0.001530325087152498,
      "num_samples": 60,
      "sigma_mhz": 1.0
    }
  }
}