{
  "alpha": 2.2,
  "eval_cost": 0.21889980099713044,
  "eval_fidelity": 0.9933027207911577,
  "eval_leakage": 0.00028707553824842594,
  "eval_plan_path": "runs\\cost_function_sweep\\trpo\\a-2p2__g-pi_2__kl-0p005__tc-0p15__std-m1p0__dt-2p0__mt-180p0__chi-5p0__beta-10p0__mu-0p1__kappa-0p05\\seed_1\\plans\\iter_000003_control_plan.npz",
  "eval_time_ns": 180.0,
  "gamma": 1.5707963267948966,
  "iteration": 3,
  "robustness": {
    "sigma_1p0": {
      "average_fidelity": 0.9392001457323721,
      "average_gate_fidelity": 0.9240001821654651,
      "fidelity_variance": 0.0006608832233259108,
      "num_samples": 60,
      "sigma_mhz": 1.0
    }
  }
}