{
  "alpha": 2.2,
  "eval_cost": 0.43347282300355966,
  "eval_fidelity": 0.9950701783786953,
  "eval_leakage": 0.00042129795699918823,
  "eval_plan_path": "runs/trpo_noise_alpha_2.2_gamma_pi2_10k_episodes_2nd\\plans\\iter_000006_control_plan.npz",
  "eval_time_ns": 100.0,
  "gamma": 1.5707963267948966,
  "iteration": 6,
  "robustness": {
    "sigma_1p0": {
      "average_fidelity": 0.9644443733522394,
      "average_gate_fidelity": 0.9555554666902992,
      "fidelity_variance": 0.00039507791470398256,
      "num_samples": 60,
      "sigma_mhz": 1.0
    }
  }
}