{
  "alpha": 2.2,
  "eval_cost": 0.6770966618114187,
  "eval_fidelity": 0.9827367925278497,
  "eval_leakage": 0.00024573932721491133,
  "eval_plan_path": "runs/trpo_noise_alpha_2.2_gamma_pi2_10k_episodes_2nd\\plans\\iter_000001_control_plan.npz",
  "eval_time_ns": 180.0,
  "gamma": 1.5707963267948966,
  "iteration": 1,
  "robustness": {
    "sigma_1p0": {
      "average_fidelity": 0.9374866636998758,
      "average_gate_fidelity": 0.9218583296248447,
      "fidelity_variance": 0.0008289349979681708,
      "num_samples": 60,
      "sigma_mhz": 1.0
    }
  }
}