{
  "alpha": 2.2,
  "eval_cost": 0.49022669038181477,
  "eval_fidelity": 0.9841541190531727,
  "eval_leakage": 0.0004736163267673132,
  "eval_plan_path": "runs/trpo_noise_alpha_2.2_gamma_pi2_10k_episodes_2nd\\plans\\iter_000014_control_plan.npz",
  "eval_time_ns": 92.0,
  "gamma": 1.5707963267948966,
  "iteration": 14,
  "robustness": {
    "sigma_1p0": {
      "average_fidelity": 0.9636025242785426,
      "average_gate_fidelity": 0.9545031553481783,
      "fidelity_variance": 0.0002958335648300075,
      "num_samples": 60,
      "sigma_mhz": 1.0
    }
  }
}