{
  "alpha": 2.2,
  "eval_cost": 0.48328413135229614,
  "eval_fidelity": 0.9890175581236612,
  "eval_leakage": 0.0004893913719960488,
  "eval_plan_path": "runs/trpo_noise_alpha_2.2_gamma_pi2_10k_episodes_2nd\\plans\\iter_000010_control_plan.npz",
  "eval_time_ns": 94.0,
  "gamma": 1.5707963267948966,
  "iteration": 10,
  "robustness": {
    "sigma_1p0": {
      "average_fidelity": 0.966291360277889,
      "average_gate_fidelity": 0.9578642003473612,
      "fidelity_variance": 0.00017014102461127342,
      "num_samples": 60,
      "sigma_mhz": 1.0
    }
  }
}