{
  "alpha": 2.2,
  "eval_cost": 0.46608136665607847,
  "eval_fidelity": 0.988411530598523,
  "eval_leakage": 0.00045789815732689515,
  "eval_plan_path": "runs/trpo_noise_alpha_2.2_gamma_pi2_10k_episodes_2nd\\plans\\iter_000011_control_plan.npz",
  "eval_time_ns": 94.0,
  "gamma": 1.5707963267948966,
  "iteration": 11,
  "robustness": {
    "sigma_1p0": {
      "average_fidelity": 0.9611093778011747,
      "average_gate_fidelity": 0.9513867222514685,
      "fidelity_variance": 0.00025299038043397244,
      "num_samples": 60,
      "sigma_mhz": 1.0
    }
  }
}