{
  "alpha": 2.2,
  "eval_cost": 0.43390176108724,
  "eval_fidelity": 0.9946644718606387,
  "eval_leakage": 0.00045522952631508237,
  "eval_plan_path": "runs/trpo_noise_alpha_2.2_gamma_pi2_10k_episodes_2nd\\plans\\iter_000007_control_plan.npz",
  "eval_time_ns": 100.0,
  "gamma": 1.5707963267948966,
  "iteration": 7,
  "robustness": {
    "sigma_1p0": {
      "average_fidelity": 0.9661482536165386,
      "average_gate_fidelity": 0.9576853170206733,
      "fidelity_variance": 0.00024441555531645666,
      "num_samples": 60,
      "sigma_mhz": 1.0
    }
  }
}