{
  "alpha": 2.2,
  "eval_cost": 0.4572466060470523,
  "eval_fidelity": 0.9899525335071777,
  "eval_leakage": 0.0004357851575338957,
  "eval_plan_path": "runs/trpo_noise_alpha_2.2_gamma_pi2_10k_episodes_2nd\\plans\\iter_000009_control_plan.npz",
  "eval_time_ns": 96.0,
  "gamma": 1.5707963267948966,
  "iteration": 9,
  "robustness": {
    "sigma_1p0": {
      "average_fidelity": 0.9669466221892034,
      "average_gate_fidelity": 0.9586832777365042,
      "fidelity_variance": 0.0003641177806909381,
      "num_samples": 60,
      "sigma_mhz": 1.0
    }
  }
}