{
  "alpha": 2.2,
  "eval_cost": 0.45330954840847854,
  "eval_fidelity": 0.9847495352147864,
  "eval_leakage": 0.00047181720410605733,
  "eval_plan_path": "runs/trpo_noise_alpha_2.2_gamma_pi2_10k_episodes_2nd\\plans\\iter_000012_control_plan.npz",
  "eval_time_ns": 94.0,
  "gamma": 1.5707963267948966,
  "iteration": 12,
  "robustness": {
    "sigma_1p0": {
      "average_fidelity": 0.9625199599159292,
      "average_gate_fidelity": 0.9531499498949115,
      "fidelity_variance": 0.0004021705910690031,
      "num_samples": 60,
      "sigma_mhz": 1.0
    }
  }
}