{
  "alpha": 2.2,
  "eval_cost": 0.4699820929349002,
  "eval_fidelity": 0.9981884031094461,
  "eval_leakage": 0.0003556862893823451,
  "eval_plan_path": "runs/trpo_noise_alpha_2.2_gamma_pi2_10k_episodes_2nd\\plans\\iter_000003_control_plan.npz",
  "eval_time_ns": 120.0,
  "gamma": 1.5707963267948966,
  "iteration": 3,
  "robustness": {
    "sigma_1p0": {
      "average_fidelity": 0.9626530875145214,
      "average_gate_fidelity": 0.9533163593931516,
      "fidelity_variance": 0.00026352233399288736,
      "num_samples": 60,
      "sigma_mhz": 1.0
    }
  }
}