{
  "alpha": 2.2,
  "eval_cost": 0.4772877214495266,
  "eval_fidelity": 0.9941904754541181,
  "eval_leakage": 0.00031890955424607485,
  "eval_plan_path": "runs/trpo_noise_alpha_2.2_gamma_pi2_10k_episodes_2nd\\plans\\iter_000004_control_plan.npz",
  "eval_time_ns": 108.0,
  "gamma": 1.5707963267948966,
  "iteration": 4,
  "robustness": {
    "sigma_1p0": {
      "average_fidelity": 0.9628849349608969,
      "average_gate_fidelity": 0.9536061687011208,
      "fidelity_variance": 0.00026912785350503843,
      "num_samples": 60,
      "sigma_mhz": 1.0
    }
  }
}