{
  "alpha": 2.2,
  "eval_cost": 0.485352217640434,
  "eval_fidelity": 0.9907850634871486,
  "eval_leakage": 0.00042126032332126827,
  "eval_plan_path": "runs/trpo_noise_alpha_2.2_gamma_pi2_10k_episodes_2nd\\plans\\iter_000008_control_plan.npz",
  "eval_time_ns": 96.0,
  "gamma": 1.5707963267948966,
  "iteration": 8,
  "robustness": {
    "sigma_1p0": {
      "average_fidelity": 0.9632292979721826,
      "average_gate_fidelity": 0.9540366224652281,
      "fidelity_variance": 0.0002440328514742449,
      "num_samples": 60,
      "sigma_mhz": 1.0
    }
  }
}