{
  "alpha": 2.2,
  "eval_cost": 2.202888318992427,
  "eval_fidelity": 0.8096206596513296,
  "eval_leakage": 0.00017671215132667616,
  "eval_plan_path": "runs\\cost_function_sweep\\trpo\\a-2p2_70e5dbb1\\seed_1\\plans\\iter_000002_control_plan.npz",
  "eval_time_ns": 180.0,
  "gamma": 1.5707963267948966,
  "iteration": 2,
  "robustness": {
    "sigma_1p0": {
      "average_fidelity": 0.8072253100820487,
      "average_gate_fidelity": 0.759031637602561,
      "fidelity_variance": 0.0032108245920582346,
      "num_samples": 60,
      "sigma_mhz": 1.0
    }
  }
}