{
  "alpha": 2.2,
  "eval_cost": 2.010551272187209,
  "eval_fidelity": 0.8421171603092412,
  "eval_leakage": 0.00035478260948583685,
  "eval_plan_path": "runs\\cost_function_sweep\\trpo\\a-2p2_70e5dbb1\\seed_1\\plans\\iter_000004_control_plan.npz",
  "eval_time_ns": 180.0,
  "gamma": 1.5707963267948966,
  "iteration": 4,
  "robustness": {
    "sigma_1p0": {
      "average_fidelity": 0.8295100742122976,
      "average_gate_fidelity": 0.7868875927653723,
      "fidelity_variance": 0.004291658042702972,
      "num_samples": 60,
      "sigma_mhz": 1.0
    }
  }
}