{
  "alpha": 2.2,
  "eval_cost": 1.2350604290451366,
  "eval_fidelity": 0.9698746685248494,
  "eval_leakage": 0.0005134149753877468,
  "eval_plan_path": "runs\\cost_function_sweep\\trpo\\a-2p2_36adba28\\seed_1\\plans\\iter_000005_control_plan.npz",
  "eval_time_ns": 180.0,
  "gamma": 1.5707963267948966,
  "iteration": 5,
  "robustness": {
    "sigma_1p0": {
      "average_fidelity": 0.9252869861702959,
      "average_gate_fidelity": 0.9066087327128697,
      "fidelity_variance": 0.001303131890391422,
      "num_samples": 60,
      "sigma_mhz": 1.0
    }
  }
}