{
  "alpha": 2.2,
  "eval_cost": 4.658348561749209,
  "eval_fidelity": 0.8013412662513034,
  "eval_leakage": 0.00012083913241716838,
  "eval_plan_path": "runs\\cost_function_sweep\\trpo\\a-2p2_36adba28\\seed_1\\plans\\iter_000001_control_plan.npz",
  "eval_time_ns": 180.0,
  "gamma": 1.5707963267948966,
  "iteration": 1,
  "robustness": {
    "sigma_1p0": {
      "average_fidelity": 0.8028300715457974,
      "average_gate_fidelity": 0.7535375894322467,
      "fidelity_variance": 0.004282309743027975,
      "num_samples": 60,
      "sigma_mhz": 1.0
    }
  }
}