{
  "alpha": 2.2,
  "eval_cost": 0.3786625198807729,
  "eval_fidelity": 0.9888287344503462,
  "eval_leakage": 0.0004108748204647107,
  "eval_plan_path": "runs\\nn_size_sweep\\trpo\\a-2p2_8e86bfe6\\seed_2\\plans\\iter_000019_control_plan.npz",
  "eval_time_ns": 104.0,
  "gamma": 1.5707963267948966,
  "iteration": 19,
  "robustness": {
    "sigma_1p0": {
      "average_fidelity": 0.9616646093300054,
      "average_gate_fidelity": 0.9520807616625065,
      "fidelity_variance": 0.00024924285604909353,
      "num_samples": 60,
      "sigma_mhz": 1.0
    }
  }
}