{
  "alpha": 2.2,
  "eval_cost": 0.39464542104333733,
  "eval_fidelity": 0.9944732542952055,
  "eval_leakage": 0.0003018112011624951,
  "eval_plan_path": "runs\\nn_size_sweep\\trpo\\a-2p2_8e86bfe6\\seed_2\\plans\\iter_000006_control_plan.npz",
  "eval_time_ns": 130.0,
  "gamma": 1.5707963267948966,
  "iteration": 6,
  "robustness": {
    "sigma_1p0": {
      "average_fidelity": 0.9580636829763475,
      "average_gate_fidelity": 0.9475796037204344,
      "fidelity_variance": 0.0003377066519835401,
      "num_samples": 60,
      "sigma_mhz": 1.0
    }
  }
}