{
  "alpha": 2.2,
  "eval_cost": 0.391992767432202,
  "eval_fidelity": 0.9960583889860308,
  "eval_leakage": 0.0003148084592159232,
  "eval_plan_path": "runs\\nn_size_sweep\\trpo\\a-2p2_8e86bfe6\\seed_2\\plans\\iter_000007_control_plan.npz",
  "eval_time_ns": 124.0,
  "gamma": 1.5707963267948966,
  "iteration": 7,
  "robustness": {
    "sigma_1p0": {
      "average_fidelity": 0.9597918254155218,
      "average_gate_fidelity": 0.9497397817694023,
      "fidelity_variance": 0.00023355220080214386,
      "num_samples": 60,
      "sigma_mhz": 1.0
    }
  }
}