{
  "alpha": 2.2,
  "eval_cost": 0.3756160983084617,
  "eval_fidelity": 0.9960385582584039,
  "eval_leakage": 0.0003252109929958745,
  "eval_plan_path": "runs\\nn_size_sweep\\trpo\\a-2p2_8e86bfe6\\seed_2\\plans\\iter_000008_control_plan.npz",
  "eval_time_ns": 120.0,
  "gamma": 1.5707963267948966,
  "iteration": 8,
  "robustness": {
    "sigma_1p0": {
      "average_fidelity": 0.9635490645633379,
      "average_gate_fidelity": 0.9544363307041721,
      "fidelity_variance": 0.0002992857089145502,
      "num_samples": 60,
      "sigma_mhz": 1.0
    }
  }
}