{
  "alpha": 2.2,
  "eval_cost": 0.3663952238874332,
  "eval_fidelity": 0.9942244638903036,
  "eval_leakage": 0.00037119476039730907,
  "eval_plan_path": "runs\\nn_size_sweep\\trpo\\a-2p2_8e86bfe6\\seed_2\\plans\\iter_000010_control_plan.npz",
  "eval_time_ns": 114.0,
  "gamma": 1.5707963267948966,
  "iteration": 10,
  "robustness": {
    "sigma_1p0": {
      "average_fidelity": 0.9624627705002826,
      "average_gate_fidelity": 0.9530784631253533,
      "fidelity_variance": 0.00030416214006395595,
      "num_samples": 60,
      "sigma_mhz": 1.0
    }
  }
}