{
  "alpha": 2.2,
  "eval_cost": 3.048426852790451,
  "eval_fidelity": 0.728866936558164,
  "eval_leakage": 9.140597103517472e-05,
  "eval_plan_path": "runs\\nn_size_sweep\\trpo\\a-2p2_8e86bfe6\\seed_2\\plans\\iter_000001_control_plan.npz",
  "eval_time_ns": 180.0,
  "gamma": 1.5707963267948966,
  "iteration": 1,
  "robustness": {
    "sigma_1p0": {
      "average_fidelity": 0.7514135129802455,
      "average_gate_fidelity": 0.6892668912253068,
      "fidelity_variance": 0.0035511808461589573,
      "num_samples": 60,
      "sigma_mhz": 1.0
    }
  }
}