{
  "alpha": 2.2,
  "eval_cost": 0.3623271380412344,
  "eval_fidelity": 0.9946922277872432,
  "eval_leakage": 0.0003734770260117555,
  "eval_plan_path": "runs\\nn_size_sweep\\trpo\\a-2p2_8e86bfe6\\seed_2\\plans\\iter_000012_control_plan.npz",
  "eval_time_ns": 110.0,
  "gamma": 1.5707963267948966,
  "iteration": 12,
  "robustness": {
    "sigma_1p0": {
      "average_fidelity": 0.9631381670989847,
      "average_gate_fidelity": 0.9539227088737309,
      "fidelity_variance": 0.00018890674465878824,
      "num_samples": 60,
      "sigma_mhz": 1.0
    }
  }
}