{
  "alpha": 2.2,
  "eval_cost": 0.3970081207181886,
  "eval_fidelity": 0.9935588887508764,
  "eval_leakage": 0.00026016183728643936,
  "eval_plan_path": "runs\\nn_size_sweep\\trpo\\a-2p2_8e86bfe6\\seed_2\\plans\\iter_000004_control_plan.npz",
  "eval_time_ns": 156.0,
  "gamma": 1.5707963267948966,
  "iteration": 4,
  "robustness": {
    "sigma_1p0": {
      "average_fidelity": 0.9514887407242419,
      "average_gate_fidelity": 0.9393609259053026,
      "fidelity_variance": 0.0004906127059062551,
      "num_samples": 60,
      "sigma_mhz": 1.0
    }
  }
}