{
  "alpha": 2.2,
  "eval_cost": 0.3787688273844913,
  "eval_fidelity": 0.9929090705019029,
  "eval_leakage": 0.0003593592796632705,
  "eval_plan_path": "runs\\nn_size_sweep\\trpo\\a-2p2_8e86bfe6\\seed_2\\plans\\iter_000011_control_plan.npz",
  "eval_time_ns": 112.0,
  "gamma": 1.5707963267948966,
  "iteration": 11,
  "robustness": {
    "sigma_1p0": {
      "average_fidelity": 0.9574220137623503,
      "average_gate_fidelity": 0.9467775172029378,
      "fidelity_variance": 0.0004225170064510676,
      "num_samples": 60,
      "sigma_mhz": 1.0
    }
  }
}