{
  "alpha": 2.2,
  "eval_cost": 0.3904513896984851,
  "eval_fidelity": 0.9948837481118502,
  "eval_leakage": 0.000340856778871258,
  "eval_plan_path": "runs\\nn_size_sweep\\trpo\\a-2p2_8e86bfe6\\seed_2\\plans\\iter_000009_control_plan.npz",
  "eval_time_ns": 116.0,
  "gamma": 1.5707963267948966,
  "iteration": 9,
  "robustness": {
    "sigma_1p0": {
      "average_fidelity": 0.9616483635205917,
      "average_gate_fidelity": 0.9520604544007398,
      "fidelity_variance": 0.0003326966477370501,
      "num_samples": 60,
      "sigma_mhz": 1.0
    }
  }
}