{
  "alpha": 2.2,
  "eval_cost": 0.3702233025141181,
  "eval_fidelity": 0.9887073692688372,
  "eval_leakage": 0.00043358091404954973,
  "eval_plan_path": "runs\\nn_size_sweep\\trpo\\a-2p2_8e86bfe6\\seed_2\\plans\\iter_000020_control_plan.npz",
  "eval_time_ns": 104.0,
  "gamma": 1.5707963267948966,
  "iteration": 20,
  "robustness": {
    "sigma_1p0": {
      "average_fidelity": 0.9635821728567651,
      "average_gate_fidelity": 0.9544777160709562,
      "fidelity_variance": 0.00024961498903387357,
      "num_samples": 60,
      "sigma_mhz": 1.0
    }
  }
}