{
  "alpha": 2.2,
  "eval_cost": 0.3817018661450189,
  "eval_fidelity": 0.995203876295088,
  "eval_leakage": 0.0002822289075186665,
  "eval_plan_path": "runs\\nn_size_sweep\\trpo\\a-2p2_8e86bfe6\\seed_2\\plans\\iter_000005_control_plan.npz",
  "eval_time_ns": 140.0,
  "gamma": 1.5707963267948966,
  "iteration": 5,
  "robustness": {
    "sigma_1p0": {
      "average_fidelity": 0.9548367760693275,
      "average_gate_fidelity": 0.9435459700866595,
      "fidelity_variance": 0.00037374368121657474,
      "num_samples": 60,
      "sigma_mhz": 1.0
    }
  }
}