{
  "alpha": 2.2,
  "eval_cost": 0.37640920511335285,
  "eval_fidelity": 0.9922619887619448,
  "eval_leakage": 0.0003714527513597961,
  "eval_plan_path": "runs\\nn_size_sweep\\trpo\\a-2p2_8e86bfe6\\seed_2\\plans\\iter_000016_control_plan.npz",
  "eval_time_ns": 106.0,
  "gamma": 1.5707963267948966,
  "iteration": 16,
  "robustness": {
    "sigma_1p0": {
      "average_fidelity": 0.9623515802739091,
      "average_gate_fidelity": 0.9529394753423862,
      "fidelity_variance": 0.0003426400289145171,
      "num_samples": 60,
      "sigma_mhz": 1.0
    }
  }
}