{
  "alpha": 2.2,
  "eval_cost": 1.1492327108448435,
  "eval_fidelity": 0.9199530921983219,
  "eval_leakage": 0.00015578915844251704,
  "eval_plan_path": "runs\\nn_size_sweep\\trpo\\a-2p2_8e86bfe6\\seed_2\\plans\\iter_000002_control_plan.npz",
  "eval_time_ns": 180.0,
  "gamma": 1.5707963267948966,
  "iteration": 2,
  "robustness": {
    "sigma_1p0": {
      "average_fidelity": 0.8861461340227139,
      "average_gate_fidelity": 0.8576826675283923,
      "fidelity_variance": 0.002165939836673488,
      "num_samples": 60,
      "sigma_mhz": 1.0
    }
  }
}