{
  "alpha": 2.2,
  "eval_cost": 0.36170485749948855,
  "eval_fidelity": 0.9900118072621021,
  "eval_leakage": 0.0003691187092374756,
  "eval_plan_path": "runs\\nn_size_sweep\\trpo\\a-2p2_8e86bfe6\\seed_2\\plans\\iter_000017_control_plan.npz",
  "eval_time_ns": 106.0,
  "gamma": 1.5707963267948966,
  "iteration": 17,
  "robustness": {
    "sigma_1p0": {
      "average_fidelity": 0.9607502717039887,
      "average_gate_fidelity": 0.9509378396299858,
      "fidelity_variance": 0.00043943997622698187,
      "num_samples": 60,
      "sigma_mhz": 1.0
    }
  }
}