{
  "alpha": 2.2,
  "eval_cost": 0.5095977830652141,
  "eval_fidelity": 0.9814124483540038,
  "eval_leakage": 0.00021707929712847692,
  "eval_plan_path": "runs\\nn_size_sweep\\trpo\\a-2p2_8e86bfe6\\seed_2\\plans\\iter_000003_control_plan.npz",
  "eval_time_ns": 180.0,
  "gamma": 1.5707963267948966,
  "iteration": 3,
  "robustness": {
    "sigma_1p0": {
      "average_fidelity": 0.9307410137740298,
      "average_gate_fidelity": 0.9134262672175374,
      "fidelity_variance": 0.0010158659235236594,
      "num_samples": 60,
      "sigma_mhz": 1.0
    }
  }
}