{
  "alpha": 2.2,
  "eval_cost": 0.3727842535625669,
  "eval_fidelity": 0.9935825950536429,
  "eval_leakage": 0.00039436172144322924,
  "eval_plan_path": "runs\\nn_size_sweep\\trpo\\a-2p2_8e86bfe6\\seed_2\\plans\\iter_000015_control_plan.npz",
  "eval_time_ns": 106.0,
  "gamma": 1.5707963267948966,
  "iteration": 15,
  "robustness": {
    "sigma_1p0": {
      "average_fidelity": 0.9665056687479311,
      "average_gate_fidelity": 0.9581320859349138,
      "fidelity_variance": 0.00030316881918045354,
      "num_samples": 60,
      "sigma_mhz": 1.0
    }
  }
}