{
  "alpha": 2.2,
  "eval_cost": 0.8493708705660483,
  "eval_fidelity": 0.9549889487753336,
  "eval_leakage": 0.0002752008219257045,
  "eval_plan_path": "runs\\cost_function_sweep\\trpo\\a-2p2_9f9fdee6\\seed_1\\plans\\iter_000003_control_plan.npz",
  "eval_time_ns": 180.0,
  "gamma": 1.5707963267948966,
  "iteration": 3,
  "robustness": {
    "sigma_1p0": {
      "average_fidelity": 0.9098161384749212,
      "average_gate_fidelity": 0.8872701730936513,
      "fidelity_variance": 0.0016733362008118562,
      "num_samples": 60,
      "sigma_mhz": 1.0
    }
  }
}