{
  "alpha": 2.2,
  "eval_cost": 0.8068992202870926,
  "eval_fidelity": 0.9599677040568959,
  "eval_leakage": 0.0003398949902138228,
  "eval_plan_path": "runs\\cost_function_sweep\\trpo\\a-2p2_9f9fdee6\\seed_1\\plans\\iter_000004_control_plan.npz",
  "eval_time_ns": 180.0,
  "gamma": 1.5707963267948966,
  "iteration": 4,
  "robustness": {
    "sigma_1p0": {
      "average_fidelity": 0.917854552738043,
      "average_gate_fidelity": 0.8973181909225537,
      "fidelity_variance": 0.0015386390021534233,
      "num_samples": 60,
      "sigma_mhz": 1.0
    }
  }
}