{
  "alpha": 2.2,
  "eval_cost": 1.9453664396206292,
  "eval_fidelity": 0.7418504222395468,
  "eval_leakage": 0.0001162043159360824,
  "eval_plan_path": "runs\\cost_function_sweep\\trpo\\a-2p2_9f9fdee6\\seed_1\\plans\\iter_000001_control_plan.npz",
  "eval_time_ns": 180.0,
  "gamma": 1.5707963267948966,
  "iteration": 1,
  "robustness": {
    "sigma_1p0": {
      "average_fidelity": 0.7584965241224212,
      "average_gate_fidelity": 0.6981206551530263,
      "fidelity_variance": 0.00485945354516115,
      "num_samples": 60,
      "sigma_mhz": 1.0
    }
  }
}