{
  "alpha": 0.0,
  "eval_cost": 8.30863274516419,
  "eval_fidelity": 0.23578200187193116,
  "eval_leakage": 0.0026184378579663797,
  "eval_plan_path": "runs/curriculum_gamma_pi2_alpha_2p2_thr038_test\\gamma_1.570796\\alpha_0.000000\\plans\\iter_000034_control_plan.npz",
  "eval_time_ns": 180.0,
  "gamma": 1.5707963267948966,
  "phase_iter": 34,
  "robustness": {
    "sigma_1p0": {
      "average_fidelity": 0.3784144355404778,
      "average_gate_fidelity": 0.2230180444255973,
      "fidelity_variance": 0.0017212189929101636,
      "num_samples": 60,
      "sigma_mhz": 1.0
    }
  }
}