{
  "alpha": 0.0,
  "eval_cost": 6.868418496553698,
  "eval_fidelity": 0.38480571157683324,
  "eval_leakage": 0.0029050533253744282,
  "eval_plan_path": "runs/curriculum_gamma_pi2_alpha_2p2_thr038_test\\gamma_1.570796\\alpha_0.000000\\plans\\iter_000037_control_plan.npz",
  "eval_time_ns": 180.0,
  "gamma": 1.5707963267948966,
  "phase_iter": 37,
  "robustness": {
    "sigma_1p0": {
      "average_fidelity": 0.4859030794657267,
      "average_gate_fidelity": 0.35737884933215835,
      "fidelity_variance": 0.0032108313573055713,
      "num_samples": 60,
      "sigma_mhz": 1.0
    }
  }
}