{
  "alpha": 0.0,
  "eval_cost": 0.19719854099597534,
  "eval_fidelity": 0.9976176892985604,
  "eval_leakage": 0.002033368659640068,
  "eval_plan_path": "runs\\curriculum_gamma_pi2_alpha_2p2_thr038_test_backup\\gamma_1.570796\\alpha_0.000000\\plans\\iter_000105_control_plan.npz",
  "eval_time_ns": 90.0,
  "gamma": 1.5707963267948966,
  "phase_iter": 105,
  "robustness": {
    "sigma_1p0": {
      "average_fidelity": 0.9753656186655069,
      "average_gate_fidelity": 0.9692070233318835,
      "fidelity_variance": 0.00012925877617789915,
      "num_samples": 60,
      "sigma_mhz": 1.0
    }
  }
}