{
  "alpha": 0.0,
  "eval_cost": 0.19887907613210298,
  "eval_fidelity": 0.9976950273916777,
  "eval_leakage": 0.0020870626502998103,
  "eval_plan_path": "runs\\curriculum_gamma_pi2_alpha_2p2_thr038_test_backup\\gamma_1.570796\\alpha_0.000000\\plans\\iter_000112_control_plan.npz",
  "eval_time_ns": 90.0,
  "gamma": 1.5707963267948966,
  "phase_iter": 112,
  "robustness": {
    "sigma_1p0": {
      "average_fidelity": 0.9702961281174304,
      "average_gate_fidelity": 0.9628701601467883,
      "fidelity_variance": 0.0002885845876062229,
      "num_samples": 60,
      "sigma_mhz": 1.0
    }
  }
}