{
  "alpha": 0.0,
  "eval_cost": 0.6140826623115185,
  "eval_fidelity": 0.9754236990026234,
  "eval_leakage": 0.003757437254080924,
  "eval_plan_path": "runs/curriculum_gamma_pi2_alpha_2p2_thr038_test\\gamma_1.570796\\alpha_0.000000\\plans\\iter_000047_control_plan.npz",
  "eval_time_ns": 180.0,
  "gamma": 1.5707963267948966,
  "phase_iter": 47,
  "robustness": {
    "sigma_1p0": {
      "average_fidelity": 0.9326173293129957,
      "average_gate_fidelity": 0.9157716616412446,
      "fidelity_variance": 0.0011247261602232864,
      "num_samples": 60,
      "sigma_mhz": 1.0
    }
  }
}