{
  "alpha": 0.0,
  "eval_cost": 10.3134221149645,
  "eval_fidelity": 0.0003290523213839351,
  "eval_leakage": 0.00048270037053822247,
  "eval_plan_path": "runs/curriculum_gamma_pi2_alpha_2p2_thr038_test\\gamma_1.570796\\alpha_0.000000\\plans\\iter_000007_control_plan.npz",
  "eval_time_ns": 180.0,
  "gamma": 1.5707963267948966,
  "phase_iter": 7,
  "robustness": {
    "sigma_1p0": {
      "average_fidelity": 0.20049462511675517,
      "average_gate_fidelity": 0.0006182813959439382,
      "fidelity_variance": 8.675392520889233e-07,
      "num_samples": 60,
      "sigma_mhz": 1.0
    }
  }
}