{
  "alpha": 0.0,
  "eval_cost": 5.8247934034275834,
  "eval_fidelity": 0.45497771596766934,
  "eval_leakage": 0.004151069121288886,
  "eval_plan_path": "runs/curriculum_gamma_pi2_alpha_2p2_thr038_test\\gamma_1.570796\\alpha_0.000000\\plans\\iter_000071_control_plan.npz",
  "eval_time_ns": 180.0,
  "gamma": 1.5707963267948966,
  "phase_iter": 71,
  "robustness": {
    "sigma_1p0": {
      "average_fidelity": 0.5385657538055548,
      "average_gate_fidelity": 0.42320719225694353,
      "fidelity_variance": 0.0023245642992963857,
      "num_samples": 60,
      "sigma_mhz": 1.0
    }
  }
}