{
  "alpha": 0.0,
  "eval_cost": 1.8626757963689886,
  "eval_fidelity": 0.8497527703507788,
  "eval_leakage": 0.0037775021419952774,
  "eval_plan_path": "runs/curriculum_gamma_pi2_alpha_2p2_thr038_test\\gamma_1.570796\\alpha_0.000000\\plans\\iter_000054_control_plan.npz",
  "eval_time_ns": 180.0,
  "gamma": 1.5707963267948966,
  "phase_iter": 54,
  "robustness": {
    "sigma_1p0": {
      "average_fidelity": 0.8361199828888157,
      "average_gate_fidelity": 0.7951499786110198,
      "fidelity_variance": 0.0027889821612328528,
      "num_samples": 60,
      "sigma_mhz": 1.0
    }
  }
}