{
  "alpha": 0.0,
  "eval_cost": 10.312184892968205,
  "eval_fidelity": 4.690662552151954e-07,
  "eval_leakage": 0.00033569186360355216,
  "eval_plan_path": "runs/curriculum_gamma_pi2_alpha_2p2_thr038_test\\gamma_1.570796\\alpha_0.000000\\plans\\iter_000004_control_plan.npz",
  "eval_time_ns": 180.0,
  "gamma": 1.5707963267948966,
  "phase_iter": 4,
  "robustness": {
    "sigma_1p0": {
      "average_fidelity": 0.2000861827742255,
      "average_gate_fidelity": 0.00010772846778188085,
      "fidelity_variance": 1.7827780578671408e-08,
      "num_samples": 60,
      "sigma_mhz": 1.0
    }
  }
}