{
  "alpha": 0.0,
  "eval_cost": 6.189692442722697,
  "eval_fidelity": 0.4275654427809375,
  "eval_leakage": 0.004328351348115025,
  "eval_plan_path": "runs/curriculum_gamma_pi2_alpha_2p2_thr038_test\\gamma_1.570796\\alpha_0.000000\\plans\\iter_000084_control_plan.npz",
  "eval_time_ns": 180.0,
  "gamma": 1.5707963267948966,
  "phase_iter": 84,
  "robustness": {
    "sigma_1p0": {
      "average_fidelity": 0.5248962659068594,
      "average_gate_fidelity": 0.40612033238357426,
      "fidelity_variance": 0.002263692146872168,
      "num_samples": 60,
      "sigma_mhz": 1.0
    }
  }
}