{
  "alpha": 0.0,
  "eval_cost": 4.665119366497545,
  "eval_fidelity": 0.5694797566295364,
  "eval_leakage": 0.0015741813946272046,
  "eval_plan_path": "runs/curriculum_gamma_pi2_alpha_2p2_thr038_test\\gamma_1.570796\\alpha_0.000000\\plans\\iter_000020_control_plan.npz",
  "eval_time_ns": 180.0,
  "gamma": 1.5707963267948966,
  "phase_iter": 20,
  "robustness": {
    "sigma_1p0": {
      "average_fidelity": 0.6379135672536372,
      "average_gate_fidelity": 0.5473919590670466,
      "fidelity_variance": 0.003433883558230888,
      "num_samples": 60,
      "sigma_mhz": 1.0
    }
  }
}