{
  "alpha": 0.0,
  "eval_cost": 1.9949972673086172,
  "eval_fidelity": 0.8511195066901196,
  "eval_leakage": 0.001635054757525616,
  "eval_plan_path": "runs/curriculum_gamma_pi2_alpha_2p2_thr038_test\\gamma_1.570796\\alpha_0.000000\\plans\\iter_000022_control_plan.npz",
  "eval_time_ns": 180.0,
  "gamma": 1.5707963267948966,
  "phase_iter": 22,
  "robustness": {
    "sigma_1p0": {
      "average_fidelity": 0.8290507154170506,
      "average_gate_fidelity": 0.7863133942713131,
      "fidelity_variance": 0.0023816411760387676,
      "num_samples": 60,
      "sigma_mhz": 1.0
    }
  }
}