{
  "alpha": 0.0,
  "eval_cost": 6.378711774149353,
  "eval_fidelity": 0.4262860896360929,
  "eval_leakage": 0.002839122390183481,
  "eval_plan_path": "runs/curriculum_gamma_pi2_alpha_2p2_thr038_test\\gamma_1.570796\\alpha_0.000000\\plans\\iter_000038_control_plan.npz",
  "eval_time_ns": 180.0,
  "gamma": 1.5707963267948966,
  "phase_iter": 38,
  "robustness": {
    "sigma_1p0": {
      "average_fidelity": 0.531364575045563,
      "average_gate_fidelity": 0.4142057188069538,
      "fidelity_variance": 0.0025103786084817474,
      "num_samples": 60,
      "sigma_mhz": 1.0
    }
  }
}