{
  "alpha": 0.0,
  "eval_cost": 9.595690591130117,
  "eval_fidelity": 0.1561117172320487,
  "eval_leakage": 0.002377833153038067,
  "eval_plan_path": "runs/curriculum_gamma_pi2_alpha_2p2_thr038_test\\gamma_1.570796\\alpha_0.000000\\plans\\iter_000031_control_plan.npz",
  "eval_time_ns": 180.0,
  "gamma": 1.5707963267948966,
  "phase_iter": 31,
  "robustness": {
    "sigma_1p0": {
      "average_fidelity": 0.3211917434384799,
      "average_gate_fidelity": 0.15148967929809984,
      "fidelity_variance": 0.0011938265540350685,
      "num_samples": 60,
      "sigma_mhz": 1.0
    }
  }
}