{
  "alpha": 0.0,
  "eval_cost": 1.112279680916985,
  "eval_fidelity": 0.9283387396225208,
  "eval_leakage": 0.0034983516389726446,
  "eval_plan_path": "runs/curriculum_gamma_pi2_alpha_2p2_thr038_test\\gamma_1.570796\\alpha_0.000000\\plans\\iter_000045_control_plan.npz",
  "eval_time_ns": 180.0,
  "gamma": 1.5707963267948966,
  "phase_iter": 45,
  "robustness": {
    "sigma_1p0": {
      "average_fidelity": 0.9062076404219348,
      "average_gate_fidelity": 0.8827595505274185,
      "fidelity_variance": 0.0008972928662416572,
      "num_samples": 60,
      "sigma_mhz": 1.0
    }
  }
}