{
  "alpha": 0.0,
  "eval_cost": 9.485790309385319,
  "eval_fidelity": 0.16051782093276257,
  "eval_leakage": 0.002598075844981556,
  "eval_plan_path": "runs/curriculum_gamma_pi2_alpha_2p2_thr038_test\\gamma_1.570796\\alpha_0.000000\\plans\\iter_000032_control_plan.npz",
  "eval_time_ns": 180.0,
  "gamma": 1.5707963267948966,
  "phase_iter": 32,
  "robustness": {
    "sigma_1p0": {
      "average_fidelity": 0.31931085549333865,
      "average_gate_fidelity": 0.14913856936667333,
      "fidelity_variance": 0.0009680976310035144,
      "num_samples": 60,
      "sigma_mhz": 1.0
    }
  }
}