{
  "alpha": 0.0,
  "eval_cost": 6.400068713159439,
  "eval_fidelity": 0.40639179695731636,
  "eval_leakage": 0.004539064370006612,
  "eval_plan_path": "runs\\curriculum_gamma_pi2_alpha_2p2_thr038_test\\gamma_1.570796\\alpha_0.000000\\plans\\iter_000091_control_plan.npz",
  "eval_time_ns": 180.0,
  "gamma": 1.5707963267948966,
  "phase_iter": 91,
  "robustness": {
    "sigma_1p0": {
      "average_fidelity": 0.5009956107983939,
      "average_gate_fidelity": 0.3762445134979925,
      "fidelity_variance": 0.0027937454716731496,
      "num_samples": 60,
      "sigma_mhz": 1.0
    }
  }
}