{
  "alpha": 0.0,
  "eval_cost": 5.154797899489788,
  "eval_fidelity": 0.5341243440739338,
  "eval_leakage": 0.004821738740159041,
  "eval_plan_path": "runs\\curriculum_gamma_pi2_alpha_2p2_thr038_test_backup\\gamma_1.570796\\alpha_0.000000\\plans\\iter_000113_control_plan.npz",
  "eval_time_ns": 180.0,
  "gamma": 1.5707963267948966,
  "phase_iter": 113,
  "robustness": {
    "sigma_1p0": {
      "average_fidelity": 0.6102815670038946,
      "average_gate_fidelity": 0.5128519587548683,
      "fidelity_variance": 0.0026763254183912954,
      "num_samples": 60,
      "sigma_mhz": 1.0
    }
  }
}