{
  "alpha": 0.0,
  "eval_cost": 6.305784532133571,
  "eval_fidelity": 0.4131915799800048,
  "eval_leakage": 0.004684278605563548,
  "eval_plan_path": "runs\\curriculum_gamma_pi2_alpha_2p2_thr038_test\\gamma_1.570796\\alpha_0.000000\\plans\\iter_000094_control_plan.npz",
  "eval_time_ns": 180.0,
  "gamma": 1.5707963267948966,
  "phase_iter": 94,
  "robustness": {
    "sigma_1p0": {
      "average_fidelity": 0.5121559087273083,
      "average_gate_fidelity": 0.39019488590913526,
      "fidelity_variance": 0.0029622969593176727,
      "num_samples": 60,
      "sigma_mhz": 1.0
    }
  }
}