{
  "alpha": 0.0,
  "eval_cost": 9.665599803337413,
  "eval_fidelity": 0.06974794501647807,
  "eval_leakage": 0.0009686138455508636,
  "eval_plan_path": "runs/curriculum_gamma_pi2_alpha_2p2_thr038_test\\gamma_1.570796\\alpha_0.000000\\plans\\iter_000016_control_plan.npz",
  "eval_time_ns": 180.0,
  "gamma": 1.5707963267948966,
  "phase_iter": 16,
  "robustness": {
    "sigma_1p0": {
      "average_fidelity": 0.2548074793205803,
      "average_gate_fidelity": 0.06850934915072544,
      "fidelity_variance": 0.0004748843962886861,
      "num_samples": 60,
      "sigma_mhz": 1.0
    }
  }
}