{
  "alpha": 0.0,
  "eval_cost": 2.1842976807921364,
  "eval_fidelity": 0.8247842081742321,
  "eval_leakage": 0.003201087010559461,
  "eval_plan_path": "runs/curriculum_gamma_pi2_alpha_2p2_thr038_test\\gamma_1.570796\\alpha_0.000000\\plans\\iter_000043_control_plan.npz",
  "eval_time_ns": 180.0,
  "gamma": 1.5707963267948966,
  "phase_iter": 43,
  "robustness": {
    "sigma_1p0": {
      "average_fidelity": 0.8264576839634327,
      "average_gate_fidelity": 0.7830721049542906,
      "fidelity_variance": 0.0021522203073711904,
      "num_samples": 60,
      "sigma_mhz": 1.0
    }
  }
}