{
  "alpha": 2.2,
  "eval_cost": 0.29026539509674754,
  "eval_fidelity": 0.9959041989690594,
  "eval_leakage": 0.00019768425194652834,
  "eval_plan_path": "runs\\cost_function_sweep\\trpo\\a-2p2_6b6606af\\seed_2\\plans\\iter_000003_control_plan.npz",
  "eval_time_ns": 180.0,
  "gamma": 1.5707963267948966,
  "iteration": 3,
  "robustness": {
    "sigma_1p0": {
      "average_fidelity": 0.9438915025484271,
      "average_gate_fidelity": 0.929864378185534,
      "fidelity_variance": 0.0007659344972285495,
      "num_samples": 60,
      "sigma_mhz": 1.0
    }
  }
}