{
  "alpha": 2.2,
  "eval_cost": 0.59026655721736,
  "eval_fidelity": 0.9785461375670429,
  "eval_leakage": 0.00026666353122137444,
  "eval_plan_path": "runs\\cost_function_sweep\\trpo\\a-2p2_6b6606af\\seed_2\\plans\\iter_000004_control_plan.npz",
  "eval_time_ns": 180.0,
  "gamma": 1.5707963267948966,
  "iteration": 4,
  "robustness": {
    "sigma_1p0": {
      "average_fidelity": 0.9322987563516474,
      "average_gate_fidelity": 0.9153734454395592,
      "fidelity_variance": 0.0009036903833659646,
      "num_samples": 60,
      "sigma_mhz": 1.0
    }
  }
}