{
  "alpha": 2.2,
  "eval_cost": 1.1597505000923758,
  "eval_fidelity": 0.9021341181872443,
  "eval_leakage": 0.0001943199771464004,
  "eval_plan_path": "runs\\cost_function_sweep\\trpo\\a-2p2_9f9fdee6\\seed_1\\plans\\iter_000002_control_plan.npz",
  "eval_time_ns": 180.0,
  "gamma": 1.5707963267948966,
  "iteration": 2,
  "robustness": {
    "sigma_1p0": {
      "average_fidelity": 0.8761646465580537,
      "average_gate_fidelity": 0.8452058081975671,
      "fidelity_variance": 0.0020972061758097026,
      "num_samples": 60,
      "sigma_mhz": 1.0
    }
  }
}