{
  "alpha": 0.2,
  "best_cost": 0.464577726571475,
  "best_fidelity": 0.9689362465199384,
  "best_horizon_ns": 70.0,
  "best_leakage": 0.0010325786972895023,
  "control_plan": "runs/adam_runtime_sweep\\gamma_1.570796\\alpha_0.200000\\best_control_plan.npz",
  "gamma": 1.5707963267948966,
  "robustness_path": "runs/adam_runtime_sweep\\gamma_1.570796\\alpha_0.200000\\robustness\\best_robustness.json",
  "robustness_sigma_1p0_average_fidelity": 0.9572128637627252,
  "robustness_sigma_1p0_average_gate_fidelity": 0.9465160797034066,
  "robustness_sigma_1p0_fidelity_variance": 0.00020852282520292302,
  "runtime_ns": 70.0
}