{
  "alpha": 0.0,
  "eval_cost": 5.996474574766305,
  "eval_fidelity": 0.4363760890380316,
  "eval_leakage": 0.001341963503678873,
  "eval_plan_path": "runs/curriculum_gamma_pi2_alpha_2p2_thr038_test\\gamma_1.570796\\alpha_0.000000\\plans\\iter_000019_control_plan.npz",
  "eval_time_ns": 180.0,
  "gamma": 1.5707963267948966,
  "phase_iter": 19,
  "robustness": {
    "sigma_1p0": {
      "average_fidelity": 0.5219885766429347,
      "average_gate_fidelity": 0.4024857208036685,
      "fidelity_variance": 0.002768491258123382,
      "num_samples": 60,
      "sigma_mhz": 1.0
    }
  }
}