{
  "alpha": 0.0,
  "eval_cost": 9.194285478666641,
  "eval_fidelity": 0.191022204659163,
  "eval_leakage": 0.0023799942063955446,
  "eval_plan_path": "runs/curriculum_gamma_pi2_alpha_2p2_thr038_test\\gamma_1.570796\\alpha_0.000000\\plans\\iter_000030_control_plan.npz",
  "eval_time_ns": 180.0,
  "gamma": 1.5707963267948966,
  "phase_iter": 30,
  "robustness": {
    "sigma_1p0": {
      "average_fidelity": 0.34378344045616355,
      "average_gate_fidelity": 0.17972930057020445,
      "fidelity_variance": 0.0013127680845220855,
      "num_samples": 60,
      "sigma_mhz": 1.0
    }
  }
}