{
  "alpha": 0.0,
  "eval_cost": 10.322938014127152,
  "eval_fidelity": 0.000686685189700098,
  "eval_leakage": 0.0003482235908530707,
  "eval_plan_path": "runs/curriculum_gamma_pi2_alpha_2p2_thr038_test\\gamma_1.570796\\alpha_0.000000\\plans\\iter_000006_control_plan.npz",
  "eval_time_ns": 180.0,
  "gamma": 1.5707963267948966,
  "phase_iter": 6,
  "robustness": {
    "sigma_1p0": {
      "average_fidelity": 0.20059268871508298,
      "average_gate_fidelity": 0.0007408608938537745,
      "fidelity_variance": 5.977233880740175e-07,
      "num_samples": 60,
      "sigma_mhz": 1.0
    }
  }
}