{
  "alpha": 0.0,
  "eval_cost": 1.3554862303210782,
  "eval_fidelity": 0.8992934855847555,
  "eval_leakage": 0.0038314245231969926,
  "eval_plan_path": "runs/curriculum_gamma_pi2_alpha_2p2_thr038_test\\gamma_1.570796\\alpha_0.000000\\plans\\iter_000053_control_plan.npz",
  "eval_time_ns": 180.0,
  "gamma": 1.5707963267948966,
  "phase_iter": 53,
  "robustness": {
    "sigma_1p0": {
      "average_fidelity": 0.8785273323720735,
      "average_gate_fidelity": 0.8481591654650917,
      "fidelity_variance": 0.0019169559509098842,
      "num_samples": 60,
      "sigma_mhz": 1.0
    }
  }
}