{
  "alpha": 0.0,
  "eval_cost": 4.306703706731387,
  "eval_fidelity": 0.6040057783301562,
  "eval_leakage": 0.0037204242692579397,
  "eval_plan_path": "runs/curriculum_gamma_pi2_alpha_2p2_thr038_test\\gamma_1.570796\\alpha_0.000000\\plans\\iter_000060_control_plan.npz",
  "eval_time_ns": 180.0,
  "gamma": 1.5707963267948966,
  "phase_iter": 60,
  "robustness": {
    "sigma_1p0": {
      "average_fidelity": 0.660078196768168,
      "average_gate_fidelity": 0.5750977459602101,
      "fidelity_variance": 0.003560150188693939,
      "num_samples": 60,
      "sigma_mhz": 1.0
    }
  }
}