{
  "alpha": 0.0,
  "eval_cost": 6.3808843826127255,
  "eval_fidelity": 0.40087490387479985,
  "eval_leakage": 0.004303840264474003,
  "eval_plan_path": "runs/curriculum_gamma_pi2_alpha_2p2_thr038_test\\gamma_1.570796\\alpha_0.000000\\plans\\iter_000086_control_plan.npz",
  "eval_time_ns": 180.0,
  "gamma": 1.5707963267948966,
  "phase_iter": 86,
  "robustness": {
    "sigma_1p0": {
      "average_fidelity": 0.500968376489724,
      "average_gate_fidelity": 0.376210470612155,
      "fidelity_variance": 0.0015977767124436043,
      "num_samples": 60,
      "sigma_mhz": 1.0
    }
  }
}