{
  "alpha": 0.0,
  "eval_cost": 7.34092502799935,
  "eval_fidelity": 0.3313503494380484,
  "eval_leakage": 0.002657806860013617,
  "eval_plan_path": "runs/curriculum_gamma_pi2_alpha_2p2_thr038_test\\gamma_1.570796\\alpha_0.000000\\plans\\iter_000036_control_plan.npz",
  "eval_time_ns": 180.0,
  "gamma": 1.5707963267948966,
  "phase_iter": 36,
  "robustness": {
    "sigma_1p0": {
      "average_fidelity": 0.4504131970529736,
      "average_gate_fidelity": 0.3130164963162169,
      "fidelity_variance": 0.001597042378318319,
      "num_samples": 60,
      "sigma_mhz": 1.0
    }
  }
}