{
  "alpha": 0.0,
  "eval_cost": 3.3268744267136467,
  "eval_fidelity": 0.7025977625683983,
  "eval_leakage": 0.003851386209015761,
  "eval_plan_path": "runs/curriculum_gamma_pi2_alpha_2p2_thr038_test\\gamma_1.570796\\alpha_0.000000\\plans\\iter_000058_control_plan.npz",
  "eval_time_ns": 180.0,
  "gamma": 1.5707963267948966,
  "phase_iter": 58,
  "robustness": {
    "sigma_1p0": {
      "average_fidelity": 0.7227426550862156,
      "average_gate_fidelity": 0.6534283188577698,
      "fidelity_variance": 0.0023695544348579585,
      "num_samples": 60,
      "sigma_mhz": 1.0
    }
  }
}