{
  "alpha": 2.2,
  "eval_cost": 0.35696791474604306,
  "eval_fidelity": 0.9599836642654064,
  "eval_leakage": 0.00033965215448854166,
  "eval_plan_path": "runs\\cost_function_sweep\\trpo\\a-2p2_c345a8a2\\seed_1\\plans\\iter_000004_control_plan.npz",
  "eval_time_ns": 180.0,
  "gamma": 1.5707963267948966,
  "iteration": 4,
  "robustness": {
    "sigma_1p0": {
      "average_fidelity": 0.9178847632247269,
      "average_gate_fidelity": 0.8973559540309087,
      "fidelity_variance": 0.0015388942346394835,
      "num_samples": 60,
      "sigma_mhz": 1.0
    }
  }
}