{
  "alpha": 2.2,
  "eval_cost": 0.6989084928743716,
  "eval_fidelity": 0.9041754238319365,
  "eval_leakage": 0.00019407227294419515,
  "eval_plan_path": "runs\\cost_function_sweep\\trpo\\a-2p2_c345a8a2\\seed_1\\plans\\iter_000002_control_plan.npz",
  "eval_time_ns": 180.0,
  "gamma": 1.5707963267948966,
  "iteration": 2,
  "robustness": {
    "sigma_1p0": {
      "average_fidelity": 0.8776919863874334,
      "average_gate_fidelity": 0.8471149829842918,
      "fidelity_variance": 0.0020680175755811796,
      "num_samples": 60,
      "sigma_mhz": 1.0
    }
  }
}