{
  "alpha": 2.2,
  "eval_cost": 1.4849995671225749,
  "eval_fidelity": 0.7439882768273902,
  "eval_leakage": 0.00011610835470449435,
  "eval_plan_path": "runs\\cost_function_sweep\\trpo\\a-2p2_c345a8a2\\seed_1\\plans\\iter_000001_control_plan.npz",
  "eval_time_ns": 180.0,
  "gamma": 1.5707963267948966,
  "iteration": 1,
  "robustness": {
    "sigma_1p0": {
      "average_fidelity": 0.7600860270398759,
      "average_gate_fidelity": 0.7001075337998448,
      "fidelity_variance": 0.004843055999879048,
      "num_samples": 60,
      "sigma_mhz": 1.0
    }
  }
}