{
  "alpha": 2.2,
  "eval_cost": 0.33715536503683563,
  "eval_fidelity": 0.9665195059667762,
  "eval_leakage": 0.00039315261216979307,
  "eval_plan_path": "runs\\cost_function_sweep\\trpo\\a-2p2_c345a8a2\\seed_1\\plans\\iter_000005_control_plan.npz",
  "eval_time_ns": 180.0,
  "gamma": 1.5707963267948966,
  "iteration": 5,
  "robustness": {
    "sigma_1p0": {
      "average_fidelity": 0.9198584151058977,
      "average_gate_fidelity": 0.8998230188823725,
      "fidelity_variance": 0.0014095194727236303,
      "num_samples": 60,
      "sigma_mhz": 1.0
    }
  }
}