{
  "alpha": 2.2,
  "eval_cost": 1.7052344714194139,
  "eval_fidelity": 0.9455377375366024,
  "eval_leakage": 0.00041129387873889005,
  "eval_plan_path": "runs\\cost_function_sweep\\trpo\\a-2p2_417e426d\\seed_1\\plans\\iter_000004_control_plan.npz",
  "eval_time_ns": 180.0,
  "gamma": 1.5707963267948966,
  "iteration": 4,
  "robustness": {
    "sigma_1p0": {
      "average_fidelity": 0.9101910072700994,
      "average_gate_fidelity": 0.8877387590876242,
      "fidelity_variance": 0.0019334084997806307,
      "num_samples": 60,
      "sigma_mhz": 1.0
    }
  }
}