{
  "alpha": 2.2,
  "eval_cost": 1.021053948323904,
  "eval_fidelity": 0.9831801679034188,
  "eval_leakage": 0.0001912681792931516,
  "eval_plan_path": "runs\\cost_function_sweep\\trpo\\a-2p2_417e426d\\seed_1\\plans\\iter_000002_control_plan.npz",
  "eval_time_ns": 180.0,
  "gamma": 1.5707963267948966,
  "iteration": 2,
  "robustness": {
    "sigma_1p0": {
      "average_fidelity": 0.9364797219760048,
      "average_gate_fidelity": 0.9205996524700061,
      "fidelity_variance": 0.0008692641016220815,
      "num_samples": 60,
      "sigma_mhz": 1.0
    }
  }
}