{
  "alpha": 2.2,
  "eval_cost": 1.2580294726783663,
  "eval_fidelity": 0.9453841460645431,
  "eval_leakage": 0.00041080039857281024,
  "eval_plan_path": "runs\\cost_function_sweep\\trpo\\a-2p2__g-pi_2__kl-0p005__tc-0p15__std-m1p0__dt-2p0__mt-180p0__chi-20p0__beta-10p0__mu-0p1__kappa-0p05\\seed_1\\plans\\iter_000004_control_plan.npz",
  "eval_time_ns": 180.0,
  "gamma": 1.5707963267948966,
  "iteration": 4,
  "robustness": {
    "sigma_1p0": {
      "average_fidelity": 0.9100795361743445,
      "average_gate_fidelity": 0.8875994202179306,
      "fidelity_variance": 0.0019368684071604505,
      "num_samples": 60,
      "sigma_mhz": 1.0
    }
  }
}