{
  "alpha": 2.2,
  "eval_cost": 0.5665958929061077,
  "eval_fidelity": 0.9834003909442826,
  "eval_leakage": 0.00019122165641765118,
  "eval_plan_path": "runs\\cost_function_sweep\\trpo\\a-2p2__g-pi_2__kl-0p005__tc-0p15__std-m1p0__dt-2p0__mt-180p0__chi-20p0__beta-10p0__mu-0p1__kappa-0p05\\seed_1\\plans\\iter_000002_control_plan.npz",
  "eval_time_ns": 180.0,
  "gamma": 1.5707963267948966,
  "iteration": 2,
  "robustness": {
    "sigma_1p0": {
      "average_fidelity": 0.9366444122295029,
      "average_gate_fidelity": 0.9208055152868784,
      "fidelity_variance": 0.000865622201243453,
      "num_samples": 60,
      "sigma_mhz": 1.0
    }
  }
}