{
  "alpha": 2.2,
  "eval_cost": 0.6784334397594624,
  "eval_fidelity": 0.9585991564774219,
  "eval_leakage": 0.0001950579752574654,
  "eval_plan_path": "runs\\cost_function_sweep\\trpo\\a-2p2_8c31322a\\seed_1\\plans\\iter_000002_control_plan.npz",
  "eval_time_ns": 180.0,
  "gamma": 1.5707963267948966,
  "iteration": 2,
  "robustness": {
    "sigma_1p0": {
      "average_fidelity": 0.9182142841666204,
      "average_gate_fidelity": 0.8977678552082756,
      "fidelity_variance": 0.0012530575297095387,
      "num_samples": 60,
      "sigma_mhz": 1.0
    }
  }
}