{
  "alpha": 0.0,
  "best_horizon_ns": 70.0,
  "gamma": 1.5707963267948966,
  "robustness": {
    "sigma_1p0": {
      "average_fidelity": 0.9360865741030763,
      "average_gate_fidelity": 0.9201082176288454,
      "fidelity_variance": 0.0004951404515312562,
      "num_samples": 60,
      "sigma_mhz": 1.0
    }
  }
}