{
  "alpha": 2.4,
  "best_horizon_ns": 70.0,
  "gamma": 1.5707963267948966,
  "robustness": {
    "sigma_1p0": {
      "average_fidelity": 0.9703673224137305,
      "average_gate_fidelity": 0.9629591530171632,
      "fidelity_variance": 0.00017608306349980839,
      "num_samples": 60,
      "sigma_mhz": 1.0
    }
  }
}