{
  "alpha": 2.2,
  "eval_cost": 4.530082521740188,
  "eval_fidelity": 0.7828393014417072,
  "eval_leakage": 0.00010165771881125384,
  "eval_plan_path": "runs\\cost_function_sweep\\trpo\\a-2p2__g-pi_2__kl-0p005__tc-0p15__std-m1p0__dt-2p0__mt-180p0__chi-20p0__beta-10p0__mu-0p1__kappa-0p05\\seed_2\\plans\\iter_000001_control_plan.npz",
  "eval_time_ns": 180.0,
  "gamma": 1.5707963267948966,
  "iteration": 1,
  "robustness": {
    "sigma_1p0": {
      "average_fidelity": 0.7930158049834328,
      "average_gate_fidelity": 0.741269756229291,
      "fidelity_variance": 0.0030181154508832886,
      "num_samples": 60,
      "sigma_mhz": 1.0
    }
  }
}