{
  "alpha": 2.2,
  "eval_cost": 2.9951672757804397,
  "eval_fidelity": 0.7356014191402591,
  "eval_leakage": 0.00011365807461614493,
  "eval_plan_path": "runs\\nn_size_sweep\\trpo\\a-2p2_4d4bcb4a\\seed_1\\plans\\iter_000001_control_plan.npz",
  "eval_time_ns": 180.0,
  "gamma": 1.5707963267948966,
  "iteration": 1,
  "robustness": {
    "sigma_1p0": {
      "average_fidelity": 0.7556061180572564,
      "average_gate_fidelity": 0.6945076475715706,
      "fidelity_variance": 0.005126924667610345,
      "num_samples": 60,
      "sigma_mhz": 1.0
    }
  }
}