{
  "alpha": 1.884,
  "eval_cost": 3.622408208609209,
  "eval_fidelity": 0.6958322079770016,
  "eval_leakage": 0.005902253123906769,
  "eval_plan_path": "runs\\runtime\\gamma_1.570796\\alpha_1.884000\\plans\\iter_000009_control_plan.npz",
  "eval_time_ns": 180.0,
  "gamma": 1.5707963267948966,
  "phase_iter": 9,
  "robustness": {
    "sigma_1p0": {
      "average_fidelity": 0.7222835717953016,
      "average_gate_fidelity": 0.6528544647441269,
      "fidelity_variance": 0.00417714945908,
      "num_samples": 60,
      "sigma_mhz": 1.0
    }
  }
}