{
  "alpha": 1.884,
  "eval_cost": 4.1447100315068655,
  "eval_fidelity": 0.6358704024621743,
  "eval_leakage": 0.006189845504291139,
  "eval_plan_path": "runs\\runtime\\gamma_1.570796\\alpha_1.884000\\plans\\iter_000005_control_plan.npz",
  "eval_time_ns": 180.0,
  "gamma": 1.5707963267948966,
  "phase_iter": 5,
  "robustness": {
    "sigma_1p0": {
      "average_fidelity": 0.6893601550196957,
      "average_gate_fidelity": 0.6117001937746195,
      "fidelity_variance": 0.0037628457392100832,
      "num_samples": 60,
      "sigma_mhz": 1.0
    }
  }
}