{
  "alpha": 1.884,
  "eval_cost": 3.2301043039304114,
  "eval_fidelity": 0.7358792377006771,
  "eval_leakage": 0.005906951184991597,
  "eval_plan_path": "runs\\runtime\\gamma_1.570796\\alpha_1.884000\\plans\\iter_000011_control_plan.npz",
  "eval_time_ns": 180.0,
  "gamma": 1.5707963267948966,
  "phase_iter": 11,
  "robustness": {
    "sigma_1p0": {
      "average_fidelity": 0.7519965827342863,
      "average_gate_fidelity": 0.6899957284178578,
      "fidelity_variance": 0.004327229751270045,
      "num_samples": 60,
      "sigma_mhz": 1.0
    }
  }
}