{
  "alpha": 1.884,
  "eval_cost": 2.7845074613205467,
  "eval_fidelity": 0.7726539074839957,
  "eval_leakage": 0.005901713574984029,
  "eval_plan_path": "runs\\runtime\\gamma_1.570796\\alpha_1.884000\\plans\\iter_000013_control_plan.npz",
  "eval_time_ns": 180.0,
  "gamma": 1.5707963267948966,
  "phase_iter": 13,
  "robustness": {
    "sigma_1p0": {
      "average_fidelity": 0.7810799960452448,
      "average_gate_fidelity": 0.7263499950565558,
      "fidelity_variance": 0.003082748736185395,
      "num_samples": 60,
      "sigma_mhz": 1.0
    }
  }
}