{
  "alpha": 1.884,
  "eval_cost": 4.449540243292282,
  "eval_fidelity": 0.6012519510324265,
  "eval_leakage": 0.006439694897839468,
  "eval_plan_path": "runs\\runtime\\gamma_1.570796\\alpha_1.884000\\plans\\iter_000003_control_plan.npz",
  "eval_time_ns": 180.0,
  "gamma": 1.5707963267948966,
  "phase_iter": 3,
  "robustness": {
    "sigma_1p0": {
      "average_fidelity": 0.6511703651357106,
      "average_gate_fidelity": 0.5639629564196383,
      "fidelity_variance": 0.004787656883127484,
      "num_samples": 60,
      "sigma_mhz": 1.0
    }
  }
}