{
  "alpha": 1.884,
  "eval_cost": 2.8875576890188706,
  "eval_fidelity": 0.7664713634322934,
  "eval_leakage": 0.005899325514079911,
  "eval_plan_path": "runs\\runtime\\gamma_1.570796\\alpha_1.884000\\plans\\iter_000012_control_plan.npz",
  "eval_time_ns": 180.0,
  "gamma": 1.5707963267948966,
  "phase_iter": 12,
  "robustness": {
    "sigma_1p0": {
      "average_fidelity": 0.7787538238074548,
      "average_gate_fidelity": 0.7234422797593185,
      "fidelity_variance": 0.003147439385561204,
      "num_samples": 60,
      "sigma_mhz": 1.0
    }
  }
}