{
  "alpha": 1.884,
  "eval_cost": 2.830558430967068,
  "eval_fidelity": 0.7655914811606769,
  "eval_leakage": 0.005858301192615809,
  "eval_plan_path": "runs\\runtime\\gamma_1.570796\\alpha_1.884000\\plans\\iter_000014_control_plan.npz",
  "eval_time_ns": 180.0,
  "gamma": 1.5707963267948966,
  "phase_iter": 14,
  "robustness": {
    "sigma_1p0": {
      "average_fidelity": 0.7684435740257971,
      "average_gate_fidelity": 0.7105544675322462,
      "fidelity_variance": 0.0032152619366675552,
      "num_samples": 60,
      "sigma_mhz": 1.0
    }
  }
}