{
  "alpha": 1.884,
  "eval_cost": 3.116164033052298,
  "eval_fidelity": 0.7325500816580112,
  "eval_leakage": 0.005892833504857969,
  "eval_plan_path": "runs\\runtime\\gamma_1.570796\\alpha_1.884000\\plans\\iter_000018_control_plan.npz",
  "eval_time_ns": 180.0,
  "gamma": 1.5707963267948966,
  "phase_iter": 18,
  "robustness": {
    "sigma_1p0": {
      "average_fidelity": 0.7542890554431527,
      "average_gate_fidelity": 0.692861319303941,
      "fidelity_variance": 0.00346127332035625,
      "num_samples": 60,
      "sigma_mhz": 1.0
    }
  }
}