{
  "alpha": 1.884,
  "eval_cost": 2.906816025107956,
  "eval_fidelity": 0.7549033973594487,
  "eval_leakage": 0.005827780429047213,
  "eval_plan_path": "runs\\runtime\\gamma_1.570796\\alpha_1.884000\\plans\\iter_000017_control_plan.npz",
  "eval_time_ns": 180.0,
  "gamma": 1.5707963267948966,
  "phase_iter": 17,
  "robustness": {
    "sigma_1p0": {
      "average_fidelity": 0.7795142781710666,
      "average_gate_fidelity": 0.7243928477138334,
      "fidelity_variance": 0.0020951138285806733,
      "num_samples": 60,
      "sigma_mhz": 1.0
    }
  }
}