{
  "alpha": 1.884,
  "eval_cost": 2.6248715893430097,
  "eval_fidelity": 0.7833725312520545,
  "eval_leakage": 0.005834587529791059,
  "eval_plan_path": "runs\\runtime\\gamma_1.570796\\alpha_1.884000\\plans\\iter_000016_control_plan.npz",
  "eval_time_ns": 180.0,
  "gamma": 1.5707963267948966,
  "phase_iter": 16,
  "robustness": {
    "sigma_1p0": {
      "average_fidelity": 0.7948720992971459,
      "average_gate_fidelity": 0.7435901241214323,
      "fidelity_variance": 0.0022202221589143613,
      "num_samples": 60,
      "sigma_mhz": 1.0
    }
  }
}