{
  "alpha": 1.884,
  "eval_cost": 3.4508048581046573,
  "eval_fidelity": 0.7146275658526381,
  "eval_leakage": 0.00588667276626094,
  "eval_plan_path": "runs\\runtime\\gamma_1.570796\\alpha_1.884000\\plans\\iter_000010_control_plan.npz",
  "eval_time_ns": 180.0,
  "gamma": 1.5707963267948966,
  "phase_iter": 10,
  "robustness": {
    "sigma_1p0": {
      "average_fidelity": 0.7495118062843193,
      "average_gate_fidelity": 0.6868897578553993,
      "fidelity_variance": 0.004725902899207111,
      "num_samples": 60,
      "sigma_mhz": 1.0
    }
  }
}