{
  "alpha": 1.884,
  "eval_cost": 2.7377128000709163,
  "eval_fidelity": 0.7731512663024823,
  "eval_leakage": 0.00581197583322166,
  "eval_plan_path": "runs\\runtime\\gamma_1.570796\\alpha_1.884000\\plans\\iter_000015_control_plan.npz",
  "eval_time_ns": 180.0,
  "gamma": 1.5707963267948966,
  "phase_iter": 15,
  "robustness": {
    "sigma_1p0": {
      "average_fidelity": 0.7944893641904275,
      "average_gate_fidelity": 0.7431117052380342,
      "fidelity_variance": 0.0029005305725738747,
      "num_samples": 60,
      "sigma_mhz": 1.0
    }
  }
}