{
  "alpha": 1.884,
  "eval_cost": 3.728236743978046,
  "eval_fidelity": 0.6820138563590267,
  "eval_leakage": 0.006013868224771853,
  "eval_plan_path": "runs\\runtime\\gamma_1.570796\\alpha_1.884000\\plans\\iter_000007_control_plan.npz",
  "eval_time_ns": 180.0,
  "gamma": 1.5707963267948966,
  "phase_iter": 7,
  "robustness": {
    "sigma_1p0": {
      "average_fidelity": 0.7116684362444344,
      "average_gate_fidelity": 0.639585545305543,
      "fidelity_variance": 0.0034466553574842664,
      "num_samples": 60,
      "sigma_mhz": 1.0
    }
  }
}