{
  "alpha": 0.8,
  "best_cost": 0.21693476130191536,
  "best_fidelity": 0.9930321443598359,
  "best_horizon_ns": 70.0,
  "best_leakage": 0.00037859315842765466,
  "control_plan": "runs/adam_runtime_sweep\\gamma_1.570796\\alpha_0.800000\\best_control_plan.npz",
  "gamma": 1.5707963267948966,
  "robustness_path": "runs/adam_runtime_sweep\\gamma_1.570796\\alpha_0.800000\\robustness\\best_robustness.json",
  "robustness_sigma_1p0_average_fidelity": 0.973152218766783,
  "robustness_sigma_1p0_average_gate_fidelity": 0.9664402734584788,
  "robustness_sigma_1p0_fidelity_variance": 0.00013423447035611699,
  "runtime_ns": 70.0
}