{
  "alpha": 2.2,
  "eval_cost": 0.35482088215889834,
  "eval_fidelity": 0.9934433206837371,
  "eval_leakage": 0.00041723975288258247,
  "eval_plan_path": "runs\\nn_size_sweep\\trpo\\a-2p2_a04d7360\\seed_2\\plans\\iter_000020_control_plan.npz",
  "eval_time_ns": 104.0,
  "gamma": 1.5707963267948966,
  "iteration": 20,
  "robustness": {
    "sigma_1p0": {
      "average_fidelity": 0.9663799189641573,
      "average_gate_fidelity": 0.9579748987051964,
      "fidelity_variance": 0.00019402155790501733,
      "num_samples": 60,
      "sigma_mhz": 1.0
    }
  }
}