{
  "alpha": 2.2,
  "eval_cost": 0.3711289038023101,
  "eval_fidelity": 0.9978226063854622,
  "eval_leakage": 0.00028379979933045073,
  "eval_plan_path": "runs\\nn_size_sweep\\trpo\\a-2p2_a04d7360\\seed_2\\plans\\iter_000009_control_plan.npz",
  "eval_time_ns": 122.0,
  "gamma": 1.5707963267948966,
  "iteration": 9,
  "robustness": {
    "sigma_1p0": {
      "average_fidelity": 0.9605457194528706,
      "average_gate_fidelity": 0.9506821493160883,
      "fidelity_variance": 0.00021233298916702954,
      "num_samples": 60,
      "sigma_mhz": 1.0
    }
  }
}