{
  "alpha": 2.2,
  "eval_cost": 0.39436929001888754,
  "eval_fidelity": 0.9985934265969342,
  "eval_leakage": 0.000273648953898576,
  "eval_plan_path": "runs\\nn_size_sweep\\trpo\\a-2p2_a04d7360\\seed_2\\plans\\iter_000005_control_plan.npz",
  "eval_time_ns": 152.0,
  "gamma": 1.5707963267948966,
  "iteration": 5,
  "robustness": {
    "sigma_1p0": {
      "average_fidelity": 0.9555253192741061,
      "average_gate_fidelity": 0.9444066490926325,
      "fidelity_variance": 0.00037621737786434537,
      "num_samples": 60,
      "sigma_mhz": 1.0
    }
  }
}