{
  "alpha": 2.2,
  "eval_cost": 0.3908772229140551,
  "eval_fidelity": 0.9973654668844953,
  "eval_leakage": 0.0003020304639226906,
  "eval_plan_path": "runs\\nn_size_sweep\\trpo\\a-2p2_a04d7360\\seed_2\\plans\\iter_000011_control_plan.npz",
  "eval_time_ns": 114.0,
  "gamma": 1.5707963267948966,
  "iteration": 11,
  "robustness": {
    "sigma_1p0": {
      "average_fidelity": 0.9624221214778887,
      "average_gate_fidelity": 0.9530276518473609,
      "fidelity_variance": 0.000250244828940402,
      "num_samples": 60,
      "sigma_mhz": 1.0
    }
  }
}