{
  "alpha": 2.2,
  "eval_cost": 0.37359793523604057,
  "eval_fidelity": 0.993527921441532,
  "eval_leakage": 0.00040257860835067046,
  "eval_plan_path": "runs\\nn_size_sweep\\trpo\\a-2p2_a04d7360\\seed_2\\plans\\iter_000019_control_plan.npz",
  "eval_time_ns": 104.0,
  "gamma": 1.5707963267948966,
  "iteration": 19,
  "robustness": {
    "sigma_1p0": {
      "average_fidelity": 0.9653177398039112,
      "average_gate_fidelity": 0.9566471747548888,
      "fidelity_variance": 0.0002075057199631129,
      "num_samples": 60,
      "sigma_mhz": 1.0
    }
  }
}