{
  "alpha": 2.2,
  "eval_cost": 0.3778632367287829,
  "eval_fidelity": 0.9990067145008356,
  "eval_leakage": 0.0002688287694314308,
  "eval_plan_path": "runs\\nn_size_sweep\\trpo\\a-2p2_a04d7360\\seed_2\\plans\\iter_000007_control_plan.npz",
  "eval_time_ns": 132.0,
  "gamma": 1.5707963267948966,
  "iteration": 7,
  "robustness": {
    "sigma_1p0": {
      "average_fidelity": 0.9595251031399936,
      "average_gate_fidelity": 0.949406378924992,
      "fidelity_variance": 0.00028554646708492485,
      "num_samples": 60,
      "sigma_mhz": 1.0
    }
  }
}