{
  "alpha": 2.2,
  "eval_cost": 0.36403843275237974,
  "eval_fidelity": 0.9950141547480151,
  "eval_leakage": 0.0003872286634664152,
  "eval_plan_path": "runs\\nn_size_sweep\\trpo\\a-2p2_a04d7360\\seed_2\\plans\\iter_000017_control_plan.npz",
  "eval_time_ns": 106.0,
  "gamma": 1.5707963267948966,
  "iteration": 17,
  "robustness": {
    "sigma_1p0": {
      "average_fidelity": 0.9647973278380546,
      "average_gate_fidelity": 0.9559966597975683,
      "fidelity_variance": 0.0002997115407264438,
      "num_samples": 60,
      "sigma_mhz": 1.0
    }
  }
}