{
  "alpha": 2.2,
  "eval_cost": 0.39160097661988746,
  "eval_fidelity": 0.9950482348946759,
  "eval_leakage": 0.00032948975311760086,
  "eval_plan_path": "runs\\nn_size_sweep\\trpo\\a-2p2_a04d7360\\seed_2\\plans\\iter_000014_control_plan.npz",
  "eval_time_ns": 108.0,
  "gamma": 1.5707963267948966,
  "iteration": 14,
  "robustness": {
    "sigma_1p0": {
      "average_fidelity": 0.9631964770561899,
      "average_gate_fidelity": 0.9539955963202372,
      "fidelity_variance": 0.0003281091914989248,
      "num_samples": 60,
      "sigma_mhz": 1.0
    }
  }
}