{
  "alpha": 2.2,
  "eval_cost": 0.3792095369012557,
  "eval_fidelity": 0.9959632300048624,
  "eval_leakage": 0.0003335377077184199,
  "eval_plan_path": "runs\\nn_size_sweep\\trpo\\a-2p2_a04d7360\\seed_2\\plans\\iter_000013_control_plan.npz",
  "eval_time_ns": 110.0,
  "gamma": 1.5707963267948966,
  "iteration": 13,
  "robustness": {
    "sigma_1p0": {
      "average_fidelity": 0.965574984238148,
      "average_gate_fidelity": 0.956968730297685,
      "fidelity_variance": 0.00025209362738452194,
      "num_samples": 60,
      "sigma_mhz": 1.0
    }
  }
}