{
  "alpha": 2.2,
  "eval_cost": 1.2535645828563398,
  "eval_fidelity": 0.9141217469488756,
  "eval_leakage": 0.00012884352443414922,
  "eval_plan_path": "runs\\nn_size_sweep\\trpo\\a-2p2_a04d7360\\seed_2\\plans\\iter_000002_control_plan.npz",
  "eval_time_ns": 180.0,
  "gamma": 1.5707963267948966,
  "iteration": 2,
  "robustness": {
    "sigma_1p0": {
      "average_fidelity": 0.8807077314713325,
      "average_gate_fidelity": 0.8508846643391658,
      "fidelity_variance": 0.002139818910575957,
      "num_samples": 60,
      "sigma_mhz": 1.0
    }
  }
}