{
  "alpha": 2.2,
  "eval_cost": 0.36358440932064007,
  "eval_fidelity": 0.99733725056913,
  "eval_leakage": 0.00030921449827924695,
  "eval_plan_path": "runs\\nn_size_sweep\\trpo\\a-2p2_a04d7360\\seed_2\\plans\\iter_000012_control_plan.npz",
  "eval_time_ns": 112.0,
  "gamma": 1.5707963267948966,
  "iteration": 12,
  "robustness": {
    "sigma_1p0": {
      "average_fidelity": 0.9649339331622366,
      "average_gate_fidelity": 0.9561674164527959,
      "fidelity_variance": 0.00016713243312429184,
      "num_samples": 60,
      "sigma_mhz": 1.0
    }
  }
}