{
  "alpha": 2.2,
  "eval_cost": 0.3830602578933217,
  "eval_fidelity": 0.9990907663071517,
  "eval_leakage": 0.0002544345714532988,
  "eval_plan_path": "runs\\nn_size_sweep\\trpo\\a-2p2_a04d7360\\seed_2\\plans\\iter_000006_control_plan.npz",
  "eval_time_ns": 140.0,
  "gamma": 1.5707963267948966,
  "iteration": 6,
  "robustness": {
    "sigma_1p0": {
      "average_fidelity": 0.9582240626659275,
      "average_gate_fidelity": 0.9477800783324092,
      "fidelity_variance": 0.00043055335060154787,
      "num_samples": 60,
      "sigma_mhz": 1.0
    }
  }
}