{
  "alpha": 2.2,
  "eval_cost": 0.38405982268501493,
  "eval_fidelity": 0.9951252026061129,
  "eval_leakage": 0.000372075150373094,
  "eval_plan_path": "runs\\nn_size_sweep\\trpo\\a-2p2_a04d7360\\seed_2\\plans\\iter_000016_control_plan.npz",
  "eval_time_ns": 106.0,
  "gamma": 1.5707963267948966,
  "iteration": 16,
  "robustness": {
    "sigma_1p0": {
      "average_fidelity": 0.964285205466863,
      "average_gate_fidelity": 0.955356506833579,
      "fidelity_variance": 0.00029171345989134254,
      "num_samples": 60,
      "sigma_mhz": 1.0
    }
  }
}