{
  "alpha": 2.2,
  "eval_cost": 0.37625729838651545,
  "eval_fidelity": 0.9979652442576418,
  "eval_leakage": 0.0002856450758241963,
  "eval_plan_path": "runs\\nn_size_sweep\\trpo\\a-2p2_a04d7360\\seed_2\\plans\\iter_000010_control_plan.npz",
  "eval_time_ns": 118.0,
  "gamma": 1.5707963267948966,
  "iteration": 10,
  "robustness": {
    "sigma_1p0": {
      "average_fidelity": 0.9640265131976431,
      "average_gate_fidelity": 0.9550331414970541,
      "fidelity_variance": 0.0002901245994552198,
      "num_samples": 60,
      "sigma_mhz": 1.0
    }
  }
}