{
  "alpha": 2.2,
  "eval_cost": 0.3969225061909647,
  "eval_fidelity": 0.9975860876144269,
  "eval_leakage": 0.00022855135690487302,
  "eval_plan_path": "runs\\nn_size_sweep\\trpo\\a-2p2_a04d7360\\seed_2\\plans\\iter_000004_control_plan.npz",
  "eval_time_ns": 166.0,
  "gamma": 1.5707963267948966,
  "iteration": 4,
  "robustness": {
    "sigma_1p0": {
      "average_fidelity": 0.9524571578324483,
      "average_gate_fidelity": 0.9405714472905605,
      "fidelity_variance": 0.0003901134235065915,
      "num_samples": 60,
      "sigma_mhz": 1.0
    }
  }
}