{
  "alpha": 2.2,
  "eval_cost": 0.5074248361095663,
  "eval_fidelity": 0.9876276553170543,
  "eval_leakage": 0.0002174715528231546,
  "eval_plan_path": "runs\\nn_size_sweep\\trpo\\a-2p2_a04d7360\\seed_2\\plans\\iter_000003_control_plan.npz",
  "eval_time_ns": 180.0,
  "gamma": 1.5707963267948966,
  "iteration": 3,
  "robustness": {
    "sigma_1p0": {
      "average_fidelity": 0.9369185087469287,
      "average_gate_fidelity": 0.921148135933661,
      "fidelity_variance": 0.0009898114172255184,
      "num_samples": 60,
      "sigma_mhz": 1.0
    }
  }
}