{
  "alpha": 2.2,
  "eval_cost": 0.3888672265594668,
  "eval_fidelity": 0.9933656847002882,
  "eval_leakage": 0.00038202769768510116,
  "eval_plan_path": "runs\\nn_size_sweep\\trpo\\a-2p2_a04d7360\\seed_2\\plans\\iter_000018_control_plan.npz",
  "eval_time_ns": 104.0,
  "gamma": 1.5707963267948966,
  "iteration": 18,
  "robustness": {
    "sigma_1p0": {
      "average_fidelity": 0.9631239947327542,
      "average_gate_fidelity": 0.9539049934159425,
      "fidelity_variance": 0.00026303370085753686,
      "num_samples": 60,
      "sigma_mhz": 1.0
    }
  }
}