{
  "alpha": 2.2,
  "eval_cost": 3.1133823124815674,
  "eval_fidelity": 0.7232054827804646,
  "eval_leakage": 6.194237297876979e-05,
  "eval_plan_path": "runs\\nn_size_sweep\\trpo\\a-2p2_a04d7360\\seed_2\\plans\\iter_000001_control_plan.npz",
  "eval_time_ns": 180.0,
  "gamma": 1.5707963267948966,
  "iteration": 1,
  "robustness": {
    "sigma_1p0": {
      "average_fidelity": 0.747315455365541,
      "average_gate_fidelity": 0.6841443192069263,
      "fidelity_variance": 0.0035282254527436055,
      "num_samples": 60,
      "sigma_mhz": 1.0
    }
  }
}