{
  "alpha": 2.2,
  "eval_cost": 0.21874364797802337,
  "eval_fidelity": 0.9888473377046694,
  "eval_leakage": 0.000319409610215324,
  "eval_plan_path": "runs\\cost_function_sweep\\trpo\\a-2p2__g-pi_2__kl-0p005__tc-0p15__std-m1p0__dt-2p0__mt-180p0__chi-5p0__beta-10p0__mu-0p1__kappa-0p05\\seed_2\\plans\\iter_000005_control_plan.npz",
  "eval_time_ns": 180.0,
  "gamma": 1.5707963267948966,
  "iteration": 5,
  "robustness": {
    "sigma_1p0": {
      "average_fidelity": 0.9388231631651252,
      "average_gate_fidelity": 0.9235289539564064,
      "fidelity_variance": 0.0007134184748458133,
      "num_samples": 60,
      "sigma_mhz": 1.0
    }
  }
}