{
  "alpha": 1.0,
  "best_horizon_ns": 60.0,
  "gamma": 1.5707963267948966,
  "robustness": {
    "sigma_1p0": {
      "average_fidelity": 0.9753383487767338,
      "average_gate_fidelity": 0.9691729359709171,
      "fidelity_variance": 0.00012238265003320663,
      "num_samples": 60,
      "sigma_mhz": 1.0
    }
  }
}