{
  "alpha": 2.2,
  "eval_cost": 1.5557099464580784,
  "eval_fidelity": 0.8139583872483145,
  "eval_leakage": 0.00023393442841182583,
  "eval_plan_path": "runs\\cost_function_sweep\\trpo\\a-2p2_99e68da7\\seed_1\\plans\\iter_000004_control_plan.npz",
  "eval_time_ns": 180.0,
  "gamma": 1.5707963267948966,
  "iteration": 4,
  "robustness": {
    "sigma_1p0": {
      "average_fidelity": 0.8085593804428616,
      "average_gate_fidelity": 0.7606992255535768,
      "fidelity_variance": 0.004679468778613852,
      "num_samples": 60,
      "sigma_mhz": 1.0
    }
  }
}