{
  "alpha": 2.2,
  "eval_cost": 1.4994182152400726,
  "eval_fidelity": 0.8271049822770111,
  "eval_leakage": 0.00026650470281721646,
  "eval_plan_path": "runs\\cost_function_sweep\\trpo\\a-2p2_99e68da7\\seed_1\\plans\\iter_000005_control_plan.npz",
  "eval_time_ns": 180.0,
  "gamma": 1.5707963267948966,
  "iteration": 5,
  "robustness": {
    "sigma_1p0": {
      "average_fidelity": 0.8145907696173167,
      "average_gate_fidelity": 0.768238462021646,
      "fidelity_variance": 0.003935084530450434,
      "num_samples": 60,
      "sigma_mhz": 1.0
    }
  }
}