{
  "alpha": 2.2,
  "eval_cost": 1.592171926610905,
  "eval_fidelity": 0.8114555770069477,
  "eval_leakage": 0.0001767096139695954,
  "eval_plan_path": "runs\\cost_function_sweep\\trpo\\a-2p2_99e68da7\\seed_1\\plans\\iter_000002_control_plan.npz",
  "eval_time_ns": 180.0,
  "gamma": 1.5707963267948966,
  "iteration": 2,
  "robustness": {
    "sigma_1p0": {
      "average_fidelity": 0.8086029865289371,
      "average_gate_fidelity": 0.760753733161171,
      "fidelity_variance": 0.0031931046097736526,
      "num_samples": 60,
      "sigma_mhz": 1.0
    }
  }
}