{
  "alpha": 0.628,
  "eval_cost": 1.7596990801079138,
  "eval_fidelity": 0.87490967300327,
  "eval_leakage": 0.004973871202943013,
  "eval_plan_path": "runs\\runtime\\gamma_1.570796\\alpha_0.628000\\plans\\iter_000001_control_plan.npz",
  "eval_time_ns": 180.0,
  "gamma": 1.5707963267948966,
  "phase_iter": 1,
  "robustness": {
    "sigma_1p0": {
      "average_fidelity": 0.8597712645654192,
      "average_gate_fidelity": 0.8247140807067742,
      "fidelity_variance": 0.002394402517593923,
      "num_samples": 60,
      "sigma_mhz": 1.0
    }
  }
}