{
  "alpha": 0.628,
  "eval_cost": 1.076420473975991,
  "eval_fidelity": 0.9394014462426395,
  "eval_leakage": 0.005015214551306427,
  "eval_plan_path": "runs\\runtime\\gamma_1.570796\\alpha_0.628000\\plans\\iter_000090_control_plan.npz",
  "eval_time_ns": 180.0,
  "gamma": 1.5707963267948966,
  "phase_iter": 90,
  "robustness": {
    "sigma_1p0": {
      "average_fidelity": 0.9030838252468499,
      "average_gate_fidelity": 0.8788547815585623,
      "fidelity_variance": 0.0015040284216395895,
      "num_samples": 60,
      "sigma_mhz": 1.0
    }
  }
}