{
  "alpha": 0.628,
  "eval_cost": 1.0556695807857404,
  "eval_fidelity": 0.9460560489071052,
  "eval_leakage": 0.005100971153255077,
  "eval_plan_path": "runs\\runtime\\gamma_1.570796\\alpha_0.628000\\plans\\iter_000042_control_plan.npz",
  "eval_time_ns": 180.0,
  "gamma": 1.5707963267948966,
  "phase_iter": 42,
  "robustness": {
    "sigma_1p0": {
      "average_fidelity": 0.9063670330272642,
      "average_gate_fidelity": 0.88295879128408,
      "fidelity_variance": 0.0016242372217127933,
      "num_samples": 60,
      "sigma_mhz": 1.0
    }
  }
}