{
  "alpha": 0.628,
  "eval_cost": 1.1300089129209907,
  "eval_fidelity": 0.9360397150161628,
  "eval_leakage": 0.00514790761325987,
  "eval_plan_path": "runs\\runtime\\gamma_1.570796\\alpha_0.628000\\plans\\iter_000068_control_plan.npz",
  "eval_time_ns": 180.0,
  "gamma": 1.5707963267948966,
  "phase_iter": 68,
  "robustness": {
    "sigma_1p0": {
      "average_fidelity": 0.8964730174291605,
      "average_gate_fidelity": 0.8705912717864506,
      "fidelity_variance": 0.0016966455852319257,
      "num_samples": 60,
      "sigma_mhz": 1.0
    }
  }
}