{
  "alpha": 0.628,
  "eval_cost": 0.833381512462784,
  "eval_fidelity": 0.9593220199423514,
  "eval_leakage": 0.005162461894036227,
  "eval_plan_path": "runs\\runtime\\gamma_1.570796\\alpha_0.628000\\plans\\iter_000026_control_plan.npz",
  "eval_time_ns": 180.0,
  "gamma": 1.5707963267948966,
  "phase_iter": 26,
  "robustness": {
    "sigma_1p0": {
      "average_fidelity": 0.9135717179968016,
      "average_gate_fidelity": 0.8919646474960017,
      "fidelity_variance": 0.0010995989912071559,
      "num_samples": 60,
      "sigma_mhz": 1.0
    }
  }
}