{
  "alpha": 0.628,
  "eval_cost": 1.1294804968447032,
  "eval_fidelity": 0.9414279024857772,
  "eval_leakage": 0.005081766889028421,
  "eval_plan_path": "runs\\runtime\\gamma_1.570796\\alpha_0.628000\\plans\\iter_000049_control_plan.npz",
  "eval_time_ns": 180.0,
  "gamma": 1.5707963267948966,
  "phase_iter": 49,
  "robustness": {
    "sigma_1p0": {
      "average_fidelity": 0.909387440309332,
      "average_gate_fidelity": 0.8867343003866649,
      "fidelity_variance": 0.0013022592366931528,
      "num_samples": 60,
      "sigma_mhz": 1.0
    }
  }
}