{
  "alpha": 0.628,
  "eval_cost": 1.0829448663562324,
  "eval_fidelity": 0.9456711748466073,
  "eval_leakage": 0.00507772900563926,
  "eval_plan_path": "runs\\runtime\\gamma_1.570796\\alpha_0.628000\\plans\\iter_000047_control_plan.npz",
  "eval_time_ns": 180.0,
  "gamma": 1.5707963267948966,
  "phase_iter": 47,
  "robustness": {
    "sigma_1p0": {
      "average_fidelity": 0.9108285778724565,
      "average_gate_fidelity": 0.8885357223405705,
      "fidelity_variance": 0.0017368819025375616,
      "num_samples": 60,
      "sigma_mhz": 1.0
    }
  }
}