{
  "alpha": 0.628,
  "eval_cost": 1.0183408891724461,
  "eval_fidelity": 0.9456841743667515,
  "eval_leakage": 0.005092146362453731,
  "eval_plan_path": "runs\\runtime\\gamma_1.570796\\alpha_0.628000\\plans\\iter_000071_control_plan.npz",
  "eval_time_ns": 180.0,
  "gamma": 1.5707963267948966,
  "phase_iter": 71,
  "robustness": {
    "sigma_1p0": {
      "average_fidelity": 0.9102583193299361,
      "average_gate_fidelity": 0.8878228991624199,
      "fidelity_variance": 0.0009892992133810337,
      "num_samples": 60,
      "sigma_mhz": 1.0
    }
  }
}