{
  "alpha": 0.628,
  "eval_cost": 1.0707007932346826,
  "eval_fidelity": 0.9427248106523949,
  "eval_leakage": 0.0051542715958573454,
  "eval_plan_path": "runs\\runtime\\gamma_1.570796\\alpha_0.628000\\plans\\iter_000019_control_plan.npz",
  "eval_time_ns": 180.0,
  "gamma": 1.5707963267948966,
  "phase_iter": 19,
  "robustness": {
    "sigma_1p0": {
      "average_fidelity": 0.9068771367764707,
      "average_gate_fidelity": 0.8835964209705884,
      "fidelity_variance": 0.0012873994592685792,
      "num_samples": 60,
      "sigma_mhz": 1.0
    }
  }
}