{
  "alpha": 0.628,
  "eval_cost": 1.0471521110193307,
  "eval_fidelity": 0.9451612042830647,
  "eval_leakage": 0.005132381860330094,
  "eval_plan_path": "runs\\runtime\\gamma_1.570796\\alpha_0.628000\\plans\\iter_000054_control_plan.npz",
  "eval_time_ns": 180.0,
  "gamma": 1.5707963267948966,
  "phase_iter": 54,
  "robustness": {
    "sigma_1p0": {
      "average_fidelity": 0.9092600729274912,
      "average_gate_fidelity": 0.8865750911593638,
      "fidelity_variance": 0.001937321047831954,
      "num_samples": 60,
      "sigma_mhz": 1.0
    }
  }
}