{
  "alpha": 0.628,
  "eval_cost": 0.9033050094357826,
  "eval_fidelity": 0.9556134556114906,
  "eval_leakage": 0.005159028587631071,
  "eval_plan_path": "runs\\runtime\\gamma_1.570796\\alpha_0.628000\\plans\\iter_000014_control_plan.npz",
  "eval_time_ns": 180.0,
  "gamma": 1.5707963267948966,
  "phase_iter": 14,
  "robustness": {
    "sigma_1p0": {
      "average_fidelity": 0.9156743545530361,
      "average_gate_fidelity": 0.8945929431912951,
      "fidelity_variance": 0.0016287231987729919,
      "num_samples": 60,
      "sigma_mhz": 1.0
    }
  }
}