{
  "alpha": 0.628,
  "eval_cost": 1.0911855734223885,
  "eval_fidelity": 0.9412718688465884,
  "eval_leakage": 0.005158313583981732,
  "eval_plan_path": "runs\\runtime\\gamma_1.570796\\alpha_0.628000\\plans\\iter_000062_control_plan.npz",
  "eval_time_ns": 180.0,
  "gamma": 1.5707963267948966,
  "phase_iter": 62,
  "robustness": {
    "sigma_1p0": {
      "average_fidelity": 0.9087110029045411,
      "average_gate_fidelity": 0.8858887536306764,
      "fidelity_variance": 0.0011836064268467585,
      "num_samples": 60,
      "sigma_mhz": 1.0
    }
  }
}