{
  "alpha": 0.628,
  "eval_cost": 1.0721140385261902,
  "eval_fidelity": 0.938838246216147,
  "eval_leakage": 0.00498117382251747,
  "eval_plan_path": "runs\\runtime\\gamma_1.570796\\alpha_0.628000\\plans\\iter_000091_control_plan.npz",
  "eval_time_ns": 180.0,
  "gamma": 1.5707963267948966,
  "phase_iter": 91,
  "robustness": {
    "sigma_1p0": {
      "average_fidelity": 0.9027622609086292,
      "average_gate_fidelity": 0.8784528261357863,
      "fidelity_variance": 0.001457843188429611,
      "num_samples": 60,
      "sigma_mhz": 1.0
    }
  }
}