{
  "alpha": 0.628,
  "eval_cost": 0.9225917175381777,
  "eval_fidelity": 0.9521764984990906,
  "eval_leakage": 0.005140020070927745,
  "eval_plan_path": "runs\\runtime\\gamma_1.570796\\alpha_0.628000\\plans\\iter_000030_control_plan.npz",
  "eval_time_ns": 180.0,
  "gamma": 1.5707963267948966,
  "phase_iter": 30,
  "robustness": {
    "sigma_1p0": {
      "average_fidelity": 0.9110127963964356,
      "average_gate_fidelity": 0.8887659954955445,
      "fidelity_variance": 0.001014995383603162,
      "num_samples": 60,
      "sigma_mhz": 1.0
    }
  }
}