{
  "alpha": 0.628,
  "eval_cost": 1.1028531791570408,
  "eval_fidelity": 0.9405776315683201,
  "eval_leakage": 0.005171861043884468,
  "eval_plan_path": "runs\\runtime\\gamma_1.570796\\alpha_0.628000\\plans\\iter_000064_control_plan.npz",
  "eval_time_ns": 180.0,
  "gamma": 1.5707963267948966,
  "phase_iter": 64,
  "robustness": {
    "sigma_1p0": {
      "average_fidelity": 0.9047290274317117,
      "average_gate_fidelity": 0.8809112842896397,
      "fidelity_variance": 0.0015080073264203448,
      "num_samples": 60,
      "sigma_mhz": 1.0
    }
  }
}