{
  "alpha": 0.628,
  "eval_cost": 1.1092112266362846,
  "eval_fidelity": 0.9383548018638012,
  "eval_leakage": 0.0049964100320001115,
  "eval_plan_path": "runs\\runtime\\gamma_1.570796\\alpha_0.628000\\plans\\iter_000086_control_plan.npz",
  "eval_time_ns": 180.0,
  "gamma": 1.5707963267948966,
  "phase_iter": 86,
  "robustness": {
    "sigma_1p0": {
      "average_fidelity": 0.9009927841416634,
      "average_gate_fidelity": 0.8762409801770794,
      "fidelity_variance": 0.0012781204508246849,
      "num_samples": 60,
      "sigma_mhz": 1.0
    }
  }
}