{
  "alpha": 0.628,
  "eval_cost": 1.1244314539077398,
  "eval_fidelity": 0.9375617742849317,
  "eval_leakage": 0.004963070139835938,
  "eval_plan_path": "runs\\runtime\\gamma_1.570796\\alpha_0.628000\\plans\\iter_000084_control_plan.npz",
  "eval_time_ns": 180.0,
  "gamma": 1.5707963267948966,
  "phase_iter": 84,
  "robustness": {
    "sigma_1p0": {
      "average_fidelity": 0.8982197728572974,
      "average_gate_fidelity": 0.8727747160716218,
      "fidelity_variance": 0.0011142137249888064,
      "num_samples": 60,
      "sigma_mhz": 1.0
    }
  }
}