{
  "alpha": 0.628,
  "eval_cost": 1.0162004048432283,
  "eval_fidelity": 0.9443474007646777,
  "eval_leakage": 0.004982850747632774,
  "eval_plan_path": "runs\\runtime\\gamma_1.570796\\alpha_0.628000\\plans\\iter_000034_control_plan.npz",
  "eval_time_ns": 180.0,
  "gamma": 1.5707963267948966,
  "phase_iter": 34,
  "robustness": {
    "sigma_1p0": {
      "average_fidelity": 0.9074809864256299,
      "average_gate_fidelity": 0.8843512330320376,
      "fidelity_variance": 0.001554670448000251,
      "num_samples": 60,
      "sigma_mhz": 1.0
    }
  }
}