{
  "alpha": 0.628,
  "eval_cost": 1.2710290309379157,
  "eval_fidelity": 0.9167725258618039,
  "eval_leakage": 0.005033235098288618,
  "eval_plan_path": "runs\\runtime\\gamma_1.570796\\alpha_0.628000\\plans\\iter_000003_control_plan.npz",
  "eval_time_ns": 180.0,
  "gamma": 1.5707963267948966,
  "phase_iter": 3,
  "robustness": {
    "sigma_1p0": {
      "average_fidelity": 0.8886820245994091,
      "average_gate_fidelity": 0.8608525307492613,
      "fidelity_variance": 0.0015675090905471923,
      "num_samples": 60,
      "sigma_mhz": 1.0
    }
  }
}