{
  "alpha": 0.628,
  "eval_cost": 1.1047796854650023,
  "eval_fidelity": 0.9359124754874611,
  "eval_leakage": 0.005054805343645995,
  "eval_plan_path": "runs\\runtime\\gamma_1.570796\\alpha_0.628000\\plans\\iter_000094_control_plan.npz",
  "eval_time_ns": 180.0,
  "gamma": 1.5707963267948966,
  "phase_iter": 94,
  "robustness": {
    "sigma_1p0": {
      "average_fidelity": 0.8996629028431672,
      "average_gate_fidelity": 0.874578628553959,
      "fidelity_variance": 0.001723581740649869,
      "num_samples": 60,
      "sigma_mhz": 1.0
    }
  }
}