{
  "alpha": 0.628,
  "eval_cost": 0.8849575695823368,
  "eval_fidelity": 0.9578753160821103,
  "eval_leakage": 0.00500512926768985,
  "eval_plan_path": "runs\\runtime\\gamma_1.570796\\alpha_0.628000\\plans\\iter_000036_control_plan.npz",
  "eval_time_ns": 180.0,
  "gamma": 1.5707963267948966,
  "phase_iter": 36,
  "robustness": {
    "sigma_1p0": {
      "average_fidelity": 0.9173867321782931,
      "average_gate_fidelity": 0.8967334152228664,
      "fidelity_variance": 0.0010557767487642537,
      "num_samples": 60,
      "sigma_mhz": 1.0
    }
  }
}