{
  "alpha": 0.628,
  "eval_cost": 0.8895086175432094,
  "eval_fidelity": 0.9557077769149088,
  "eval_leakage": 0.005115960086738635,
  "eval_plan_path": "runs\\runtime\\gamma_1.570796\\alpha_0.628000\\plans\\iter_000010_control_plan.npz",
  "eval_time_ns": 180.0,
  "gamma": 1.5707963267948966,
  "phase_iter": 10,
  "robustness": {
    "sigma_1p0": {
      "average_fidelity": 0.9205014817177309,
      "average_gate_fidelity": 0.9006268521471636,
      "fidelity_variance": 0.001519394999018543,
      "num_samples": 60,
      "sigma_mhz": 1.0
    }
  }
}