{
  "alpha": 0.628,
  "eval_cost": 0.8950282392279646,
  "eval_fidelity": 0.9557326439261832,
  "eval_leakage": 0.005253286971327682,
  "eval_plan_path": "runs\\runtime\\gamma_1.570796\\alpha_0.628000\\plans\\iter_000020_control_plan.npz",
  "eval_time_ns": 180.0,
  "gamma": 1.5707963267948966,
  "phase_iter": 20,
  "robustness": {
    "sigma_1p0": {
      "average_fidelity": 0.9180331030570891,
      "average_gate_fidelity": 0.8975413788213615,
      "fidelity_variance": 0.0008780156305525361,
      "num_samples": 60,
      "sigma_mhz": 1.0
    }
  }
}