{
  "alpha": 0.628,
  "eval_cost": 1.128120988011805,
  "eval_fidelity": 0.9333555040646676,
  "eval_leakage": 0.005034205173849703,
  "eval_plan_path": "runs\\runtime\\gamma_1.570796\\alpha_0.628000\\plans\\iter_000093_control_plan.npz",
  "eval_time_ns": 180.0,
  "gamma": 1.5707963267948966,
  "phase_iter": 93,
  "robustness": {
    "sigma_1p0": {
      "average_fidelity": 0.9039719510740825,
      "average_gate_fidelity": 0.8799649388426027,
      "fidelity_variance": 0.0018952443739850729,
      "num_samples": 60,
      "sigma_mhz": 1.0
    }
  }
}