{
  "alpha": 0.628,
  "eval_cost": 1.1157656249249122,
  "eval_fidelity": 0.9388708197353791,
  "eval_leakage": 0.005020274462939185,
  "eval_plan_path": "runs\\runtime\\gamma_1.570796\\alpha_0.628000\\plans\\iter_000080_control_plan.npz",
  "eval_time_ns": 180.0,
  "gamma": 1.5707963267948966,
  "phase_iter": 80,
  "robustness": {
    "sigma_1p0": {
      "average_fidelity": 0.9085121459166969,
      "average_gate_fidelity": 0.8856401823958714,
      "fidelity_variance": 0.000962905046716016,
      "num_samples": 60,
      "sigma_mhz": 1.0
    }
  }
}