{
  "alpha": 0.628,
  "eval_cost": 1.0421845643932044,
  "eval_fidelity": 0.9497032158252214,
  "eval_leakage": 0.005126233719429431,
  "eval_plan_path": "runs\\runtime\\gamma_1.570796\\alpha_0.628000\\plans\\iter_000043_control_plan.npz",
  "eval_time_ns": 180.0,
  "gamma": 1.5707963267948966,
  "phase_iter": 43,
  "robustness": {
    "sigma_1p0": {
      "average_fidelity": 0.9129047005890158,
      "average_gate_fidelity": 0.8911308757362699,
      "fidelity_variance": 0.0010678407414009936,
      "num_samples": 60,
      "sigma_mhz": 1.0
    }
  }
}