{
  "alpha": 0.628,
  "eval_cost": 0.917303082125489,
  "eval_fidelity": 0.9518433234536879,
  "eval_leakage": 0.005196943164423041,
  "eval_plan_path": "runs\\runtime\\gamma_1.570796\\alpha_0.628000\\plans\\iter_000025_control_plan.npz",
  "eval_time_ns": 180.0,
  "gamma": 1.5707963267948966,
  "phase_iter": 25,
  "robustness": {
    "sigma_1p0": {
      "average_fidelity": 0.9193813385245271,
      "average_gate_fidelity": 0.8992266731556587,
      "fidelity_variance": 0.0013616129293633464,
      "num_samples": 60,
      "sigma_mhz": 1.0
    }
  }
}