{
  "alpha": 0.628,
  "eval_cost": 0.8501570564381857,
  "eval_fidelity": 0.9575073226880503,
  "eval_leakage": 0.0051306604873381295,
  "eval_plan_path": "runs\\runtime\\gamma_1.570796\\alpha_0.628000\\plans\\iter_000005_control_plan.npz",
  "eval_time_ns": 180.0,
  "gamma": 1.5707963267948966,
  "phase_iter": 5,
  "robustness": {
    "sigma_1p0": {
      "average_fidelity": 0.9159578546819811,
      "average_gate_fidelity": 0.8949473183524765,
      "fidelity_variance": 0.0010766649945677706,
      "num_samples": 60,
      "sigma_mhz": 1.0
    }
  }
}