{
  "alpha": 0.628,
  "eval_cost": 0.8741152986117382,
  "eval_fidelity": 0.9576871685896948,
  "eval_leakage": 0.005032758472955909,
  "eval_plan_path": "runs\\runtime\\gamma_1.570796\\alpha_0.628000\\plans\\iter_000038_control_plan.npz",
  "eval_time_ns": 180.0,
  "gamma": 1.5707963267948966,
  "phase_iter": 38,
  "robustness": {
    "sigma_1p0": {
      "average_fidelity": 0.9169068956422294,
      "average_gate_fidelity": 0.8961336195527868,
      "fidelity_variance": 0.0007809950067077695,
      "num_samples": 60,
      "sigma_mhz": 1.0
    }
  }
}