{
  "alpha": 0.628,
  "eval_cost": 0.808360170939918,
  "eval_fidelity": 0.9628984167076003,
  "eval_leakage": 0.0051685390098903,
  "eval_plan_path": "runs\\runtime\\gamma_1.570796\\alpha_0.628000\\plans\\iter_000009_control_plan.npz",
  "eval_time_ns": 180.0,
  "gamma": 1.5707963267948966,
  "phase_iter": 9,
  "robustness": {
    "sigma_1p0": {
      "average_fidelity": 0.9210564771713661,
      "average_gate_fidelity": 0.9013205964642076,
      "fidelity_variance": 0.00134878924075136,
      "num_samples": 60,
      "sigma_mhz": 1.0
    }
  }
}