{
  "alpha": 0.628,
  "eval_cost": 1.1565573621849605,
  "eval_fidelity": 0.9363177711216347,
  "eval_leakage": 0.005000874427816705,
  "eval_plan_path": "runs\\runtime\\gamma_1.570796\\alpha_0.628000\\plans\\iter_000078_control_plan.npz",
  "eval_time_ns": 180.0,
  "gamma": 1.5707963267948966,
  "phase_iter": 78,
  "robustness": {
    "sigma_1p0": {
      "average_fidelity": 0.9046230008832643,
      "average_gate_fidelity": 0.8807787511040802,
      "fidelity_variance": 0.0011077407784867424,
      "num_samples": 60,
      "sigma_mhz": 1.0
    }
  }
}