{
  "alpha": 0.628,
  "eval_cost": 1.1032890033645277,
  "eval_fidelity": 0.937527309584451,
  "eval_leakage": 0.004945106557279366,
  "eval_plan_path": "runs\\runtime\\gamma_1.570796\\alpha_0.628000\\plans\\iter_000088_control_plan.npz",
  "eval_time_ns": 180.0,
  "gamma": 1.5707963267948966,
  "phase_iter": 88,
  "robustness": {
    "sigma_1p0": {
      "average_fidelity": 0.8980271188437299,
      "average_gate_fidelity": 0.8725338985546623,
      "fidelity_variance": 0.0016266482288495342,
      "num_samples": 60,
      "sigma_mhz": 1.0
    }
  }
}