{
  "alpha": 0.628,
  "eval_cost": 1.1500860204878385,
  "eval_fidelity": 0.9367511635415849,
  "eval_leakage": 0.005159150461122989,
  "eval_plan_path": "runs\\runtime\\gamma_1.570796\\alpha_0.628000\\plans\\iter_000066_control_plan.npz",
  "eval_time_ns": 180.0,
  "gamma": 1.5707963267948966,
  "phase_iter": 66,
  "robustness": {
    "sigma_1p0": {
      "average_fidelity": 0.8999667234442015,
      "average_gate_fidelity": 0.8749584043052518,
      "fidelity_variance": 0.00128094274624701,
      "num_samples": 60,
      "sigma_mhz": 1.0
    }
  }
}