{
  "alpha": 0.628,
  "eval_cost": 1.146356938288641,
  "eval_fidelity": 0.9408822124955749,
  "eval_leakage": 0.00513839742146759,
  "eval_plan_path": "runs\\runtime\\gamma_1.570796\\alpha_0.628000\\plans\\iter_000048_control_plan.npz",
  "eval_time_ns": 180.0,
  "gamma": 1.5707963267948966,
  "phase_iter": 48,
  "robustness": {
    "sigma_1p0": {
      "average_fidelity": 0.908383799543983,
      "average_gate_fidelity": 0.8854797494299788,
      "fidelity_variance": 0.001526825540356199,
      "num_samples": 60,
      "sigma_mhz": 1.0
    }
  }
}