{
  "alpha": 0.628,
  "eval_cost": 0.9630259348575704,
  "eval_fidelity": 0.9531229947646582,
  "eval_leakage": 0.00523546639891555,
  "eval_plan_path": "runs\\runtime\\gamma_1.570796\\alpha_0.628000\\plans\\iter_000017_control_plan.npz",
  "eval_time_ns": 180.0,
  "gamma": 1.5707963267948966,
  "phase_iter": 17,
  "robustness": {
    "sigma_1p0": {
      "average_fidelity": 0.9158594829774938,
      "average_gate_fidelity": 0.8948243537218675,
      "fidelity_variance": 0.0011578283886626874,
      "num_samples": 60,
      "sigma_mhz": 1.0
    }
  }
}