{
  "alpha": 0.628,
  "eval_cost": 0.9898128328318115,
  "eval_fidelity": 0.9463358771119433,
  "eval_leakage": 0.005099347371144979,
  "eval_plan_path": "runs\\runtime\\gamma_1.570796\\alpha_0.628000\\plans\\iter_000029_control_plan.npz",
  "eval_time_ns": 180.0,
  "gamma": 1.5707963267948966,
  "phase_iter": 29,
  "robustness": {
    "sigma_1p0": {
      "average_fidelity": 0.9095190407440872,
      "average_gate_fidelity": 0.8868988009301088,
      "fidelity_variance": 0.0011565493804917594,
      "num_samples": 60,
      "sigma_mhz": 1.0
    }
  }
}