{
  "alpha": 0.628,
  "eval_cost": 1.0026916476356633,
  "eval_fidelity": 0.9461522398586495,
  "eval_leakage": 0.005115590913422119,
  "eval_plan_path": "runs\\runtime\\gamma_1.570796\\alpha_0.628000\\plans\\iter_000028_control_plan.npz",
  "eval_time_ns": 180.0,
  "gamma": 1.5707963267948966,
  "phase_iter": 28,
  "robustness": {
    "sigma_1p0": {
      "average_fidelity": 0.9025619779219554,
      "average_gate_fidelity": 0.8782024724024443,
      "fidelity_variance": 0.0010062851837107463,
      "num_samples": 60,
      "sigma_mhz": 1.0
    }
  }
}