{
  "alpha": 0.628,
  "eval_cost": 1.0922358653222273,
  "eval_fidelity": 0.9395630089344501,
  "eval_leakage": 0.00514174554078813,
  "eval_plan_path": "runs\\runtime\\gamma_1.570796\\alpha_0.628000\\plans\\iter_000061_control_plan.npz",
  "eval_time_ns": 180.0,
  "gamma": 1.5707963267948966,
  "phase_iter": 61,
  "robustness": {
    "sigma_1p0": {
      "average_fidelity": 0.9101375044652305,
      "average_gate_fidelity": 0.8876718805815378,
      "fidelity_variance": 0.0012390559485398187,
      "num_samples": 60,
      "sigma_mhz": 1.0
    }
  }
}