{
  "alpha": 0.628,
  "eval_cost": 1.1149190593936948,
  "eval_fidelity": 0.9379993027794739,
  "eval_leakage": 0.0050558952239911185,
  "eval_plan_path": "runs\\runtime\\gamma_1.570796\\alpha_0.628000\\plans\\iter_000072_control_plan.npz",
  "eval_time_ns": 180.0,
  "gamma": 1.5707963267948966,
  "phase_iter": 72,
  "robustness": {
    "sigma_1p0": {
      "average_fidelity": 0.8981106893275588,
      "average_gate_fidelity": 0.8726383616594483,
      "fidelity_variance": 0.0014610456302882097,
      "num_samples": 60,
      "sigma_mhz": 1.0
    }
  }
}