{
  "alpha": 0.628,
  "eval_cost": 1.072263172674038,
  "eval_fidelity": 0.9433929498328373,
  "eval_leakage": 0.005128296917566417,
  "eval_plan_path": "runs\\runtime\\gamma_1.570796\\alpha_0.628000\\plans\\iter_000052_control_plan.npz",
  "eval_time_ns": 180.0,
  "gamma": 1.5707963267948966,
  "phase_iter": 52,
  "robustness": {
    "sigma_1p0": {
      "average_fidelity": 0.8995214392537889,
      "average_gate_fidelity": 0.8744017990672359,
      "fidelity_variance": 0.0013702961067781935,
      "num_samples": 60,
      "sigma_mhz": 1.0
    }
  }
}