{
  "alpha": 0.628,
  "eval_cost": 1.2141646990084274,
  "eval_fidelity": 0.9328389037188922,
  "eval_leakage": 0.00496283957541607,
  "eval_plan_path": "runs\\runtime\\gamma_1.570796\\alpha_0.628000\\plans\\iter_000075_control_plan.npz",
  "eval_time_ns": 180.0,
  "gamma": 1.5707963267948966,
  "phase_iter": 75,
  "robustness": {
    "sigma_1p0": {
      "average_fidelity": 0.8952686284328412,
      "average_gate_fidelity": 0.8690857855410514,
      "fidelity_variance": 0.0017930008767172386,
      "num_samples": 60,
      "sigma_mhz": 1.0
    }
  }
}