{
  "alpha": 0.628,
  "eval_cost": 1.0946083506846946,
  "eval_fidelity": 0.9426836265672806,
  "eval_leakage": 0.005153446956938184,
  "eval_plan_path": "runs\\runtime\\gamma_1.570796\\alpha_0.628000\\plans\\iter_000050_control_plan.npz",
  "eval_time_ns": 180.0,
  "gamma": 1.5707963267948966,
  "phase_iter": 50,
  "robustness": {
    "sigma_1p0": {
      "average_fidelity": 0.9147459147575487,
      "average_gate_fidelity": 0.893432393446936,
      "fidelity_variance": 0.0011278704315756019,
      "num_samples": 60,
      "sigma_mhz": 1.0
    }
  }
}