{
  "alpha": 0.628,
  "eval_cost": 1.0718023137433526,
  "eval_fidelity": 0.940555432256673,
  "eval_leakage": 0.0051208778369165025,
  "eval_plan_path": "runs\\runtime\\gamma_1.570796\\alpha_0.628000\\plans\\iter_000069_control_plan.npz",
  "eval_time_ns": 180.0,
  "gamma": 1.5707963267948966,
  "phase_iter": 69,
  "robustness": {
    "sigma_1p0": {
      "average_fidelity": 0.9065229332544874,
      "average_gate_fidelity": 0.8831536665681095,
      "fidelity_variance": 0.0015937983663262228,
      "num_samples": 60,
      "sigma_mhz": 1.0
    }
  }
}