{
  "alpha": 0.628,
  "eval_cost": 1.00096341282909,
  "eval_fidelity": 0.9452949895413806,
  "eval_leakage": 0.00510193632867038,
  "eval_plan_path": "runs\\runtime\\gamma_1.570796\\alpha_0.628000\\plans\\iter_000031_control_plan.npz",
  "eval_time_ns": 180.0,
  "gamma": 1.5707963267948966,
  "phase_iter": 31,
  "robustness": {
    "sigma_1p0": {
      "average_fidelity": 0.9126173917042408,
      "average_gate_fidelity": 0.8907717396303013,
      "fidelity_variance": 0.0009538582673818228,
      "num_samples": 60,
      "sigma_mhz": 1.0
    }
  }
}