{
  "alpha": 0.628,
  "eval_cost": 1.160319472565175,
  "eval_fidelity": 0.9361434973112062,
  "eval_leakage": 0.005000887975531175,
  "eval_plan_path": "runs\\runtime\\gamma_1.570796\\alpha_0.628000\\plans\\iter_000074_control_plan.npz",
  "eval_time_ns": 180.0,
  "gamma": 1.5707963267948966,
  "phase_iter": 74,
  "robustness": {
    "sigma_1p0": {
      "average_fidelity": 0.9053682065154164,
      "average_gate_fidelity": 0.8817102581442704,
      "fidelity_variance": 0.0009510292808777242,
      "num_samples": 60,
      "sigma_mhz": 1.0
    }
  }
}