{
  "alpha": 0.628,
  "eval_cost": 1.0550664694498686,
  "eval_fidelity": 0.9406997417081915,
  "eval_leakage": 0.005170458588122129,
  "eval_plan_path": "runs\\runtime\\gamma_1.570796\\alpha_0.628000\\plans\\iter_000022_control_plan.npz",
  "eval_time_ns": 180.0,
  "gamma": 1.5707963267948966,
  "phase_iter": 22,
  "robustness": {
    "sigma_1p0": {
      "average_fidelity": 0.8981236957625953,
      "average_gate_fidelity": 0.8726546197032441,
      "fidelity_variance": 0.0013466872744118889,
      "num_samples": 60,
      "sigma_mhz": 1.0
    }
  }
}