{
  "alpha": 0.628,
  "eval_cost": 1.1359912909069165,
  "eval_fidelity": 0.9384134859185875,
  "eval_leakage": 0.005026458715524157,
  "eval_plan_path": "runs\\runtime\\gamma_1.570796\\alpha_0.628000\\plans\\iter_000045_control_plan.npz",
  "eval_time_ns": 180.0,
  "gamma": 1.5707963267948966,
  "phase_iter": 45,
  "robustness": {
    "sigma_1p0": {
      "average_fidelity": 0.9089199846790232,
      "average_gate_fidelity": 0.8861499808487792,
      "fidelity_variance": 0.0012126986649487294,
      "num_samples": 60,
      "sigma_mhz": 1.0
    }
  }
}