{
  "alpha": 0.628,
  "eval_cost": 1.189562534745451,
  "eval_fidelity": 0.9338242559379831,
  "eval_leakage": 0.004990689059609993,
  "eval_plan_path": "runs\\runtime\\gamma_1.570796\\alpha_0.628000\\plans\\iter_000076_control_plan.npz",
  "eval_time_ns": 180.0,
  "gamma": 1.5707963267948966,
  "phase_iter": 76,
  "robustness": {
    "sigma_1p0": {
      "average_fidelity": 0.9046445162860999,
      "average_gate_fidelity": 0.8808056453576246,
      "fidelity_variance": 0.0012533033269806237,
      "num_samples": 60,
      "sigma_mhz": 1.0
    }
  }
}