{
  "alpha": 0.628,
  "eval_cost": 0.9391117457543217,
  "eval_fidelity": 0.9507672340805959,
  "eval_leakage": 0.005268796985647796,
  "eval_plan_path": "runs\\runtime\\gamma_1.570796\\alpha_0.628000\\plans\\iter_000023_control_plan.npz",
  "eval_time_ns": 180.0,
  "gamma": 1.5707963267948966,
  "phase_iter": 23,
  "robustness": {
    "sigma_1p0": {
      "average_fidelity": 0.911860077620299,
      "average_gate_fidelity": 0.8898250970253737,
      "fidelity_variance": 0.0011303133289838174,
      "num_samples": 60,
      "sigma_mhz": 1.0
    }
  }
}