{
  "alpha": 0.628,
  "eval_cost": 1.0107351105366247,
  "eval_fidelity": 0.9433885506523796,
  "eval_leakage": 0.005039630869905546,
  "eval_plan_path": "runs\\runtime\\gamma_1.570796\\alpha_0.628000\\plans\\iter_000097_control_plan.npz",
  "eval_time_ns": 180.0,
  "gamma": 1.5707963267948966,
  "phase_iter": 97,
  "robustness": {
    "sigma_1p0": {
      "average_fidelity": 0.9124330214310792,
      "average_gate_fidelity": 0.8905412767888488,
      "fidelity_variance": 0.0008348652416319317,
      "num_samples": 60,
      "sigma_mhz": 1.0
    }
  }
}