{
  "alpha": 0.628,
  "eval_cost": 1.1023097265440827,
  "eval_fidelity": 0.9383654774652329,
  "eval_leakage": 0.0049826710172517115,
  "eval_plan_path": "runs\\runtime\\gamma_1.570796\\alpha_0.628000\\plans\\iter_000087_control_plan.npz",
  "eval_time_ns": 180.0,
  "gamma": 1.5707963267948966,
  "phase_iter": 87,
  "robustness": {
    "sigma_1p0": {
      "average_fidelity": 0.9028577512390754,
      "average_gate_fidelity": 0.8785721890488442,
      "fidelity_variance": 0.0014148779362248927,
      "num_samples": 60,
      "sigma_mhz": 1.0
    }
  }
}