{
  "alpha": 0.628,
  "eval_cost": 0.8654817101653705,
  "eval_fidelity": 0.9607725900212489,
  "eval_leakage": 0.005215675901119806,
  "eval_plan_path": "runs\\runtime\\gamma_1.570796\\alpha_0.628000\\plans\\iter_000013_control_plan.npz",
  "eval_time_ns": 180.0,
  "gamma": 1.5707963267948966,
  "phase_iter": 13,
  "robustness": {
    "sigma_1p0": {
      "average_fidelity": 0.9227904412332353,
      "average_gate_fidelity": 0.9034880515415441,
      "fidelity_variance": 0.0009863795673115282,
      "num_samples": 60,
      "sigma_mhz": 1.0
    }
  }
}