{
  "alpha": 0.628,
  "eval_cost": 0.9595357059903178,
  "eval_fidelity": 0.9533779238386167,
  "eval_leakage": 0.0052075299002608275,
  "eval_plan_path": "runs\\runtime\\gamma_1.570796\\alpha_0.628000\\plans\\iter_000016_control_plan.npz",
  "eval_time_ns": 180.0,
  "gamma": 1.5707963267948966,
  "phase_iter": 16,
  "robustness": {
    "sigma_1p0": {
      "average_fidelity": 0.9127930933958677,
      "average_gate_fidelity": 0.8909913667448348,
      "fidelity_variance": 0.0013621337131586293,
      "num_samples": 60,
      "sigma_mhz": 1.0
    }
  }
}