{
  "alpha": 0.628,
  "eval_cost": 0.9738941169669929,
  "eval_fidelity": 0.9518913315483165,
  "eval_leakage": 0.005063813946900918,
  "eval_plan_path": "runs\\runtime\\gamma_1.570796\\alpha_0.628000\\plans\\iter_000041_control_plan.npz",
  "eval_time_ns": 180.0,
  "gamma": 1.5707963267948966,
  "phase_iter": 41,
  "robustness": {
    "sigma_1p0": {
      "average_fidelity": 0.9159399797004547,
      "average_gate_fidelity": 0.8949249746255681,
      "fidelity_variance": 0.0009127106688118534,
      "num_samples": 60,
      "sigma_mhz": 1.0
    }
  }
}