{
  "alpha": 0.628,
  "eval_cost": 1.1316902517616687,
  "eval_fidelity": 0.9369372672262793,
  "eval_leakage": 0.004971495985915052,
  "eval_plan_path": "runs\\runtime\\gamma_1.570796\\alpha_0.628000\\plans\\iter_000085_control_plan.npz",
  "eval_time_ns": 180.0,
  "gamma": 1.5707963267948966,
  "phase_iter": 85,
  "robustness": {
    "sigma_1p0": {
      "average_fidelity": 0.904867651025453,
      "average_gate_fidelity": 0.881084563781816,
      "fidelity_variance": 0.0016359157236811132,
      "num_samples": 60,
      "sigma_mhz": 1.0
    }
  }
}