{
  "alpha": 0.628,
  "eval_cost": 0.844421728671436,
  "eval_fidelity": 0.961203004191585,
  "eval_leakage": 0.005196579756739413,
  "eval_plan_path": "runs\\runtime\\gamma_1.570796\\alpha_0.628000\\plans\\iter_000011_control_plan.npz",
  "eval_time_ns": 180.0,
  "gamma": 1.5707963267948966,
  "phase_iter": 11,
  "robustness": {
    "sigma_1p0": {
      "average_fidelity": 0.9175673526417276,
      "average_gate_fidelity": 0.8969591908021594,
      "fidelity_variance": 0.0014158523595772918,
      "num_samples": 60,
      "sigma_mhz": 1.0
    }
  }
}