{
  "alpha": 0.628,
  "eval_cost": 0.9893848283060741,
  "eval_fidelity": 0.9492072496654615,
  "eval_leakage": 0.0051794059714223165,
  "eval_plan_path": "runs\\runtime\\gamma_1.570796\\alpha_0.628000\\plans\\iter_000053_control_plan.npz",
  "eval_time_ns": 180.0,
  "gamma": 1.5707963267948966,
  "phase_iter": 53,
  "robustness": {
    "sigma_1p0": {
      "average_fidelity": 0.9156790940717485,
      "average_gate_fidelity": 0.8945988675896857,
      "fidelity_variance": 0.0009965446137741051,
      "num_samples": 60,
      "sigma_mhz": 1.0
    }
  }
}