{
  "alpha": 0.628,
  "eval_cost": 0.9365921544371213,
  "eval_fidelity": 0.9504661841035698,
  "eval_leakage": 0.005016764241198118,
  "eval_plan_path": "runs\\runtime\\gamma_1.570796\\alpha_0.628000\\plans\\iter_000035_control_plan.npz",
  "eval_time_ns": 180.0,
  "gamma": 1.5707963267948966,
  "phase_iter": 35,
  "robustness": {
    "sigma_1p0": {
      "average_fidelity": 0.9093503033246375,
      "average_gate_fidelity": 0.8866878791557968,
      "fidelity_variance": 0.0010561465019981527,
      "num_samples": 60,
      "sigma_mhz": 1.0
    }
  }
}