{
  "alpha": 0.628,
  "eval_cost": 1.0741269934819844,
  "eval_fidelity": 0.942681434906166,
  "eval_leakage": 0.005232602481513851,
  "eval_plan_path": "runs\\runtime\\gamma_1.570796\\alpha_0.628000\\plans\\iter_000058_control_plan.npz",
  "eval_time_ns": 180.0,
  "gamma": 1.5707963267948966,
  "phase_iter": 58,
  "robustness": {
    "sigma_1p0": {
      "average_fidelity": 0.9049583074364297,
      "average_gate_fidelity": 0.8811978842955369,
      "fidelity_variance": 0.0010685396196734045,
      "num_samples": 60,
      "sigma_mhz": 1.0
    }
  }
}