{
  "alpha": 0.628,
  "eval_cost": 1.1212445359824024,
  "eval_fidelity": 0.9383945476382548,
  "eval_leakage": 0.0052036230374122375,
  "eval_plan_path": "runs\\runtime\\gamma_1.570796\\alpha_0.628000\\plans\\iter_000059_control_plan.npz",
  "eval_time_ns": 180.0,
  "gamma": 1.5707963267948966,
  "phase_iter": 59,
  "robustness": {
    "sigma_1p0": {
      "average_fidelity": 0.9048461290320479,
      "average_gate_fidelity": 0.88105766129006,
      "fidelity_variance": 0.0014328209705069205,
      "num_samples": 60,
      "sigma_mhz": 1.0
    }
  }
}