{
  "alpha": 0.628,
  "eval_cost": 1.1804578912495374,
  "eval_fidelity": 0.9335706897548512,
  "eval_leakage": 0.005156767657694706,
  "eval_plan_path": "runs\\runtime\\gamma_1.570796\\alpha_0.628000\\plans\\iter_000065_control_plan.npz",
  "eval_time_ns": 180.0,
  "gamma": 1.5707963267948966,
  "phase_iter": 65,
  "robustness": {
    "sigma_1p0": {
      "average_fidelity": 0.8983447859318586,
      "average_gate_fidelity": 0.8729309824148234,
      "fidelity_variance": 0.0013162607461667253,
      "num_samples": 60,
      "sigma_mhz": 1.0
    }
  }
}