{
  "alpha": 0.628,
  "eval_cost": 1.0481732973902371,
  "eval_fidelity": 0.9414069037568891,
  "eval_leakage": 0.004976528905536757,
  "eval_plan_path": "runs\\runtime\\gamma_1.570796\\alpha_0.628000\\plans\\iter_000089_control_plan.npz",
  "eval_time_ns": 180.0,
  "gamma": 1.5707963267948966,
  "phase_iter": 89,
  "robustness": {
    "sigma_1p0": {
      "average_fidelity": 0.9053558167210949,
      "average_gate_fidelity": 0.8816947709013685,
      "fidelity_variance": 0.0018271581211703543,
      "num_samples": 60,
      "sigma_mhz": 1.0
    }
  }
}