{
  "alpha": 0.628,
  "eval_cost": 1.1657745445955887,
  "eval_fidelity": 0.934871613645693,
  "eval_leakage": 0.005138142416022505,
  "eval_plan_path": "runs\\runtime\\gamma_1.570796\\alpha_0.628000\\plans\\iter_000067_control_plan.npz",
  "eval_time_ns": 180.0,
  "gamma": 1.5707963267948966,
  "phase_iter": 67,
  "robustness": {
    "sigma_1p0": {
      "average_fidelity": 0.9010438070446839,
      "average_gate_fidelity": 0.8763047588058549,
      "fidelity_variance": 0.0014313955254904572,
      "num_samples": 60,
      "sigma_mhz": 1.0
    }
  }
}