{
  "alpha": 2.2,
  "eval_cost": 0.19381251950279665,
  "eval_fidelity": 0.9929958214977783,
  "eval_leakage": 0.0002602482063534088,
  "eval_plan_path": "runs\\cost_function_sweep\\trpo\\a-2p2__g-pi_2__kl-0p005__tc-0p15__std-m1p0__dt-2p0__mt-180p0__chi-5p0__beta-10p0__mu-0p1__kappa-0p05\\seed_2\\plans\\iter_000004_control_plan.npz",
  "eval_time_ns": 180.0,
  "gamma": 1.5707963267948966,
  "iteration": 4,
  "robustness": {
    "sigma_1p0": {
      "average_fidelity": 0.9430559067706114,
      "average_gate_fidelity": 0.9288198834632644,
      "fidelity_variance": 0.0006205891506947551,
      "num_samples": 60,
      "sigma_mhz": 1.0
    }
  }
}