{
  "alpha": 2.041,
  "eval_cost": 3.569972476451233,
  "eval_fidelity": 0.6869462000166077,
  "eval_leakage": 0.006089969693554186,
  "eval_plan_path": "runs\\runtime\\gamma_1.570796\\alpha_2.041000\\plans\\iter_000001_control_plan.npz",
  "eval_time_ns": 180.0,
  "gamma": 1.5707963267948966,
  "phase_iter": 1,
  "robustness": {
    "sigma_1p0": {
      "average_fidelity": 0.7196389579403253,
      "average_gate_fidelity": 0.6495486974254067,
      "fidelity_variance": 0.0026686081247334513,
      "num_samples": 60,
      "sigma_mhz": 1.0
    }
  }
}