{
  "alpha": 2.041,
  "eval_cost": 2.353017688268462,
  "eval_fidelity": 0.804530238116472,
  "eval_leakage": 0.006545323431379511,
  "eval_plan_path": "runs\\runtime\\gamma_1.570796\\alpha_2.041000\\plans\\iter_000011_control_plan.npz",
  "eval_time_ns": 180.0,
  "gamma": 1.5707963267948966,
  "phase_iter": 11,
  "robustness": {
    "sigma_1p0": {
      "average_fidelity": 0.8017905343255318,
      "average_gate_fidelity": 0.7522381679069149,
      "fidelity_variance": 0.0033286419536023215,
      "num_samples": 60,
      "sigma_mhz": 1.0
    }
  }
}