{
  "alpha": 2.041,
  "eval_cost": 2.559079093222211,
  "eval_fidelity": 0.7840151373222495,
  "eval_leakage": 0.006598157015644018,
  "eval_plan_path": "runs\\runtime\\gamma_1.570796\\alpha_2.041000\\plans\\iter_000004_control_plan.npz",
  "eval_time_ns": 180.0,
  "gamma": 1.5707963267948966,
  "phase_iter": 4,
  "robustness": {
    "sigma_1p0": {
      "average_fidelity": 0.7947518282661501,
      "average_gate_fidelity": 0.7434397853326876,
      "fidelity_variance": 0.0025094558591692243,
      "num_samples": 60,
      "sigma_mhz": 1.0
    }
  }
}