{
  "alpha": 2.041,
  "eval_cost": 2.458798126488719,
  "eval_fidelity": 0.7938733929689137,
  "eval_leakage": 0.006651012685905493,
  "eval_plan_path": "runs\\runtime\\gamma_1.570796\\alpha_2.041000\\plans\\iter_000012_control_plan.npz",
  "eval_time_ns": 180.0,
  "gamma": 1.5707963267948966,
  "phase_iter": 12,
  "robustness": {
    "sigma_1p0": {
      "average_fidelity": 0.7969242659158003,
      "average_gate_fidelity": 0.7461553323947504,
      "fidelity_variance": 0.0023026451031544627,
      "num_samples": 60,
      "sigma_mhz": 1.0
    }
  }
}