{
  "alpha": 2.041,
  "eval_cost": 3.055250836801611,
  "eval_fidelity": 0.735715842189702,
  "eval_leakage": 0.006307501490542376,
  "eval_plan_path": "runs\\runtime\\gamma_1.570796\\alpha_2.041000\\plans\\iter_000002_control_plan.npz",
  "eval_time_ns": 180.0,
  "gamma": 1.5707963267948966,
  "phase_iter": 2,
  "robustness": {
    "sigma_1p0": {
      "average_fidelity": 0.7540298319959677,
      "average_gate_fidelity": 0.6925372899949596,
      "fidelity_variance": 0.0028559936901076015,
      "num_samples": 60,
      "sigma_mhz": 1.0
    }
  }
}