{
  "alpha": 2.041,
  "eval_cost": 2.722545458991932,
  "eval_fidelity": 0.7686350167094265,
  "eval_leakage": 0.0065744960514340775,
  "eval_plan_path": "runs\\runtime\\gamma_1.570796\\alpha_2.041000\\plans\\iter_000005_control_plan.npz",
  "eval_time_ns": 180.0,
  "gamma": 1.5707963267948966,
  "phase_iter": 5,
  "robustness": {
    "sigma_1p0": {
      "average_fidelity": 0.7884529997318047,
      "average_gate_fidelity": 0.735566249664756,
      "fidelity_variance": 0.0022870591893393607,
      "num_samples": 60,
      "sigma_mhz": 1.0
    }
  }
}