{
  "alpha": 2.041,
  "eval_cost": 2.581172408435437,
  "eval_fidelity": 0.7831464663105396,
  "eval_leakage": 0.006545143523564108,
  "eval_plan_path": "runs\\runtime\\gamma_1.570796\\alpha_2.041000\\plans\\iter_000006_control_plan.npz",
  "eval_time_ns": 180.0,
  "gamma": 1.5707963267948966,
  "phase_iter": 6,
  "robustness": {
    "sigma_1p0": {
      "average_fidelity": 0.786082189111573,
      "average_gate_fidelity": 0.7326027363894662,
      "fidelity_variance": 0.0022669578938462704,
      "num_samples": 60,
      "sigma_mhz": 1.0
    }
  }
}