{
  "alpha": 2.041,
  "eval_cost": 2.3574170782854154,
  "eval_fidelity": 0.8039206738168201,
  "eval_leakage": 0.006675249379345301,
  "eval_plan_path": "runs\\runtime\\gamma_1.570796\\alpha_2.041000\\plans\\iter_000013_control_plan.npz",
  "eval_time_ns": 180.0,
  "gamma": 1.5707963267948966,
  "phase_iter": 13,
  "robustness": {
    "sigma_1p0": {
      "average_fidelity": 0.8048925280335792,
      "average_gate_fidelity": 0.7561156600419741,
      "fidelity_variance": 0.0025231064421476785,
      "num_samples": 60,
      "sigma_mhz": 1.0
    }
  }
}