{
  "alpha": 2.041,
  "eval_cost": 2.9356443341387717,
  "eval_fidelity": 0.746350676484931,
  "eval_leakage": 0.006548524311625952,
  "eval_plan_path": "runs\\runtime\\gamma_1.570796\\alpha_2.041000\\plans\\iter_000003_control_plan.npz",
  "eval_time_ns": 180.0,
  "gamma": 1.5707963267948966,
  "phase_iter": 3,
  "robustness": {
    "sigma_1p0": {
      "average_fidelity": 0.7610584434046588,
      "average_gate_fidelity": 0.7013230542558235,
      "fidelity_variance": 0.0034291390699020727,
      "num_samples": 60,
      "sigma_mhz": 1.0
    }
  }
}