{
  "alpha": 2.041,
  "eval_cost": 2.279002629587497,
  "eval_fidelity": 0.8103079430655223,
  "eval_leakage": 0.00653436009751428,
  "eval_plan_path": "runs\\runtime\\gamma_1.570796\\alpha_2.041000\\plans\\iter_000019_control_plan.npz",
  "eval_time_ns": 180.0,
  "gamma": 1.5707963267948966,
  "phase_iter": 19,
  "robustness": {
    "sigma_1p0": {
      "average_fidelity": 0.8049104081992378,
      "average_gate_fidelity": 0.7561380102490473,
      "fidelity_variance": 0.002432744993853933,
      "num_samples": 60,
      "sigma_mhz": 1.0
    }
  }
}