{
  "alpha": 2.041,
  "eval_cost": 2.4197648254600574,
  "eval_fidelity": 0.7978202569864785,
  "eval_leakage": 0.006489506508402484,
  "eval_plan_path": "runs\\runtime\\gamma_1.570796\\alpha_2.041000\\plans\\iter_000014_control_plan.npz",
  "eval_time_ns": 180.0,
  "gamma": 1.5707963267948966,
  "phase_iter": 14,
  "robustness": {
    "sigma_1p0": {
      "average_fidelity": 0.7918981345623815,
      "average_gate_fidelity": 0.7398726682029769,
      "fidelity_variance": 0.0027597911256645904,
      "num_samples": 60,
      "sigma_mhz": 1.0
    }
  }
}