{
  "alpha": 2.041,
  "eval_cost": 2.1328709077555668,
  "eval_fidelity": 0.8276428587486325,
  "eval_leakage": 0.00666667518756244,
  "eval_plan_path": "runs\\runtime\\gamma_1.570796\\alpha_2.041000\\plans\\iter_000009_control_plan.npz",
  "eval_time_ns": 180.0,
  "gamma": 1.5707963267948966,
  "phase_iter": 9,
  "robustness": {
    "sigma_1p0": {
      "average_fidelity": 0.8180872189427273,
      "average_gate_fidelity": 0.7726090236784091,
      "fidelity_variance": 0.0026407902194538974,
      "num_samples": 60,
      "sigma_mhz": 1.0
    }
  }
}