{
  "alpha": 2.2,
  "eval_cost": 4.640551907992649,
  "eval_fidelity": 0.7789145220437947,
  "eval_leakage": 0.000100139190744122,
  "eval_plan_path": "runs\\cost_function_sweep\\trpo\\a-2p2_6b6606af\\seed_2\\plans\\iter_000001_control_plan.npz",
  "eval_time_ns": 180.0,
  "gamma": 1.5707963267948966,
  "iteration": 1,
  "robustness": {
    "sigma_1p0": {
      "average_fidelity": 0.7900280815886019,
      "average_gate_fidelity": 0.7375351019857525,
      "fidelity_variance": 0.0030560950705253364,
      "num_samples": 60,
      "sigma_mhz": 1.0
    }
  }
}