{
  "alpha": 2.2,
  "eval_cost": 0.9600124566661673,
  "eval_fidelity": 0.9647239722425852,
  "eval_leakage": 0.00015826976289966754,
  "eval_plan_path": "runs\\cost_function_sweep\\trpo\\a-2p2_6b6606af\\seed_2\\plans\\iter_000002_control_plan.npz",
  "eval_time_ns": 180.0,
  "gamma": 1.5707963267948966,
  "iteration": 2,
  "robustness": {
    "sigma_1p0": {
      "average_fidelity": 0.9202442818052007,
      "average_gate_fidelity": 0.9003053522565007,
      "fidelity_variance": 0.0011973803938024098,
      "num_samples": 60,
      "sigma_mhz": 1.0
    }
  }
}