{
  "alpha": 2.2,
  "eval_cost": 0.754047475847282,
  "eval_fidelity": 0.9737167045069872,
  "eval_leakage": 0.00033271520477638257,
  "eval_plan_path": "runs\\cost_function_sweep\\trpo\\a-2p2_6b6606af\\seed_2\\plans\\iter_000005_control_plan.npz",
  "eval_time_ns": 180.0,
  "gamma": 1.5707963267948966,
  "iteration": 5,
  "robustness": {
    "sigma_1p0": {
      "average_fidelity": 0.9293451991863245,
      "average_gate_fidelity": 0.9116814989829058,
      "fidelity_variance": 0.0011476446698699808,
      "num_samples": 60,
      "sigma_mhz": 1.0
    }
  }
}