{
  "alpha": 2.2,
  "eval_cost": 1.7169452476728435,
  "eval_fidelity": 0.7006389191631386,
  "eval_leakage": 0.00011300754409662853,
  "eval_plan_path": "runs\\cost_function_sweep\\trpo\\a-2p2_c4c500cd\\seed_1\\plans\\iter_000001_control_plan.npz",
  "eval_time_ns": 180.0,
  "gamma": 1.5707963267948966,
  "iteration": 1,
  "robustness": {
    "sigma_1p0": {
      "average_fidelity": 0.7275547451948644,
      "average_gate_fidelity": 0.6594434314935803,
      "fidelity_variance": 0.005189740458559136,
      "num_samples": 60,
      "sigma_mhz": 1.0
    }
  }
}