{
  "alpha": 2.2,
  "eval_cost": 1.1461541357578535,
  "eval_fidelity": 0.8403927730223684,
  "eval_leakage": 0.0003921245530638986,
  "eval_plan_path": "runs\\cost_function_sweep\\trpo\\a-2p2_c7e8dd91\\seed_1\\plans\\iter_000005_control_plan.npz",
  "eval_time_ns": 180.0,
  "gamma": 1.5707963267948966,
  "iteration": 5,
  "robustness": {
    "sigma_1p0": {
      "average_fidelity": 0.8239182031005993,
      "average_gate_fidelity": 0.7798977538757489,
      "fidelity_variance": 0.003646962650044513,
      "num_samples": 60,
      "sigma_mhz": 1.0
    }
  }
}