{
  "alpha": 2.2,
  "eval_cost": 1.869327323308932,
  "eval_fidelity": 0.700157450898402,
  "eval_leakage": 0.00011297991446774234,
  "eval_plan_path": "runs\\cost_function_sweep\\trpo\\a-2p2_c7e8dd91\\seed_1\\plans\\iter_000001_control_plan.npz",
  "eval_time_ns": 180.0,
  "gamma": 1.5707963267948966,
  "iteration": 1,
  "robustness": {
    "sigma_1p0": {
      "average_fidelity": 0.7271971375552201,
      "average_gate_fidelity": 0.658996421944025,
      "fidelity_variance": 0.0051921555688790475,
      "num_samples": 60,
      "sigma_mhz": 1.0
    }
  }
}