{
  "alpha": 2.2,
  "eval_cost": 1.1380265496783535,
  "eval_fidelity": 0.8334832268820846,
  "eval_leakage": 0.000228973647188492,
  "eval_plan_path": "runs\\cost_function_sweep\\trpo\\a-2p2_c7e8dd91\\seed_1\\plans\\iter_000003_control_plan.npz",
  "eval_time_ns": 180.0,
  "gamma": 1.5707963267948966,
  "iteration": 3,
  "robustness": {
    "sigma_1p0": {
      "average_fidelity": 0.818388313774248,
      "average_gate_fidelity": 0.7729853922178102,
      "fidelity_variance": 0.0044002923191911545,
      "num_samples": 60,
      "sigma_mhz": 1.0
    }
  }
}