{
  "alpha": 0.9,
  "best_horizon_ns": 60.0,
  "gamma": 1.5707963267948966,
  "robustness": {
    "sigma_1p0": {
      "average_fidelity": 0.9591599405257031,
      "average_gate_fidelity": 0.9489499256571287,
      "fidelity_variance": 0.00035794774824392543,
      "num_samples": 60,
      "sigma_mhz": 1.0
    }
  }
}