{
  "alpha": 0.0,
  "eval_cost": 4.036260341861015,
  "eval_fidelity": 0.6356820393679734,
  "eval_leakage": 0.0037052871013157113,
  "eval_plan_path": "runs/curriculum_gamma_pi2_alpha_2p2_thr038_test\\gamma_1.570796\\alpha_0.000000\\plans\\iter_000063_control_plan.npz",
  "eval_time_ns": 180.0,
  "gamma": 1.5707963267948966,
  "phase_iter": 63,
  "robustness": {
    "sigma_1p0": {
      "average_fidelity": 0.6800471508477574,
      "average_gate_fidelity": 0.6000589385596966,
      "fidelity_variance": 0.0032848608493477507,
      "num_samples": 60,
      "sigma_mhz": 1.0
    }
  }
}