{
  "alpha": 0.0,
  "eval_cost": 1.5182272869595934,
  "eval_fidelity": 0.8824351899692228,
  "eval_leakage": 0.0038157290362759184,
  "eval_plan_path": "runs\\curriculum_gamma_pi2_alpha_2p2_thr038_test\\gamma_1.570796\\alpha_0.000000\\plans\\iter_000052_control_plan.npz",
  "eval_time_ns": 180.0,
  "gamma": 1.5707963267948966,
  "phase_iter": 52,
  "robustness": {
    "sigma_1p0": {
      "average_fidelity": 0.8617235885866749,
      "average_gate_fidelity": 0.8271544857333435,
      "fidelity_variance": 0.0013734312169257337,
      "num_samples": 60,
      "sigma_mhz": 1.0
    }
  }
}