{
  "alpha": 0.0,
  "eval_cost": 7.525558627470048,
  "eval_fidelity": 0.359991636929803,
  "eval_leakage": 0.002118147840496955,
  "eval_plan_path": "runs/curriculum_gamma_pi2_alpha_2p2_thr038_test\\gamma_1.570796\\alpha_0.000000\\plans\\iter_000028_control_plan.npz",
  "eval_time_ns": 180.0,
  "gamma": 1.5707963267948966,
  "phase_iter": 28,
  "robustness": {
    "sigma_1p0": {
      "average_fidelity": 0.4708940907518986,
      "average_gate_fidelity": 0.3386176134398732,
      "fidelity_variance": 0.002657571147140514,
      "num_samples": 60,
      "sigma_mhz": 1.0
    }
  }
}