{
  "alpha": 0.0,
  "eval_cost": 6.075239992361936,
  "eval_fidelity": 0.4299589986746582,
  "eval_leakage": 0.004186250436226123,
  "eval_plan_path": "runs/curriculum_gamma_pi2_alpha_2p2_thr038_test\\gamma_1.570796\\alpha_0.000000\\plans\\iter_000081_control_plan.npz",
  "eval_time_ns": 180.0,
  "gamma": 1.5707963267948966,
  "phase_iter": 81,
  "robustness": {
    "sigma_1p0": {
      "average_fidelity": 0.522224105583,
      "average_gate_fidelity": 0.40278013197875,
      "fidelity_variance": 0.0025703908084760974,
      "num_samples": 60,
      "sigma_mhz": 1.0
    }
  }
}