{
  "alpha": 0.0,
  "eval_cost": 1.1288038492880414,
  "eval_fidelity": 0.9243531544307215,
  "eval_leakage": 0.003870109331423401,
  "eval_plan_path": "runs\\curriculum_gamma_pi2_alpha_2p2_thr038_test\\gamma_1.570796\\alpha_0.000000\\plans\\iter_000051_control_plan.npz",
  "eval_time_ns": 180.0,
  "gamma": 1.5707963267948966,
  "phase_iter": 51,
  "robustness": {
    "sigma_1p0": {
      "average_fidelity": 0.8777956259851909,
      "average_gate_fidelity": 0.8472445324814885,
      "fidelity_variance": 0.001773090017354423,
      "num_samples": 60,
      "sigma_mhz": 1.0
    }
  }
}