{
  "alpha": 0.0,
  "eval_cost": 6.2286678310068355,
  "eval_fidelity": 0.4181919052743631,
  "eval_leakage": 0.004127285857382463,
  "eval_plan_path": "runs/curriculum_gamma_pi2_alpha_2p2_thr038_test\\gamma_1.570796\\alpha_0.000000\\plans\\iter_000082_control_plan.npz",
  "eval_time_ns": 180.0,
  "gamma": 1.5707963267948966,
  "phase_iter": 82,
  "robustness": {
    "sigma_1p0": {
      "average_fidelity": 0.5083457130698189,
      "average_gate_fidelity": 0.3854321413372737,
      "fidelity_variance": 0.0022806094562456704,
      "num_samples": 60,
      "sigma_mhz": 1.0
    }
  }
}