{
  "alpha": 0.0,
  "eval_cost": 7.583782302881597,
  "eval_fidelity": 0.27840643345909283,
  "eval_leakage": 0.0013806545474936858,
  "eval_plan_path": "runs/curriculum_gamma_pi2_alpha_2p2_thr038_test\\gamma_1.570796\\alpha_0.000000\\plans\\iter_000018_control_plan.npz",
  "eval_time_ns": 180.0,
  "gamma": 1.5707963267948966,
  "phase_iter": 18,
  "robustness": {
    "sigma_1p0": {
      "average_fidelity": 0.41772453455021186,
      "average_gate_fidelity": 0.27215566818776493,
      "fidelity_variance": 0.001992024191711901,
      "num_samples": 60,
      "sigma_mhz": 1.0
    }
  }
}