{
  "alpha": 0.0,
  "eval_cost": 1.7996156207105194,
  "eval_fidelity": 0.8546079397841216,
  "eval_leakage": 0.0038600920981396165,
  "eval_plan_path": "runs\\curriculum_gamma_pi2_alpha_2p2_thr038_test\\gamma_1.570796\\alpha_0.000000\\plans\\iter_000053_control_plan.npz",
  "eval_time_ns": 180.0,
  "gamma": 1.5707963267948966,
  "phase_iter": 53,
  "robustness": {
    "sigma_1p0": {
      "average_fidelity": 0.845717077084343,
      "average_gate_fidelity": 0.8071463463554288,
      "fidelity_variance": 0.001996001508199642,
      "num_samples": 60,
      "sigma_mhz": 1.0
    }
  }
}