{
  "alpha": 0.0,
  "eval_cost": 6.339879854434116,
  "eval_fidelity": 0.40705843371254985,
  "eval_leakage": 0.004266535223315276,
  "eval_plan_path": "runs/curriculum_gamma_pi2_alpha_2p2_thr038_test\\gamma_1.570796\\alpha_0.000000\\plans\\iter_000083_control_plan.npz",
  "eval_time_ns": 180.0,
  "gamma": 1.5707963267948966,
  "phase_iter": 83,
  "robustness": {
    "sigma_1p0": {
      "average_fidelity": 0.5068691736454769,
      "average_gate_fidelity": 0.383586467056846,
      "fidelity_variance": 0.0025028060697825424,
      "num_samples": 60,
      "sigma_mhz": 1.0
    }
  }
}