{
  "alpha": 0.0,
  "eval_cost": 3.232714255588312,
  "eval_fidelity": 0.7545323254951265,
  "eval_leakage": 0.001960804606657909,
  "eval_plan_path": "runs/curriculum_gamma_pi2_alpha_2p2_thr038_test\\gamma_1.570796\\alpha_0.000000\\plans\\iter_000025_control_plan.npz",
  "eval_time_ns": 180.0,
  "gamma": 1.5707963267948966,
  "phase_iter": 25,
  "robustness": {
    "sigma_1p0": {
      "average_fidelity": 0.7757063862203669,
      "average_gate_fidelity": 0.7196329827754585,
      "fidelity_variance": 0.0026878221337597956,
      "num_samples": 60,
      "sigma_mhz": 1.0
    }
  }
}