{
  "alpha": 2.2,
  "eval_cost": 0.38278442055472023,
  "eval_fidelity": 0.9867753141871844,
  "eval_leakage": 0.0008457878809134922,
  "eval_plan_path": "runs/trpo_nominal_alpha_2.2_gamma_pi2_10k_episodes_.4ct\\plans\\iter_000027_control_plan.npz",
  "eval_time_ns": 94.0,
  "gamma": 1.5707963267948966,
  "iteration": 27,
  "robustness": {
    "sigma_1p0": {
      "average_fidelity": 0.9614603123449474,
      "average_gate_fidelity": 0.9518253904311844,
      "fidelity_variance": 0.0003646490041401864,
      "num_samples": 60,
      "sigma_mhz": 1.0
    }
  }
}