{
  "alpha": 2.2,
  "eval_cost": 0.38506817102615504,
  "eval_fidelity": 0.9855033864450413,
  "eval_leakage": 0.0012527161121117473,
  "eval_plan_path": "runs/trpo_nominal_alpha_2.2_gamma_pi2_10k_episodes_.4ct\\plans\\iter_000091_control_plan.npz",
  "eval_time_ns": 96.0,
  "gamma": 1.5707963267948966,
  "iteration": 91,
  "robustness": {
    "sigma_1p0": {
      "average_fidelity": 0.9576856300388938,
      "average_gate_fidelity": 0.947107037548617,
      "fidelity_variance": 0.000491987691802772,
      "num_samples": 60,
      "sigma_mhz": 1.0
    }
  }
}