{
  "alpha": 2.2,
  "eval_cost": 0.3940748023357924,
  "eval_fidelity": 0.9873537927221455,
  "eval_leakage": 0.0011863657719835493,
  "eval_plan_path": "runs/trpo_nominal_alpha_2.2_gamma_pi2_10k_episodes_.4ct\\plans\\iter_000076_control_plan.npz",
  "eval_time_ns": 92.0,
  "gamma": 1.5707963267948966,
  "iteration": 76,
  "robustness": {
    "sigma_1p0": {
      "average_fidelity": 0.9598183965077567,
      "average_gate_fidelity": 0.9497729956346959,
      "fidelity_variance": 0.0003964251758251555,
      "num_samples": 60,
      "sigma_mhz": 1.0
    }
  }
}