{
  "alpha": 2.2,
  "eval_cost": 0.3852722587531649,
  "eval_fidelity": 0.985690777971222,
  "eval_leakage": 0.001163820826709529,
  "eval_plan_path": "runs/trpo_nominal_alpha_2.2_gamma_pi2_10k_episodes_.4ct\\plans\\iter_000074_control_plan.npz",
  "eval_time_ns": 96.0,
  "gamma": 1.5707963267948966,
  "iteration": 74,
  "robustness": {
    "sigma_1p0": {
      "average_fidelity": 0.9622468411781752,
      "average_gate_fidelity": 0.952808551472719,
      "fidelity_variance": 0.00023982251877174816,
      "num_samples": 60,
      "sigma_mhz": 1.0
    }
  }
}