{
  "alpha": 2.2,
  "eval_cost": 0.3822319678698007,
  "eval_fidelity": 0.9874832363182161,
  "eval_leakage": 0.0010195952198863102,
  "eval_plan_path": "runs/trpo_nominal_alpha_2.2_gamma_pi2_10k_episodes_.4ct\\plans\\iter_000042_control_plan.npz",
  "eval_time_ns": 96.0,
  "gamma": 1.5707963267948966,
  "iteration": 42,
  "robustness": {
    "sigma_1p0": {
      "average_fidelity": 0.9626752474804351,
      "average_gate_fidelity": 0.9533440593505437,
      "fidelity_variance": 0.0002993904463305988,
      "num_samples": 60,
      "sigma_mhz": 1.0
    }
  }
}