{
  "alpha": 2.2,
  "eval_cost": 0.39739725494253897,
  "eval_fidelity": 0.9862169317139906,
  "eval_leakage": 0.0012378639536356983,
  "eval_plan_path": "runs/trpo_nominal_alpha_2.2_gamma_pi2_10k_episodes_.4ct\\plans\\iter_000084_control_plan.npz",
  "eval_time_ns": 92.0,
  "gamma": 1.5707963267948966,
  "iteration": 84,
  "robustness": {
    "sigma_1p0": {
      "average_fidelity": 0.9620454926461438,
      "average_gate_fidelity": 0.9525568658076797,
      "fidelity_variance": 0.0002529312976037174,
      "num_samples": 60,
      "sigma_mhz": 1.0
    }
  }
}