{
  "alpha": 2.2,
  "eval_cost": 0.3895926312225785,
  "eval_fidelity": 0.9854166604124845,
  "eval_leakage": 0.0013793212898707697,
  "eval_plan_path": "runs/trpo_nominal_alpha_2.2_gamma_pi2_10k_episodes_.4ct\\plans\\iter_000060_control_plan.npz",
  "eval_time_ns": 104.0,
  "gamma": 1.5707963267948966,
  "iteration": 60,
  "robustness": {
    "sigma_1p0": {
      "average_fidelity": 0.9590416845233914,
      "average_gate_fidelity": 0.9488021056542392,
      "fidelity_variance": 0.0004304634709673328,
      "num_samples": 60,
      "sigma_mhz": 1.0
    }
  }
}