{
  "alpha": 2.2,
  "eval_cost": 0.3833490562942387,
  "eval_fidelity": 0.9876122116166366,
  "eval_leakage": 0.0011353271197167062,
  "eval_plan_path": "runs/trpo_nominal_alpha_2.2_gamma_pi2_10k_episodes_.4ct\\plans\\iter_000075_control_plan.npz",
  "eval_time_ns": 94.0,
  "gamma": 1.5707963267948966,
  "iteration": 75,
  "robustness": {
    "sigma_1p0": {
      "average_fidelity": 0.964011525322232,
      "average_gate_fidelity": 0.9550144066527897,
      "fidelity_variance": 0.0002389214283996148,
      "num_samples": 60,
      "sigma_mhz": 1.0
    }
  }
}