{
  "alpha": 2.2,
  "eval_cost": 0.3927623803440832,
  "eval_fidelity": 0.9832529100357216,
  "eval_leakage": 0.0011173786758777377,
  "eval_plan_path": "runs/trpo_nominal_alpha_2.2_gamma_pi2_10k_episodes_.4ct\\plans\\iter_000039_control_plan.npz",
  "eval_time_ns": 98.0,
  "gamma": 1.5707963267948966,
  "iteration": 39,
  "robustness": {
    "sigma_1p0": {
      "average_fidelity": 0.9580640290427214,
      "average_gate_fidelity": 0.9475800363034017,
      "fidelity_variance": 0.00025469133964550484,
      "num_samples": 60,
      "sigma_mhz": 1.0
    }
  }
}