{
  "alpha": 2.2,
  "eval_cost": 0.39880739439174673,
  "eval_fidelity": 0.9820768246542128,
  "eval_leakage": 0.0011456901236770326,
  "eval_plan_path": "runs/trpo_nominal_alpha_2.2_gamma_pi2_10k_episodes_.4ct\\plans\\iter_000037_control_plan.npz",
  "eval_time_ns": 108.0,
  "gamma": 1.5707963267948966,
  "iteration": 37,
  "robustness": {
    "sigma_1p0": {
      "average_fidelity": 0.9574933742104188,
      "average_gate_fidelity": 0.9468667177630236,
      "fidelity_variance": 0.0004128001339038503,
      "num_samples": 60,
      "sigma_mhz": 1.0
    }
  }
}