{
  "alpha": 2.2,
  "eval_cost": 0.3938255681595859,
  "eval_fidelity": 0.9848700789535271,
  "eval_leakage": 0.0013545828456536758,
  "eval_plan_path": "runs/trpo_nominal_alpha_2.2_gamma_pi2_10k_episodes_.4ct\\plans\\iter_000051_control_plan.npz",
  "eval_time_ns": 102.0,
  "gamma": 1.5707963267948966,
  "iteration": 51,
  "robustness": {
    "sigma_1p0": {
      "average_fidelity": 0.9570746587773915,
      "average_gate_fidelity": 0.9463433234717396,
      "fidelity_variance": 0.00043212109363429123,
      "num_samples": 60,
      "sigma_mhz": 1.0
    }
  }
}