{
  "alpha": 2.2,
  "eval_cost": 0.4959330016413046,
  "eval_fidelity": 0.9887558915667033,
  "eval_leakage": 0.0023591630518791052,
  "eval_plan_path": "runs\\nominal_clean\\plans\\iter_000106_control_plan.npz",
  "eval_time_ns": 180.0,
  "gamma": 1.5707963267948966,
  "iteration": 106,
  "robustness": {
    "sigma_1p0": {
      "average_fidelity": 0.9464407138022676,
      "average_gate_fidelity": 0.9330508922528347,
      "fidelity_variance": 0.0005109070233647908,
      "num_samples": 60,
      "sigma_mhz": 1.0
    }
  }
}