{
  "alpha": 2.2,
  "eval_cost": 0.6142930224328128,
  "eval_fidelity": 0.9785733598194684,
  "eval_leakage": 0.002360299675364071,
  "eval_plan_path": "runs\\nominal_clean\\plans\\iter_000102_control_plan.npz",
  "eval_time_ns": 180.0,
  "gamma": 1.5707963267948966,
  "iteration": 102,
  "robustness": {
    "sigma_1p0": {
      "average_fidelity": 0.9384052355361509,
      "average_gate_fidelity": 0.9230065444201887,
      "fidelity_variance": 0.0005913511403435983,
      "num_samples": 60,
      "sigma_mhz": 1.0
    }
  }
}