{
  "alpha": 2.2,
  "eval_cost": 0.2987122268893594,
  "eval_fidelity": 0.9952444552984302,
  "eval_leakage": 0.0017012449589075326,
  "eval_plan_path": "runs\\nominal_clean\\plans\\iter_000109_control_plan.npz",
  "eval_time_ns": 124.0,
  "gamma": 1.5707963267948966,
  "iteration": 109,
  "robustness": {
    "sigma_1p0": {
      "average_fidelity": 0.9585353182499688,
      "average_gate_fidelity": 0.948169147812461,
      "fidelity_variance": 0.00042992098916576127,
      "num_samples": 60,
      "sigma_mhz": 1.0
    }
  }
}