{
  "alpha": 2.2,
  "eval_cost": 0.38380296012261694,
  "eval_fidelity": 0.985143009788771,
  "eval_leakage": 0.000564351541255202,
  "eval_plan_path": "runs/trpo_nominal_alpha_2.2_gamma_pi2_10k_episodes_.4ct\\plans\\iter_000016_control_plan.npz",
  "eval_time_ns": 94.0,
  "gamma": 1.5707963267948966,
  "iteration": 16,
  "robustness": {
    "sigma_1p0": {
      "average_fidelity": 0.957826839018773,
      "average_gate_fidelity": 0.9472835487734661,
      "fidelity_variance": 0.00022094026537867767,
      "num_samples": 60,
      "sigma_mhz": 1.0
    }
  }
}