{
  "alpha": 2.2,
  "eval_cost": 0.3959195940518243,
  "eval_fidelity": 0.9802701035813628,
  "eval_leakage": 0.0009363816031490237,
  "eval_plan_path": "runs/trpo_nominal_alpha_2.2_gamma_pi2_10k_episodes_.4ct\\plans\\iter_000028_control_plan.npz",
  "eval_time_ns": 102.0,
  "gamma": 1.5707963267948966,
  "iteration": 28,
  "robustness": {
    "sigma_1p0": {
      "average_fidelity": 0.9536209270791783,
      "average_gate_fidelity": 0.942026158848973,
      "fidelity_variance": 0.0005121443716050704,
      "num_samples": 60,
      "sigma_mhz": 1.0
    }
  }
}