{
  "alpha": 2.2,
  "eval_cost": 0.39881796132472025,
  "eval_fidelity": 0.9835176579119288,
  "eval_leakage": 0.0011335096714474775,
  "eval_plan_path": "runs/trpo_nominal_alpha_2.2_gamma_pi2_10k_episodes_.4ct\\plans\\iter_000041_control_plan.npz",
  "eval_time_ns": 100.0,
  "gamma": 1.5707963267948966,
  "iteration": 41,
  "robustness": {
    "sigma_1p0": {
      "average_fidelity": 0.958446114572804,
      "average_gate_fidelity": 0.9480576432160049,
      "fidelity_variance": 0.0004049892278392168,
      "num_samples": 60,
      "sigma_mhz": 1.0
    }
  }
}