{
  "alpha": 2.2,
  "eval_cost": 0.38542384719529793,
  "eval_fidelity": 0.9855639575501016,
  "eval_leakage": 0.0012966112945367253,
  "eval_plan_path": "runs/trpo_nominal_alpha_2.2_gamma_pi2_10k_episodes_.4ct\\plans\\iter_000100_control_plan.npz",
  "eval_time_ns": 96.0,
  "gamma": 1.5707963267948966,
  "iteration": 100,
  "robustness": {
    "sigma_1p0": {
      "average_fidelity": 0.9574526145057564,
      "average_gate_fidelity": 0.9468157681321953,
      "fidelity_variance": 0.0003720153818191841,
      "num_samples": 60,
      "sigma_mhz": 1.0
    }
  }
}