{
  "alpha": 2.2,
  "eval_cost": 1.6142094936153586,
  "eval_fidelity": 0.9263972870517433,
  "eval_leakage": 0.00018346921388283333,
  "eval_plan_path": "runs\\cost_function_sweep\\trpo\\a-2p2_dc7e8ba1\\seed_2\\plans\\iter_000002_control_plan.npz",
  "eval_time_ns": 180.0,
  "gamma": 1.5707963267948966,
  "iteration": 2,
  "robustness": {
    "sigma_1p0": {
      "average_fidelity": 0.8907850231445045,
      "average_gate_fidelity": 0.8634812789306305,
      "fidelity_variance": 0.001893321674394799,
      "num_samples": 60,
      "sigma_mhz": 1.0
    }
  }
}