{
  "alpha": 2.2,
  "eval_cost": 1.2686596460571922,
  "eval_fidelity": 0.9881320851226099,
  "eval_leakage": 0.00032434648941853347,
  "eval_plan_path": "runs\\cost_function_sweep\\trpo\\a-2p2_dc7e8ba1\\seed_2\\plans\\iter_000005_control_plan.npz",
  "eval_time_ns": 180.0,
  "gamma": 1.5707963267948966,
  "iteration": 5,
  "robustness": {
    "sigma_1p0": {
      "average_fidelity": 0.9381829431583318,
      "average_gate_fidelity": 0.9227286789479145,
      "fidelity_variance": 0.0007278605139825357,
      "num_samples": 60,
      "sigma_mhz": 1.0
    }
  }
}