{
  "alpha": 2.2,
  "eval_cost": 1.4083698919650653,
  "eval_fidelity": 0.8409157961182179,
  "eval_leakage": 0.00014534893209311055,
  "eval_plan_path": "runs\\cost_function_sweep\\trpo\\a-2p2__g-pi_2__kl-0p005__tc-0p15__std-m1p0__dt-2p0__mt-180p0__chi-5p0__beta-10p0__mu-0p4__kappa-0p2\\seed_2\\plans\\iter_000003_control_plan.npz",
  "eval_time_ns": 180.0,
  "gamma": 1.5707963267948966,
  "iteration": 3,
  "robustness": {
    "sigma_1p0": {
      "average_fidelity": 0.8221725683620456,
      "average_gate_fidelity": 0.777715710452557,
      "fidelity_variance": 0.003911687556901792,
      "num_samples": 60,
      "sigma_mhz": 1.0
    }
  }
}