{
  "alpha": 2.2,
  "eval_cost": 0.627470718910408,
  "eval_fidelity": 0.9968820436126995,
  "eval_leakage": 0.0003949482433168234,
  "eval_plan_path": "runs\\cost_function_sweep\\trpo\\a-2p2__g-pi_2__kl-0p005__tc-0p15__std-m1p0__dt-2p0__mt-180p0__chi-5p0__beta-10p0__mu-0p1__kappa-0p2\\seed_1\\plans\\iter_000004_control_plan.npz",
  "eval_time_ns": 180.0,
  "gamma": 1.5707963267948966,
  "iteration": 4,
  "robustness": {
    "sigma_1p0": {
      "average_fidelity": 0.946643205010648,
      "average_gate_fidelity": 0.9333040062633099,
      "fidelity_variance": 0.0004895811137096832,
      "num_samples": 60,
      "sigma_mhz": 1.0
    }
  }
}