{
  "alpha": 2.2,
  "eval_cost": 0.6686669091475886,
  "eval_fidelity": 0.9885111464974384,
  "eval_leakage": 0.00032153776712753293,
  "eval_plan_path": "runs\\cost_function_sweep\\trpo\\a-2p2_3780f18e\\seed_2\\plans\\iter_000005_control_plan.npz",
  "eval_time_ns": 180.0,
  "gamma": 1.5707963267948966,
  "iteration": 5,
  "robustness": {
    "sigma_1p0": {
      "average_fidelity": 0.9385165403289264,
      "average_gate_fidelity": 0.923145675411158,
      "fidelity_variance": 0.0007203493384235247,
      "num_samples": 60,
      "sigma_mhz": 1.0
    }
  }
}