{
  "alpha": 2.2,
  "eval_cost": 0.6446502574849415,
  "eval_fidelity": 0.993011008597058,
  "eval_leakage": 0.00026216677923833855,
  "eval_plan_path": "runs\\cost_function_sweep\\trpo\\a-2p2_3780f18e\\seed_2\\plans\\iter_000004_control_plan.npz",
  "eval_time_ns": 180.0,
  "gamma": 1.5707963267948966,
  "iteration": 4,
  "robustness": {
    "sigma_1p0": {
      "average_fidelity": 0.9430457682874462,
      "average_gate_fidelity": 0.9288072103593076,
      "fidelity_variance": 0.0006212965740777463,
      "num_samples": 60,
      "sigma_mhz": 1.0
    }
  }
}