{
  "alpha": 2.2,
  "eval_cost": 0.9379994963144592,
  "eval_fidelity": 0.96105745737957,
  "eval_leakage": 0.0012983260485228193,
  "eval_plan_path": "runs/trpo_nominal_alpha_2.2_gamma_pi2_10k_episodes\\plans\\iter_000019_control_plan.npz",
  "eval_time_ns": 180.0,
  "gamma": 1.5707963267948966,
  "iteration": 19,
  "robustness": {
    "sigma_1p0": {
      "average_fidelity": 0.9193209740128229,
      "average_gate_fidelity": 0.8991512175160284,
      "fidelity_variance": 0.0009967576949749762,
      "num_samples": 60,
      "sigma_mhz": 1.0
    }
  }
}