{
  "alpha": 2.2,
  "eval_cost": 0.7673874352601744,
  "eval_fidelity": 0.9917454661973307,
  "eval_leakage": 0.0012939394554075962,
  "eval_plan_path": "runs/trpo_nominal_alpha_2.2_gamma_pi2_10k_episodes\\plans\\iter_000023_control_plan.npz",
  "eval_time_ns": 180.0,
  "gamma": 1.5707963267948966,
  "iteration": 23,
  "robustness": {
    "sigma_1p0": {
      "average_fidelity": 0.9407854939092035,
      "average_gate_fidelity": 0.9259818673865045,
      "fidelity_variance": 0.0008535283643683311,
      "num_samples": 60,
      "sigma_mhz": 1.0
    }
  }
}