{
  "alpha": 2.2,
  "eval_cost": 3.410846221137315,
  "eval_fidelity": 0.7425067944419935,
  "eval_leakage": 0.0007639751482842498,
  "eval_plan_path": "runs/trpo_nominal_alpha_2.2_gamma_pi2_10k_episodes\\plans\\iter_000008_control_plan.npz",
  "eval_time_ns": 180.0,
  "gamma": 1.5707963267948966,
  "iteration": 8,
  "robustness": {
    "sigma_1p0": {
      "average_fidelity": 0.7584558914319207,
      "average_gate_fidelity": 0.6980698642899009,
      "fidelity_variance": 0.0034003991697545122,
      "num_samples": 60,
      "sigma_mhz": 1.0
    }
  }
}