{
  "alpha": 2.2,
  "eval_cost": 1.4534282881734684,
  "eval_fidelity": 0.8882844429815512,
  "eval_leakage": 0.0009551997576264736,
  "eval_plan_path": "runs/trpo_nominal_alpha_2.2_gamma_pi2_10k_episodes\\plans\\iter_000014_control_plan.npz",
  "eval_time_ns": 180.0,
  "gamma": 1.5707963267948966,
  "iteration": 14,
  "robustness": {
    "sigma_1p0": {
      "average_fidelity": 0.8645602299010853,
      "average_gate_fidelity": 0.8307002873763566,
      "fidelity_variance": 0.0031384349839294226,
      "num_samples": 60,
      "sigma_mhz": 1.0
    }
  }
}