{
  "alpha": 2.2,
  "eval_cost": 0.9714385888318572,
  "eval_fidelity": 0.9910091027243408,
  "eval_leakage": 0.0013880838875753446,
  "eval_plan_path": "runs/trpo_nominal_alpha_2.2_gamma_pi2_10k_episodes\\plans\\iter_000027_control_plan.npz",
  "eval_time_ns": 180.0,
  "gamma": 1.5707963267948966,
  "iteration": 27,
  "robustness": {
    "sigma_1p0": {
      "average_fidelity": 0.9454140975337055,
      "average_gate_fidelity": 0.9317676219171317,
      "fidelity_variance": 0.0007664167776780567,
      "num_samples": 60,
      "sigma_mhz": 1.0
    }
  }
}