{
  "alpha": 2.2,
  "eval_cost": 2.9266984733627357,
  "eval_fidelity": 0.8326727518070594,
  "eval_leakage": 0.0006761449968952983,
  "eval_plan_path": "runs/trpo_nominal_alpha_2.2_gamma_pi2_10k_episodes\\plans\\iter_000004_control_plan.npz",
  "eval_time_ns": 180.0,
  "gamma": 1.5707963267948966,
  "iteration": 4,
  "robustness": {
    "sigma_1p0": {
      "average_fidelity": 0.822096757277384,
      "average_gate_fidelity": 0.7776209465967299,
      "fidelity_variance": 0.0040506602567011,
      "num_samples": 60,
      "sigma_mhz": 1.0
    }
  }
}