{
  "alpha": 2.2,
  "eval_cost": 3.5065369149331325,
  "eval_fidelity": 0.7795640206397533,
  "eval_leakage": 0.0008001783141939066,
  "eval_plan_path": "runs/trpo_nominal_alpha_2.2_gamma_pi2_10k_episodes\\plans\\iter_000005_control_plan.npz",
  "eval_time_ns": 180.0,
  "gamma": 1.5707963267948966,
  "iteration": 5,
  "robustness": {
    "sigma_1p0": {
      "average_fidelity": 0.7819817692754869,
      "average_gate_fidelity": 0.7274772115943585,
      "fidelity_variance": 0.005442109493537534,
      "num_samples": 60,
      "sigma_mhz": 1.0
    }
  }
}