{
  "alpha": 2.2,
  "eval_cost": 2.9873510058316546,
  "eval_fidelity": 0.7596859868574074,
  "eval_leakage": 0.000957624255711759,
  "eval_plan_path": "runs/trpo_nominal_alpha_2.2_gamma_pi2_10k_episodes\\plans\\iter_000010_control_plan.npz",
  "eval_time_ns": 180.0,
  "gamma": 1.5707963267948966,
  "iteration": 10,
  "robustness": {
    "sigma_1p0": {
      "average_fidelity": 0.7765795759464158,
      "average_gate_fidelity": 0.7207244699330196,
      "fidelity_variance": 0.003328775209156441,
      "num_samples": 60,
      "sigma_mhz": 1.0
    }
  }
}