{
  "alpha": 2.2,
  "eval_cost": 2.1156983423225624,
  "eval_fidelity": 0.8210535447370305,
  "eval_leakage": 0.0010832691286918178,
  "eval_plan_path": "runs/trpo_nominal_alpha_2.2_gamma_pi2_10k_episodes\\plans\\iter_000013_control_plan.npz",
  "eval_time_ns": 180.0,
  "gamma": 1.5707963267948966,
  "iteration": 13,
  "robustness": {
    "sigma_1p0": {
      "average_fidelity": 0.820982533138713,
      "average_gate_fidelity": 0.776228166423391,
      "fidelity_variance": 0.0027501067114820577,
      "num_samples": 60,
      "sigma_mhz": 1.0
    }
  }
}