{
  "alpha": 2.2,
  "eval_cost": 0.949497592281182,
  "eval_fidelity": 0.9413210687245503,
  "eval_leakage": 0.0009228661374131363,
  "eval_plan_path": "runs/trpo_nominal_alpha_2.2_gamma_pi2_10k_episodes\\plans\\iter_000016_control_plan.npz",
  "eval_time_ns": 180.0,
  "gamma": 1.5707963267948966,
  "iteration": 16,
  "robustness": {
    "sigma_1p0": {
      "average_fidelity": 0.9073261393326663,
      "average_gate_fidelity": 0.8841576741658328,
      "fidelity_variance": 0.0015118992315679655,
      "num_samples": 60,
      "sigma_mhz": 1.0
    }
  }
}