{
  "alpha": 2.2,
  "eval_cost": 0.6674903650539741,
  "eval_fidelity": 0.9904417102006502,
  "eval_leakage": 0.001727315857292929,
  "eval_plan_path": "runs/trpo_nominal_alpha_2.2_gamma_pi2_10k_episodes\\plans\\iter_000039_control_plan.npz",
  "eval_time_ns": 180.0,
  "gamma": 1.5707963267948966,
  "iteration": 39,
  "robustness": {
    "sigma_1p0": {
      "average_fidelity": 0.9452431356397977,
      "average_gate_fidelity": 0.9315539195497472,
      "fidelity_variance": 0.000669676049424621,
      "num_samples": 60,
      "sigma_mhz": 1.0
    }
  }
}