{
  "alpha": 2.2,
  "eval_cost": 0.8780500009873173,
  "eval_fidelity": 0.9901138181304155,
  "eval_leakage": 0.001363681225615709,
  "eval_plan_path": "runs/trpo_nominal_alpha_2.2_gamma_pi2_10k_episodes\\plans\\iter_000025_control_plan.npz",
  "eval_time_ns": 180.0,
  "gamma": 1.5707963267948966,
  "iteration": 25,
  "robustness": {
    "sigma_1p0": {
      "average_fidelity": 0.943493086056418,
      "average_gate_fidelity": 0.9293663575705224,
      "fidelity_variance": 0.0005893555354017889,
      "num_samples": 60,
      "sigma_mhz": 1.0
    }
  }
}