{
  "alpha": 2.2,
  "eval_cost": 0.6050700023886321,
  "eval_fidelity": 0.9853648778141467,
  "eval_leakage": 0.001814780090977018,
  "eval_plan_path": "runs/trpo_nominal_alpha_2.2_gamma_pi2_10k_episodes\\plans\\iter_000040_control_plan.npz",
  "eval_time_ns": 180.0,
  "gamma": 1.5707963267948966,
  "iteration": 40,
  "robustness": {
    "sigma_1p0": {
      "average_fidelity": 0.9392690902583093,
      "average_gate_fidelity": 0.9240863628228866,
      "fidelity_variance": 0.0009792605670646659,
      "num_samples": 60,
      "sigma_mhz": 1.0
    }
  }
}