{
  "alpha": 2.2,
  "eval_cost": 1.109317196382541,
  "eval_fidelity": 0.9426513003136232,
  "eval_leakage": 0.0010717929247547866,
  "eval_plan_path": "runs/trpo_nominal_alpha_2.2_gamma_pi2_10k_episodes\\plans\\iter_000017_control_plan.npz",
  "eval_time_ns": 180.0,
  "gamma": 1.5707963267948966,
  "iteration": 17,
  "robustness": {
    "sigma_1p0": {
      "average_fidelity": 0.9083440590755925,
      "average_gate_fidelity": 0.8854300738444905,
      "fidelity_variance": 0.0016692139180221413,
      "num_samples": 60,
      "sigma_mhz": 1.0
    }
  }
}