{
  "alpha": 2.2,
  "eval_cost": 1.0099062299385482,
  "eval_fidelity": 0.9853087419692237,
  "eval_leakage": 0.0015358985187323392,
  "eval_plan_path": "runs/trpo_nominal_alpha_2.2_gamma_pi2_10k_episodes\\plans\\iter_000029_control_plan.npz",
  "eval_time_ns": 180.0,
  "gamma": 1.5707963267948966,
  "iteration": 29,
  "robustness": {
    "sigma_1p0": {
      "average_fidelity": 0.9401232748540406,
      "average_gate_fidelity": 0.9251540935675505,
      "fidelity_variance": 0.0008817537298330401,
      "num_samples": 60,
      "sigma_mhz": 1.0
    }
  }
}