{
  "alpha": 2.2,
  "eval_cost": 0.6172148850253131,
  "eval_fidelity": 0.9884901046087283,
  "eval_leakage": 0.0002506771554881326,
  "eval_plan_path": "runs/trpo_nominal_alpha_2.2_gamma_pi2_10k_episodes\\plans\\iter_000001_control_plan.npz",
  "eval_time_ns": 180.0,
  "gamma": 1.5707963267948966,
  "iteration": 1,
  "robustness": {
    "sigma_1p0": {
      "average_fidelity": 0.9414294161898579,
      "average_gate_fidelity": 0.9267867702373221,
      "fidelity_variance": 0.0007985424022041662,
      "num_samples": 60,
      "sigma_mhz": 1.0
    }
  }
}