{
  "alpha": 2.2,
  "eval_cost": 0.5000240553396862,
  "eval_fidelity": 0.9970042407345683,
  "eval_leakage": 0.0016653234736914648,
  "eval_plan_path": "runs/trpo_nominal_alpha_2.2_gamma_pi2_10k_episodes\\plans\\iter_000038_control_plan.npz",
  "eval_time_ns": 180.0,
  "gamma": 1.5707963267948966,
  "iteration": 38,
  "robustness": {
    "sigma_1p0": {
      "average_fidelity": 0.9460919892579714,
      "average_gate_fidelity": 0.9326149865724641,
      "fidelity_variance": 0.0007119527905362991,
      "num_samples": 60,
      "sigma_mhz": 1.0
    }
  }
}