{
  "alpha": 2.2,
  "eval_cost": 2.8844842600175884,
  "eval_fidelity": 0.7805900539656127,
  "eval_leakage": 0.000889936932000822,
  "eval_plan_path": "runs/trpo_nominal_alpha_2.2_gamma_pi2_10k_episodes\\plans\\iter_000009_control_plan.npz",
  "eval_time_ns": 180.0,
  "gamma": 1.5707963267948966,
  "iteration": 9,
  "robustness": {
    "sigma_1p0": {
      "average_fidelity": 0.7965060126602441,
      "average_gate_fidelity": 0.7456325158253051,
      "fidelity_variance": 0.00404588055284337,
      "num_samples": 60,
      "sigma_mhz": 1.0
    }
  }
}