{
  "alpha": 2.2,
  "eval_cost": 1.2731191293758664,
  "eval_fidelity": 0.9067805234095794,
  "eval_leakage": 0.0010198529356741615,
  "eval_plan_path": "runs/trpo_nominal_alpha_2.2_gamma_pi2_10k_episodes\\plans\\iter_000015_control_plan.npz",
  "eval_time_ns": 180.0,
  "gamma": 1.5707963267948966,
  "iteration": 15,
  "robustness": {
    "sigma_1p0": {
      "average_fidelity": 0.8719027493106218,
      "average_gate_fidelity": 0.8398784366382773,
      "fidelity_variance": 0.002750448808950395,
      "num_samples": 60,
      "sigma_mhz": 1.0
    }
  }
}