{
  "alpha": 2.2,
  "eval_cost": 0.8600750509635915,
  "eval_fidelity": 0.99222434066285,
  "eval_leakage": 0.0012572606541349021,
  "eval_plan_path": "runs/trpo_nominal_alpha_2.2_gamma_pi2_10k_episodes\\plans\\iter_000022_control_plan.npz",
  "eval_time_ns": 180.0,
  "gamma": 1.5707963267948966,
  "iteration": 22,
  "robustness": {
    "sigma_1p0": {
      "average_fidelity": 0.9459078159094636,
      "average_gate_fidelity": 0.9323847698868293,
      "fidelity_variance": 0.00057316342731697,
      "num_samples": 60,
      "sigma_mhz": 1.0
    }
  }
}