{
  "alpha": 2.2,
  "eval_cost": 0.7943180635481082,
  "eval_fidelity": 0.9769980725383544,
  "eval_leakage": 0.0011287935235811486,
  "eval_plan_path": "runs/trpo_nominal_alpha_2.2_gamma_pi2_10k_episodes\\plans\\iter_000018_control_plan.npz",
  "eval_time_ns": 180.0,
  "gamma": 1.5707963267948966,
  "iteration": 18,
  "robustness": {
    "sigma_1p0": {
      "average_fidelity": 0.9341348652364275,
      "average_gate_fidelity": 0.9176685815455344,
      "fidelity_variance": 0.0007514991998750924,
      "num_samples": 60,
      "sigma_mhz": 1.0
    }
  }
}