{
  "alpha": 2.2,
  "eval_cost": 2.535471981333303,
  "eval_fidelity": 0.7957495982875166,
  "eval_leakage": 0.0010565698030693814,
  "eval_plan_path": "runs/trpo_nominal_alpha_2.2_gamma_pi2_10k_episodes\\plans\\iter_000011_control_plan.npz",
  "eval_time_ns": 180.0,
  "gamma": 1.5707963267948966,
  "iteration": 11,
  "robustness": {
    "sigma_1p0": {
      "average_fidelity": 0.7937658257424968,
      "average_gate_fidelity": 0.742207282178121,
      "fidelity_variance": 0.002936771942477726,
      "num_samples": 60,
      "sigma_mhz": 1.0
    }
  }
}