{
  "alpha": 2.2,
  "eval_cost": 0.6549278463312532,
  "eval_fidelity": 0.9856250706833278,
  "eval_leakage": 0.0017034343451047815,
  "eval_plan_path": "runs/trpo_nominal_alpha_2.2_gamma_pi2_10k_episodes\\plans\\iter_000035_control_plan.npz",
  "eval_time_ns": 180.0,
  "gamma": 1.5707963267948966,
  "iteration": 35,
  "robustness": {
    "sigma_1p0": {
      "average_fidelity": 0.9407626259504493,
      "average_gate_fidelity": 0.9259532824380615,
      "fidelity_variance": 0.0006419964933734465,
      "num_samples": 60,
      "sigma_mhz": 1.0
    }
  }
}