{
  "alpha": 2.2,
  "eval_cost": 0.47674936379074845,
  "eval_fidelity": 0.9839401628118779,
  "eval_leakage": 0.0005584868259494158,
  "eval_plan_path": "runs/trpo_nominal_alpha_2.2_gamma_pi2_10k_episodes\\plans\\iter_000002_control_plan.npz",
  "eval_time_ns": 180.0,
  "gamma": 1.5707963267948966,
  "iteration": 2,
  "robustness": {
    "sigma_1p0": {
      "average_fidelity": 0.9375052870279614,
      "average_gate_fidelity": 0.9218816087849518,
      "fidelity_variance": 0.0011226376997968373,
      "num_samples": 60,
      "sigma_mhz": 1.0
    }
  }
}