{
  "alpha": 2.2,
  "eval_cost": 0.7623525908401851,
  "eval_fidelity": 0.9837676517560145,
  "eval_leakage": 0.0015538344885439273,
  "eval_plan_path": "runs/trpo_nominal_alpha_2.2_gamma_pi2_10k_episodes\\plans\\iter_000028_control_plan.npz",
  "eval_time_ns": 180.0,
  "gamma": 1.5707963267948966,
  "iteration": 28,
  "robustness": {
    "sigma_1p0": {
      "average_fidelity": 0.933182132581097,
      "average_gate_fidelity": 0.9164776657263715,
      "fidelity_variance": 0.0011903086642314961,
      "num_samples": 60,
      "sigma_mhz": 1.0
    }
  }
}