{
  "alpha": 2.2,
  "eval_cost": 0.8110002473658844,
  "eval_fidelity": 0.9888447225023189,
  "eval_leakage": 0.0016405444111636852,
  "eval_plan_path": "runs/trpo_nominal_alpha_2.2_gamma_pi2_10k_episodes\\plans\\iter_000033_control_plan.npz",
  "eval_time_ns": 180.0,
  "gamma": 1.5707963267948966,
  "iteration": 33,
  "robustness": {
    "sigma_1p0": {
      "average_fidelity": 0.940826793330516,
      "average_gate_fidelity": 0.9260334916631447,
      "fidelity_variance": 0.0010289818306623226,
      "num_samples": 60,
      "sigma_mhz": 1.0
    }
  }
}