{
  "alpha": 2.2,
  "eval_cost": 1.4390332818206828,
  "eval_fidelity": 0.8333361577906798,
  "eval_leakage": 0.00022907587852608714,
  "eval_plan_path": "runs\\cost_function_sweep\\trpo\\a-2p2_99e68da7\\seed_1\\plans\\iter_000003_control_plan.npz",
  "eval_time_ns": 180.0,
  "gamma": 1.5707963267948966,
  "iteration": 3,
  "robustness": {
    "sigma_1p0": {
      "average_fidelity": 0.8182910821337256,
      "average_gate_fidelity": 0.7728638526671567,
      "fidelity_variance": 0.004397592487569092,
      "num_samples": 60,
      "sigma_mhz": 1.0
    }
  }
}