{
  "alpha": 2.8,
  "best_cost": 0.2417576402732884,
  "best_fidelity": 0.9917718708015879,
  "best_horizon_ns": 80.0,
  "best_leakage": 0.000742192786471424,
  "control_plan": "runs/adam_runtime_sweep\\gamma_1.570796\\alpha_2.800000\\best_control_plan.npz",
  "gamma": 1.5707963267948966,
  "robustness_path": "runs/adam_runtime_sweep\\gamma_1.570796\\alpha_2.800000\\robustness\\best_robustness.json",
  "robustness_sigma_1p0_average_fidelity": 0.9717399685177412,
  "robustness_sigma_1p0_average_gate_fidelity": 0.9646749606471765,
  "robustness_sigma_1p0_fidelity_variance": 0.00013436613916264578,
  "runtime_ns": 80.0
}