{
  "alpha": 2.2,
  "eval_cost": 1.414802269271609,
  "eval_fidelity": 0.9644962461146483,
  "eval_leakage": 0.00015853042789643531,
  "eval_plan_path": "runs\\cost_function_sweep\\trpo\\a-2p2_36adba28\\seed_2\\plans\\iter_000002_control_plan.npz",
  "eval_time_ns": 180.0,
  "gamma": 1.5707963267948966,
  "iteration": 2,
  "robustness": {
    "sigma_1p0": {
      "average_fidelity": 0.9200720217455999,
      "average_gate_fidelity": 0.9000900271819996,
      "fidelity_variance": 0.001201526595069312,
      "num_samples": 60,
      "sigma_mhz": 1.0
    }
  }
}