{
  "alpha": 2.2,
  "eval_cost": 0.3915226954358304,
  "eval_fidelity": 0.9944499179183339,
  "eval_leakage": 0.0003184849933551433,
  "eval_plan_path": "runs\\nn_size_sweep\\trpo\\a-2p2_8e86bfe6\\seed_1\\plans\\iter_000015_control_plan.npz",
  "eval_time_ns": 104.0,
  "gamma": 1.5707963267948966,
  "iteration": 15,
  "robustness": {
    "sigma_1p0": {
      "average_fidelity": 0.9615393610323434,
      "average_gate_fidelity": 0.9519242012904293,
      "fidelity_variance": 0.00030632428547107757,
      "num_samples": 60,
      "sigma_mhz": 1.0
    }
  }
}