{
  "alpha": 2.2,
  "eval_cost": 0.3746557534224729,
  "eval_fidelity": 0.9972032363684225,
  "eval_leakage": 0.0002537800107233723,
  "eval_plan_path": "runs\\nn_size_sweep\\trpo\\a-2p2_8e86bfe6\\seed_1\\plans\\iter_000007_control_plan.npz",
  "eval_time_ns": 122.0,
  "gamma": 1.5707963267948966,
  "iteration": 7,
  "robustness": {
    "sigma_1p0": {
      "average_fidelity": 0.9631469569351516,
      "average_gate_fidelity": 0.9539336961689396,
      "fidelity_variance": 0.00021821303492640983,
      "num_samples": 60,
      "sigma_mhz": 1.0
    }
  }
}