{
  "alpha": 2.2,
  "eval_cost": 0.37382263299761326,
  "eval_fidelity": 0.9901244130261632,
  "eval_leakage": 0.00032798563872912725,
  "eval_plan_path": "runs\\nn_size_sweep\\trpo\\a-2p2_8e86bfe6\\seed_1\\plans\\iter_000020_control_plan.npz",
  "eval_time_ns": 104.0,
  "gamma": 1.5707963267948966,
  "iteration": 20,
  "robustness": {
    "sigma_1p0": {
      "average_fidelity": 0.9588660429890856,
      "average_gate_fidelity": 0.948582553736357,
      "fidelity_variance": 0.0004041514663963992,
      "num_samples": 60,
      "sigma_mhz": 1.0
    }
  }
}