{
  "alpha": 2.2,
  "eval_cost": 0.3821588427417009,
  "eval_fidelity": 0.9944840786917756,
  "eval_leakage": 0.00021317156138167534,
  "eval_plan_path": "runs\\nn_size_sweep\\trpo\\a-2p2_8e86bfe6\\seed_1\\plans\\iter_000005_control_plan.npz",
  "eval_time_ns": 136.0,
  "gamma": 1.5707963267948966,
  "iteration": 5,
  "robustness": {
    "sigma_1p0": {
      "average_fidelity": 0.955504696693026,
      "average_gate_fidelity": 0.9443808708662824,
      "fidelity_variance": 0.0004289855226468253,
      "num_samples": 60,
      "sigma_mhz": 1.0
    }
  }
}