{
  "alpha": 2.2,
  "eval_cost": 0.3882257866774524,
  "eval_fidelity": 0.9899269992937844,
  "eval_leakage": 0.00032011376342758457,
  "eval_plan_path": "runs\\nn_size_sweep\\trpo\\a-2p2_8e86bfe6\\seed_1\\plans\\iter_000018_control_plan.npz",
  "eval_time_ns": 104.0,
  "gamma": 1.5707963267948966,
  "iteration": 18,
  "robustness": {
    "sigma_1p0": {
      "average_fidelity": 0.9638192504682428,
      "average_gate_fidelity": 0.9547740630853032,
      "fidelity_variance": 0.0002802277832099017,
      "num_samples": 60,
      "sigma_mhz": 1.0
    }
  }
}