{
  "alpha": 2.2,
  "eval_cost": 0.39326404916637414,
  "eval_fidelity": 0.9919658455341226,
  "eval_leakage": 0.00032071421274437674,
  "eval_plan_path": "runs\\nn_size_sweep\\trpo\\a-2p2_8e86bfe6\\seed_1\\plans\\iter_000016_control_plan.npz",
  "eval_time_ns": 104.0,
  "gamma": 1.5707963267948966,
  "iteration": 16,
  "robustness": {
    "sigma_1p0": {
      "average_fidelity": 0.9606428700644895,
      "average_gate_fidelity": 0.9508035875806116,
      "fidelity_variance": 0.0001862991538361844,
      "num_samples": 60,
      "sigma_mhz": 1.0
    }
  }
}