{
  "alpha": 2.2,
  "eval_cost": 0.3935624626048295,
  "eval_fidelity": 0.9926618299974275,
  "eval_leakage": 0.0002957308507091917,
  "eval_plan_path": "runs\\nn_size_sweep\\trpo\\a-2p2_8e86bfe6\\seed_1\\plans\\iter_000011_control_plan.npz",
  "eval_time_ns": 110.0,
  "gamma": 1.5707963267948966,
  "iteration": 11,
  "robustness": {
    "sigma_1p0": {
      "average_fidelity": 0.9617017674069599,
      "average_gate_fidelity": 0.9521272092586998,
      "fidelity_variance": 0.0003532069432858517,
      "num_samples": 60,
      "sigma_mhz": 1.0
    }
  }
}