{
  "alpha": 2.2,
  "eval_cost": 0.3905514077411596,
  "eval_fidelity": 0.9911675997369902,
  "eval_leakage": 0.000197163484713045,
  "eval_plan_path": "runs\\nn_size_sweep\\trpo\\a-2p2_8e86bfe6\\seed_1\\plans\\iter_000004_control_plan.npz",
  "eval_time_ns": 154.0,
  "gamma": 1.5707963267948966,
  "iteration": 4,
  "robustness": {
    "sigma_1p0": {
      "average_fidelity": 0.9468351210599568,
      "average_gate_fidelity": 0.9335439013249459,
      "fidelity_variance": 0.0008540334537457589,
      "num_samples": 60,
      "sigma_mhz": 1.0
    }
  }
}