{
  "alpha": 2.2,
  "eval_cost": 0.3923560471928884,
  "eval_fidelity": 0.9894537056615534,
  "eval_leakage": 0.00033106511741663475,
  "eval_plan_path": "runs\\nn_size_sweep\\trpo\\a-2p2_8e86bfe6\\seed_1\\plans\\iter_000019_control_plan.npz",
  "eval_time_ns": 104.0,
  "gamma": 1.5707963267948966,
  "iteration": 19,
  "robustness": {
    "sigma_1p0": {
      "average_fidelity": 0.9602245065561711,
      "average_gate_fidelity": 0.9502806331952137,
      "fidelity_variance": 0.00032540118669515566,
      "num_samples": 60,
      "sigma_mhz": 1.0
    }
  }
}