{
  "alpha": 2.2,
  "eval_cost": 0.3871062749061725,
  "eval_fidelity": 0.9956072820316552,
  "eval_leakage": 0.00027957256879155895,
  "eval_plan_path": "runs\\nn_size_sweep\\trpo\\a-2p2_8e86bfe6\\seed_1\\plans\\iter_000010_control_plan.npz",
  "eval_time_ns": 112.0,
  "gamma": 1.5707963267948966,
  "iteration": 10,
  "robustness": {
    "sigma_1p0": {
      "average_fidelity": 0.9642051876862555,
      "average_gate_fidelity": 0.9552564846078194,
      "fidelity_variance": 0.000270011584074172,
      "num_samples": 60,
      "sigma_mhz": 1.0
    }
  }
}