{
  "alpha": 2.2,
  "eval_cost": 1.1252603508439747,
  "eval_fidelity": 0.9234367185566448,
  "eval_leakage": 0.00015410479624891057,
  "eval_plan_path": "runs\\nn_size_sweep\\trpo\\a-2p2_8e86bfe6\\seed_1\\plans\\iter_000002_control_plan.npz",
  "eval_time_ns": 180.0,
  "gamma": 1.5707963267948966,
  "iteration": 2,
  "robustness": {
    "sigma_1p0": {
      "average_fidelity": 0.8918756434868271,
      "average_gate_fidelity": 0.8648445543585338,
      "fidelity_variance": 0.0018086725353676876,
      "num_samples": 60,
      "sigma_mhz": 1.0
    }
  }
}