{
  "alpha": 2.2,
  "eval_cost": 2.7586562503748686,
  "eval_fidelity": 0.7589633352023955,
  "eval_leakage": 0.00013387634444066786,
  "eval_plan_path": "runs\\nn_size_sweep\\trpo\\a-2p2_8e86bfe6\\seed_1\\plans\\iter_000001_control_plan.npz",
  "eval_time_ns": 180.0,
  "gamma": 1.5707963267948966,
  "iteration": 1,
  "robustness": {
    "sigma_1p0": {
      "average_fidelity": 0.771404140259412,
      "average_gate_fidelity": 0.714255175324265,
      "fidelity_variance": 0.004880417198324979,
      "num_samples": 60,
      "sigma_mhz": 1.0
    }
  }
}