{
  "alpha": 2.2,
  "eval_cost": 0.35964311820222045,
  "eval_fidelity": 0.9927217659632561,
  "eval_leakage": 0.0002997471736114178,
  "eval_plan_path": "runs\\nn_size_sweep\\trpo\\a-2p2_8e86bfe6\\seed_1\\plans\\iter_000012_control_plan.npz",
  "eval_time_ns": 110.0,
  "gamma": 1.5707963267948966,
  "iteration": 12,
  "robustness": {
    "sigma_1p0": {
      "average_fidelity": 0.9643647504312798,
      "average_gate_fidelity": 0.9554559380390997,
      "fidelity_variance": 0.0004208543923361176,
      "num_samples": 60,
      "sigma_mhz": 1.0
    }
  }
}