{
  "alpha": 2.2,
  "eval_cost": 0.37762205053903464,
  "eval_fidelity": 0.9971993187052128,
  "eval_leakage": 0.0002622693892341837,
  "eval_plan_path": "runs\\nn_size_sweep\\trpo\\a-2p2_8e86bfe6\\seed_1\\plans\\iter_000008_control_plan.npz",
  "eval_time_ns": 118.0,
  "gamma": 1.5707963267948966,
  "iteration": 8,
  "robustness": {
    "sigma_1p0": {
      "average_fidelity": 0.9611392170172834,
      "average_gate_fidelity": 0.9514240212716043,
      "fidelity_variance": 0.0002552015794352494,
      "num_samples": 60,
      "sigma_mhz": 1.0
    }
  }
}