{
  "alpha": 2.2,
  "eval_cost": 0.49195130898101946,
  "eval_fidelity": 0.9823357989889324,
  "eval_leakage": 0.00021858904364332768,
  "eval_plan_path": "runs\\nn_size_sweep\\trpo\\a-2p2_8e86bfe6\\seed_1\\plans\\iter_000003_control_plan.npz",
  "eval_time_ns": 180.0,
  "gamma": 1.5707963267948966,
  "iteration": 3,
  "robustness": {
    "sigma_1p0": {
      "average_fidelity": 0.9284622465468115,
      "average_gate_fidelity": 0.9105778081835144,
      "fidelity_variance": 0.0013597945864835318,
      "num_samples": 60,
      "sigma_mhz": 1.0
    }
  }
}