{
  "alpha": 2.2,
  "eval_cost": 0.3848000401242633,
  "eval_fidelity": 0.9948456327195121,
  "eval_leakage": 0.0003161498341958007,
  "eval_plan_path": "runs\\nn_size_sweep\\trpo\\a-2p2_8e86bfe6\\seed_1\\plans\\iter_000013_control_plan.npz",
  "eval_time_ns": 106.0,
  "gamma": 1.5707963267948966,
  "iteration": 13,
  "robustness": {
    "sigma_1p0": {
      "average_fidelity": 0.9675066145638461,
      "average_gate_fidelity": 0.9593832682048075,
      "fidelity_variance": 0.000270720787265207,
      "num_samples": 60,
      "sigma_mhz": 1.0
    }
  }
}