{
  "alpha": 2.2,
  "eval_cost": 0.3841639275026927,
  "eval_fidelity": 0.9937218207239829,
  "eval_leakage": 0.00031735513062893515,
  "eval_plan_path": "runs\\nn_size_sweep\\trpo\\a-2p2_8e86bfe6\\seed_1\\plans\\iter_000014_control_plan.npz",
  "eval_time_ns": 106.0,
  "gamma": 1.5707963267948966,
  "iteration": 14,
  "robustness": {
    "sigma_1p0": {
      "average_fidelity": 0.9654852092163173,
      "average_gate_fidelity": 0.9568565115203965,
      "fidelity_variance": 0.00026546280749175993,
      "num_samples": 60,
      "sigma_mhz": 1.0
    }
  }
}