{
  "alpha": 2.2,
  "eval_cost": 0.3688712828155669,
  "eval_fidelity": 0.99758018102349,
  "eval_leakage": 0.00024528427396410137,
  "eval_plan_path": "runs\\nn_size_sweep\\trpo\\a-2p2_8e86bfe6\\seed_1\\plans\\iter_000006_control_plan.npz",
  "eval_time_ns": 128.0,
  "gamma": 1.5707963267948966,
  "iteration": 6,
  "robustness": {
    "sigma_1p0": {
      "average_fidelity": 0.9582194373637383,
      "average_gate_fidelity": 0.9477742967046725,
      "fidelity_variance": 0.00046238901859614275,
      "num_samples": 60,
      "sigma_mhz": 1.0
    }
  }
}