{
  "alpha": 2.2,
  "eval_cost": 0.3599151876099327,
  "eval_fidelity": 0.9918357379007988,
  "eval_leakage": 0.0003343292813793636,
  "eval_plan_path": "runs\\nn_size_sweep\\trpo\\a-2p2_8e86bfe6\\seed_1\\plans\\iter_000017_control_plan.npz",
  "eval_time_ns": 106.0,
  "gamma": 1.5707963267948966,
  "iteration": 17,
  "robustness": {
    "sigma_1p0": {
      "average_fidelity": 0.9613792002608526,
      "average_gate_fidelity": 0.9517240003260656,
      "fidelity_variance": 0.00030265485692150535,
      "num_samples": 60,
      "sigma_mhz": 1.0
    }
  }
}