{
  "alpha": 2.2,
  "eval_cost": 0.3920511000034104,
  "eval_fidelity": 0.9561616314695482,
  "eval_leakage": 0.00027514287591493604,
  "eval_plan_path": "runs\\cost_function_sweep\\trpo\\a-2p2_c345a8a2\\seed_1\\plans\\iter_000003_control_plan.npz",
  "eval_time_ns": 180.0,
  "gamma": 1.5707963267948966,
  "iteration": 3,
  "robustness": {
    "sigma_1p0": {
      "average_fidelity": 0.9107091722782519,
      "average_gate_fidelity": 0.8883864653478148,
      "fidelity_variance": 0.0016469327659450013,
      "num_samples": 60,
      "sigma_mhz": 1.0
    }
  }
}