{
  "alpha": 2.9,
  "best_horizon_ns": 70.0,
  "gamma": 1.5707963267948966,
  "robustness": {
    "sigma_1p0": {
      "average_fidelity": 0.9524640803373811,
      "average_gate_fidelity": 0.9405801004217261,
      "fidelity_variance": 0.00026582422557659447,
      "num_samples": 60,
      "sigma_mhz": 1.0
    }
  }
}