{
  "alpha": 2.2,
  "eval_cost": 2.3737604719449026,
  "eval_fidelity": 0.9427056666312424,
  "eval_leakage": 0.0003467293198789983,
  "eval_plan_path": "runs\\cost_function_sweep\\trpo\\a-2p2_e4c96ed7\\seed_2\\plans\\iter_000005_control_plan.npz",
  "eval_time_ns": 180.0,
  "gamma": 1.5707963267948966,
  "iteration": 5,
  "robustness": {
    "sigma_1p0": {
      "average_fidelity": 0.9068524988194547,
      "average_gate_fidelity": 0.8835656235243182,
      "fidelity_variance": 0.00187933976280409,
      "num_samples": 60,
      "sigma_mhz": 1.0
    }
  }
}