{
  "alpha": 2.2,
  "eval_cost": 5.601697403942428,
  "eval_fidelity": 0.7817492775690106,
  "eval_leakage": 0.00010069536604185133,
  "eval_plan_path": "runs\\cost_function_sweep\\trpo\\a-2p2_e4c96ed7\\seed_2\\plans\\iter_000001_control_plan.npz",
  "eval_time_ns": 180.0,
  "gamma": 1.5707963267948966,
  "iteration": 1,
  "robustness": {
    "sigma_1p0": {
      "average_fidelity": 0.792187006160701,
      "average_gate_fidelity": 0.7402337577008763,
      "fidelity_variance": 0.003028446554381926,
      "num_samples": 60,
      "sigma_mhz": 1.0
    }
  }
}