{
  "alpha": 2.2,
  "eval_cost": 1.8569218462692918,
  "eval_fidelity": 0.9701971527371978,
  "eval_leakage": 0.00016317064337208968,
  "eval_plan_path": "runs\\cost_function_sweep\\trpo\\a-2p2_e4c96ed7\\seed_2\\plans\\iter_000002_control_plan.npz",
  "eval_time_ns": 180.0,
  "gamma": 1.5707963267948966,
  "iteration": 2,
  "robustness": {
    "sigma_1p0": {
      "average_fidelity": 0.9245322685140078,
      "average_gate_fidelity": 0.9056653356425098,
      "fidelity_variance": 0.001091843644152663,
      "num_samples": 60,
      "sigma_mhz": 1.0
    }
  }
}