{
  "alpha": 1.4,
  "best_horizon_ns": 40.0,
  "gamma": 1.5707963267948966,
  "robustness": {
    "sigma_1p0": {
      "average_fidelity": 0.987100548930248,
      "average_gate_fidelity": 0.9838756861628101,
      "fidelity_variance": 3.862509741370638e-05,
      "num_samples": 60,
      "sigma_mhz": 1.0
    }
  }
}