{
  "alpha": 0.15,
  "best_checkpoint": "runs/curriculum_gamma_pi2_alpha_2p2_thr038\\gamma_1.570796\\alpha_0.150000\\best_agent.pt",
  "best_cost": 10.130461912634772,
  "best_fidelity": 0.01817612912066245,
  "best_leakage": 0.0007549972639935833,
  "best_min_cost": 9.998351155724066,
  "best_min_cost_time_ns": 2.0,
  "control_plan": "runs/curriculum_gamma_pi2_alpha_2p2_thr038\\gamma_1.570796\\alpha_0.150000\\best_control_plan.npz",
  "curriculum_checkpoint": "runs/curriculum_gamma_pi2_alpha_2p2_thr038\\gamma_1.570796\\curriculum_checkpoints\\after_alpha_0.150000.pt",
  "gamma": 1.5707963267948966,
  "iterations_used": 15.0,
  "last_checkpoint": "runs/curriculum_gamma_pi2_alpha_2p2_thr038\\gamma_1.570796\\alpha_0.150000\\last_agent.pt",
  "runtime_ns": 180.0,
  "train_avg_fidelity": 0.06750130328948892
}