{
  "alpha": 0.0,
  "eval_cost": 0.19445893812682782,
  "eval_fidelity": 0.9983807090434589,
  "eval_leakage": 0.002061375287677752,
  "eval_plan_path": "runs\\curriculum_gamma_pi2_alpha_2p2_thr038_test_backup\\gamma_1.570796\\alpha_0.000000\\plans\\iter_000110_control_plan.npz",
  "eval_time_ns": 90.0,
  "gamma": 1.5707963267948966,
  "phase_iter": 110,
  "robustness": {
    "sigma_1p0": {
      "average_fidelity": 0.9756456857368412,
      "average_gate_fidelity": 0.9695571071710514,
      "fidelity_variance": 0.00016170773383595858,
      "num_samples": 60,
      "sigma_mhz": 1.0
    }
  }
}