{
  "alpha": 0.0,
  "eval_cost": 6.515842388269349,
  "eval_fidelity": 0.4035514911959132,
  "eval_leakage": 0.00457675876564138,
  "eval_plan_path": "runs\\curriculum_gamma_pi2_alpha_2p2_thr038_test\\gamma_1.570796\\alpha_0.000000\\plans\\iter_000092_control_plan.npz",
  "eval_time_ns": 180.0,
  "gamma": 1.5707963267948966,
  "phase_iter": 92,
  "robustness": {
    "sigma_1p0": {
      "average_fidelity": 0.501424715473665,
      "average_gate_fidelity": 0.3767808943420812,
      "fidelity_variance": 0.002937173628752236,
      "num_samples": 60,
      "sigma_mhz": 1.0
    }
  }
}