{
  "alpha": 0.0,
  "eval_cost": 10.304483079802221,
  "eval_fidelity": 0.001487178907554571,
  "eval_leakage": 0.0004752036647675072,
  "eval_plan_path": "runs/curriculum_gamma_pi2_alpha_2p2_thr038_test\\gamma_1.570796\\alpha_0.000000\\plans\\iter_000008_control_plan.npz",
  "eval_time_ns": 180.0,
  "gamma": 1.5707963267948966,
  "phase_iter": 8,
  "robustness": {
    "sigma_1p0": {
      "average_fidelity": 0.20174425832064938,
      "average_gate_fidelity": 0.002180322900811752,
      "fidelity_variance": 2.8684853829250297e-06,
      "num_samples": 60,
      "sigma_mhz": 1.0
    }
  }
}