{
  "alpha": 0.0,
  "eval_cost": 6.183442014518332,
  "eval_fidelity": 0.42001647094021877,
  "eval_leakage": 0.004140644766492847,
  "eval_plan_path": "runs/curriculum_gamma_pi2_alpha_2p2_thr038_test\\gamma_1.570796\\alpha_0.000000\\plans\\iter_000079_control_plan.npz",
  "eval_time_ns": 180.0,
  "gamma": 1.5707963267948966,
  "phase_iter": 79,
  "robustness": {
    "sigma_1p0": {
      "average_fidelity": 0.5067537549191864,
      "average_gate_fidelity": 0.38344219364898297,
      "fidelity_variance": 0.0016943388136563492,
      "num_samples": 60,
      "sigma_mhz": 1.0
    }
  }
}