{
  "alpha": 0.0,
  "eval_cost": 0.1872019159878707,
  "eval_fidelity": 0.9985032823333034,
  "eval_leakage": 0.0020782797507495673,
  "eval_plan_path": "runs\\curriculum_gamma_pi2_alpha_2p2_thr038_test_backup\\gamma_1.570796\\alpha_0.000000\\plans\\iter_000099_control_plan.npz",
  "eval_time_ns": 90.0,
  "gamma": 1.5707963267948966,
  "phase_iter": 99,
  "robustness": {
    "sigma_1p0": {
      "average_fidelity": 0.9692496079203323,
      "average_gate_fidelity": 0.9615620099004157,
      "fidelity_variance": 0.0002898220651933415,
      "num_samples": 60,
      "sigma_mhz": 1.0
    }
  }
}