{
  "alpha": 0.0,
  "eval_cost": 0.19430034901663967,
  "eval_fidelity": 0.9977899785465973,
  "eval_leakage": 0.0020059290486285973,
  "eval_plan_path": "runs\\curriculum_gamma_pi2_alpha_2p2_thr038_test_backup\\gamma_1.570796\\alpha_0.000000\\plans\\iter_000095_control_plan.npz",
  "eval_time_ns": 90.0,
  "gamma": 1.5707963267948966,
  "phase_iter": 95,
  "robustness": {
    "sigma_1p0": {
      "average_fidelity": 0.9734686177793007,
      "average_gate_fidelity": 0.9668357722241256,
      "fidelity_variance": 0.00022446224426447047,
      "num_samples": 60,
      "sigma_mhz": 1.0
    }
  }
}