{
  "alpha": 2.2,
  "eval_cost": 2.8091503745662374,
  "eval_fidelity": 0.7606592907638721,
  "eval_leakage": 0.00011910564236150696,
  "eval_plan_path": "runs\\cost_function_sweep\\trpo\\a-2p2_67401cca\\seed_1\\plans\\iter_000001_control_plan.npz",
  "eval_time_ns": 180.0,
  "gamma": 1.5707963267948966,
  "iteration": 1,
  "robustness": {
    "sigma_1p0": {
      "average_fidelity": 0.7723864952961997,
      "average_gate_fidelity": 0.7154831191202498,
      "fidelity_variance": 0.004708689291425468,
      "num_samples": 60,
      "sigma_mhz": 1.0
    }
  }
}