{
  "alpha": 2.2,
  "eval_cost": 0.8211195835511567,
  "eval_fidelity": 0.9572820337471147,
  "eval_leakage": 0.00039918875527960137,
  "eval_plan_path": "runs\\cost_function_sweep\\trpo\\a-2p2_67401cca\\seed_1\\plans\\iter_000005_control_plan.npz",
  "eval_time_ns": 180.0,
  "gamma": 1.5707963267948966,
  "iteration": 5,
  "robustness": {
    "sigma_1p0": {
      "average_fidelity": 0.9131639573321437,
      "average_gate_fidelity": 0.8914549466651794,
      "fidelity_variance": 0.001783495886730367,
      "num_samples": 60,
      "sigma_mhz": 1.0
    }
  }
}