{
  "alpha": 2.2,
  "eval_cost": 0.48593878838094856,
  "eval_fidelity": 0.9691284537005073,
  "eval_leakage": 0.00033783265170858167,
  "eval_plan_path": "runs\\cost_function_sweep\\trpo\\a-2p2_282ae2d7\\seed_2\\plans\\iter_000005_control_plan.npz",
  "eval_time_ns": 180.0,
  "gamma": 1.5707963267948966,
  "iteration": 5,
  "robustness": {
    "sigma_1p0": {
      "average_fidelity": 0.9257873311572582,
      "average_gate_fidelity": 0.9072341639465729,
      "fidelity_variance": 0.0012576397075329412,
      "num_samples": 60,
      "sigma_mhz": 1.0
    }
  }
}