{
  "alpha": 1.256,
  "best_checkpoint": "runs\\runtime\\gamma_1.570796\\alpha_1.256000\\best_agent.pt",
  "best_cost": 0.3996763430360245,
  "best_fidelity": 0.9894117790447206,
  "best_leakage": 0.005529839089141646,
  "best_min_cost": 0.3996763430360245,
  "best_min_cost_time_ns": 140.0,
  "control_plan": "runs\\runtime\\gamma_1.570796\\alpha_1.256000\\best_control_plan.npz",
  "curriculum_checkpoint": "runs\\runtime\\gamma_1.570796\\curriculum_checkpoints\\after_alpha_1.256000.pt",
  "gamma": 1.5707963267948966,
  "iterations_used": 14.0,
  "last_checkpoint": "runs\\runtime\\gamma_1.570796\\alpha_1.256000\\last_agent.pt",
  "runtime_ns": 140.0,
  "train_avg_fidelity": 0.7878608860827816
}