{
  "alpha": 2.2,
  "eval_cost": 1.721572133367027,
  "eval_fidelity": 0.724128175288678,
  "eval_leakage": 8.76643776330297e-05,
  "eval_plan_path": "runs\\cost_function_sweep\\trpo\\a-2p2_ba3552fe\\seed_2\\plans\\iter_000001_control_plan.npz",
  "eval_time_ns": 180.0,
  "gamma": 1.5707963267948966,
  "iteration": 1,
  "robustness": {
    "sigma_1p0": {
      "average_fidelity": 0.7485133856088506,
      "average_gate_fidelity": 0.6856417320110634,
      "fidelity_variance": 0.003496715780172944,
      "num_samples": 60,
      "sigma_mhz": 1.0
    }
  }
}