{
  "alpha": 2.2,
  "eval_cost": 0.48683438120456707,
  "eval_fidelity": 0.9640559130910579,
  "eval_leakage": 0.00022065544378543821,
  "eval_plan_path": "runs\\cost_function_sweep\\trpo\\a-2p2_ba3552fe\\seed_2\\plans\\iter_000004_control_plan.npz",
  "eval_time_ns": 180.0,
  "gamma": 1.5707963267948966,
  "iteration": 4,
  "robustness": {
    "sigma_1p0": {
      "average_fidelity": 0.9224687401500845,
      "average_gate_fidelity": 0.9030859251876059,
      "fidelity_variance": 0.0015248736723905468,
      "num_samples": 60,
      "sigma_mhz": 1.0
    }
  }
}