{
  "alpha": 2.2,
  "eval_cost": 0.48708761857762994,
  "eval_fidelity": 0.9674999805597576,
  "eval_leakage": 0.0002477774735337326,
  "eval_plan_path": "runs\\cost_function_sweep\\trpo\\a-2p2_ba3552fe\\seed_2\\plans\\iter_000005_control_plan.npz",
  "eval_time_ns": 180.0,
  "gamma": 1.5707963267948966,
  "iteration": 5,
  "robustness": {
    "sigma_1p0": {
      "average_fidelity": 0.9216099037268054,
      "average_gate_fidelity": 0.9020123796585067,
      "fidelity_variance": 0.001083920682600883,
      "num_samples": 60,
      "sigma_mhz": 1.0
    }
  }
}