{
  "alpha": 2.2,
  "eval_cost": 0.37537495360900747,
  "eval_fidelity": 0.9892442786206685,
  "eval_leakage": 0.0004121149670044947,
  "eval_plan_path": "runs\\cost_function_sweep\\trpo\\a-2p2_5dfdc91c\\seed_1\\plans\\iter_000004_control_plan.npz",
  "eval_time_ns": 180.0,
  "gamma": 1.5707963267948966,
  "iteration": 4,
  "robustness": {
    "sigma_1p0": {
      "average_fidelity": 0.940191548331418,
      "average_gate_fidelity": 0.9252394354142728,
      "fidelity_variance": 0.0006071275584171947,
      "num_samples": 60,
      "sigma_mhz": 1.0
    }
  }
}