{
  "alpha": 2.2,
  "eval_cost": 0.6992038267291669,
  "eval_fidelity": 0.9312028543315738,
  "eval_leakage": 0.00019464339247208498,
  "eval_plan_path": "runs\\cost_function_sweep\\trpo\\a-2p2_5dfdc91c\\seed_1\\plans\\iter_000002_control_plan.npz",
  "eval_time_ns": 180.0,
  "gamma": 1.5707963267948966,
  "iteration": 2,
  "robustness": {
    "sigma_1p0": {
      "average_fidelity": 0.8976106407051028,
      "average_gate_fidelity": 0.8720133008813785,
      "fidelity_variance": 0.0016502833203598344,
      "num_samples": 60,
      "sigma_mhz": 1.0
    }
  }
}