{
  "alpha": 2.2,
  "eval_cost": 0.43252206935054915,
  "eval_fidelity": 0.9824860488123646,
  "eval_leakage": 0.00029481973100424925,
  "eval_plan_path": "runs\\cost_function_sweep\\trpo\\a-2p2_5dfdc91c\\seed_1\\plans\\iter_000003_control_plan.npz",
  "eval_time_ns": 180.0,
  "gamma": 1.5707963267948966,
  "iteration": 3,
  "robustness": {
    "sigma_1p0": {
      "average_fidelity": 0.9323363207780985,
      "average_gate_fidelity": 0.915420400972623,
      "fidelity_variance": 0.0005918823799317879,
      "num_samples": 60,
      "sigma_mhz": 1.0
    }
  }
}