{
  "alpha": 1.7,
  "best_horizon_ns": 40.0,
  "gamma": 1.5707963267948966,
  "robustness": {
    "sigma_1p0": {
      "average_fidelity": 0.9892019111766523,
      "average_gate_fidelity": 0.986502388970815,
      "fidelity_variance": 3.2097268008764935e-05,
      "num_samples": 60,
      "sigma_mhz": 1.0
    }
  }
}