{
  "alpha": 2.2,
  "eval_cost": 4.473865270975346,
  "eval_fidelity": 0.7913614775143663,
  "eval_leakage": 0.00012123680896336112,
  "eval_plan_path": "runs\\cost_function_sweep\\trpo\\a-2p2_7dd94fd1\\seed_1\\plans\\iter_000001_control_plan.npz",
  "eval_time_ns": 180.0,
  "gamma": 1.5707963267948966,
  "iteration": 1,
  "robustness": {
    "sigma_1p0": {
      "average_fidelity": 0.7953192670556207,
      "average_gate_fidelity": 0.7441490838195258,
      "fidelity_variance": 0.004399071652740482,
      "num_samples": 60,
      "sigma_mhz": 1.0
    }
  }
}