{
  "alpha": 2.2,
  "eval_cost": 2.387159810282589,
  "eval_fidelity": 0.7836692912451871,
  "eval_leakage": 0.00011933796204336682,
  "eval_plan_path": "runs\\cost_function_sweep\\trpo\\a-2p2_8c31322a\\seed_1\\plans\\iter_000001_control_plan.npz",
  "eval_time_ns": 180.0,
  "gamma": 1.5707963267948966,
  "iteration": 1,
  "robustness": {
    "sigma_1p0": {
      "average_fidelity": 0.7896651631768292,
      "average_gate_fidelity": 0.7370814539710365,
      "fidelity_variance": 0.004468917499306488,
      "num_samples": 60,
      "sigma_mhz": 1.0
    }
  }
}