{
  "alpha": 2.2,
  "eval_cost": 0.22801620740474432,
  "eval_fidelity": 0.9974529379224792,
  "eval_leakage": 0.0002882646238609507,
  "eval_plan_path": "runs\\cost_function_sweep\\trpo\\a-2p2_8c31322a\\seed_1\\plans\\iter_000003_control_plan.npz",
  "eval_time_ns": 180.0,
  "gamma": 1.5707963267948966,
  "iteration": 3,
  "robustness": {
    "sigma_1p0": {
      "average_fidelity": 0.9426838454218166,
      "average_gate_fidelity": 0.9283548067772708,
      "fidelity_variance": 0.0005638582975870444,
      "num_samples": 60,
      "sigma_mhz": 1.0
    }
  }
}