{
  "alpha": 2.2,
  "eval_cost": 0.18114998397199236,
  "eval_fidelity": 0.9976834949289495,
  "eval_leakage": 0.00039651271321409294,
  "eval_plan_path": "runs\\cost_function_sweep\\trpo\\a-2p2_8c31322a\\seed_1\\plans\\iter_000004_control_plan.npz",
  "eval_time_ns": 180.0,
  "gamma": 1.5707963267948966,
  "iteration": 4,
  "robustness": {
    "sigma_1p0": {
      "average_fidelity": 0.9473378205205931,
      "average_gate_fidelity": 0.9341722756507413,
      "fidelity_variance": 0.00048476024353402545,
      "num_samples": 60,
      "sigma_mhz": 1.0
    }
  }
}