{
  "alpha": 2.2,
  "eval_cost": 0.20090685288377444,
  "eval_fidelity": 0.9984752144705921,
  "eval_leakage": 0.00048595097356541716,
  "eval_plan_path": "runs\\cost_function_sweep\\trpo\\a-2p2_8c31322a\\seed_1\\plans\\iter_000005_control_plan.npz",
  "eval_time_ns": 180.0,
  "gamma": 1.5707963267948966,
  "iteration": 5,
  "robustness": {
    "sigma_1p0": {
      "average_fidelity": 0.9453851383923624,
      "average_gate_fidelity": 0.9317314229904532,
      "fidelity_variance": 0.0006390996533862294,
      "num_samples": 60,
      "sigma_mhz": 1.0
    }
  }
}