{
  "alpha": 2.2,
  "eval_cost": 5.54273843510981,
  "eval_fidelity": 0.7903993948419841,
  "eval_leakage": 0.00012118000335794607,
  "eval_plan_path": "runs\\cost_function_sweep\\trpo\\a-2p2_e6ed248a\\seed_1\\plans\\iter_000001_control_plan.npz",
  "eval_time_ns": 180.0,
  "gamma": 1.5707963267948966,
  "iteration": 1,
  "robustness": {
    "sigma_1p0": {
      "average_fidelity": 0.7946073042690955,
      "average_gate_fidelity": 0.7432591303363694,
      "fidelity_variance": 0.004407192685449186,
      "num_samples": 60,
      "sigma_mhz": 1.0
    }
  }
}