{
  "alpha": 2.2,
  "eval_cost": 2.0291787822943803,
  "eval_fidelity": 0.7225408098988838,
  "eval_leakage": 8.791228512670731e-05,
  "eval_plan_path": "runs\\cost_function_sweep\\trpo\\a-2p2_9f9fdee6\\seed_2\\plans\\iter_000001_control_plan.npz",
  "eval_time_ns": 180.0,
  "gamma": 1.5707963267948966,
  "iteration": 1,
  "robustness": {
    "sigma_1p0": {
      "average_fidelity": 0.747313458330205,
      "average_gate_fidelity": 0.6841418229127562,
      "fidelity_variance": 0.003507381464131634,
      "num_samples": 60,
      "sigma_mhz": 1.0
    }
  }
}