{
  "alpha": 2.2,
  "eval_cost": 0.7820991695215509,
  "eval_fidelity": 0.9680547295644764,
  "eval_leakage": 0.000248744518601014,
  "eval_plan_path": "runs\\cost_function_sweep\\trpo\\a-2p2_9f9fdee6\\seed_2\\plans\\iter_000005_control_plan.npz",
  "eval_time_ns": 180.0,
  "gamma": 1.5707963267948966,
  "iteration": 5,
  "robustness": {
    "sigma_1p0": {
      "average_fidelity": 0.9220224806475426,
      "average_gate_fidelity": 0.9025281008094282,
      "fidelity_variance": 0.0010702439319632121,
      "num_samples": 60,
      "sigma_mhz": 1.0
    }
  }
}