{
  "alpha": 2.2,
  "eval_cost": 0.8690341991788143,
  "eval_fidelity": 0.9517966769419935,
  "eval_leakage": 0.00019273109727847517,
  "eval_plan_path": "runs\\cost_function_sweep\\trpo\\a-2p2_9f9fdee6\\seed_2\\plans\\iter_000003_control_plan.npz",
  "eval_time_ns": 180.0,
  "gamma": 1.5707963267948966,
  "iteration": 3,
  "robustness": {
    "sigma_1p0": {
      "average_fidelity": 0.9069242638317185,
      "average_gate_fidelity": 0.8836553297896483,
      "fidelity_variance": 0.0017834728440365229,
      "num_samples": 60,
      "sigma_mhz": 1.0
    }
  }
}