{
  "alpha": 0.0,
  "eval_cost": 0.1989231774423308,
  "eval_fidelity": 0.997592399666275,
  "eval_leakage": 0.0020215580539549296,
  "eval_plan_path": "runs\\curriculum_gamma_pi2_alpha_2p2_thr038_test_backup\\gamma_1.570796\\alpha_0.000000\\plans\\iter_000107_control_plan.npz",
  "eval_time_ns": 90.0,
  "gamma": 1.5707963267948966,
  "phase_iter": 107,
  "robustness": {
    "sigma_1p0": {
      "average_fidelity": 0.9712522636883641,
      "average_gate_fidelity": 0.964065329610455,
      "fidelity_variance": 0.00021640179842301107,
      "num_samples": 60,
      "sigma_mhz": 1.0
    }
  }
}