{
  "alpha": 0.0,
  "eval_cost": 0.19610175991168532,
  "eval_fidelity": 0.997454714485786,
  "eval_leakage": 0.002072685000138658,
  "eval_plan_path": "runs\\curriculum_gamma_pi2_alpha_2p2_thr038_test_backup\\gamma_1.570796\\alpha_0.000000\\plans\\iter_000111_control_plan.npz",
  "eval_time_ns": 88.0,
  "gamma": 1.5707963267948966,
  "phase_iter": 111,
  "robustness": {
    "sigma_1p0": {
      "average_fidelity": 0.9739506876137414,
      "average_gate_fidelity": 0.9674383595171769,
      "fidelity_variance": 0.0001896712452920307,
      "num_samples": 60,
      "sigma_mhz": 1.0
    }
  }
}