{
  "alpha": 0.0,
  "eval_cost": 8.571650235454303,
  "eval_fidelity": 0.2636975691280027,
  "eval_leakage": 0.0022383491127203462,
  "eval_plan_path": "runs/curriculum_gamma_pi2_alpha_2p2_thr038_test\\gamma_1.570796\\alpha_0.000000\\plans\\iter_000029_control_plan.npz",
  "eval_time_ns": 180.0,
  "gamma": 1.5707963267948966,
  "phase_iter": 29,
  "robustness": {
    "sigma_1p0": {
      "average_fidelity": 0.3960672843085127,
      "average_gate_fidelity": 0.24508410538564085,
      "fidelity_variance": 0.002371089891832214,
      "num_samples": 60,
      "sigma_mhz": 1.0
    }
  }
}