{
  "alpha": 0.0,
  "eval_cost": 4.027537891798567,
  "eval_fidelity": 0.6324893699926332,
  "eval_leakage": 0.003718369808478216,
  "eval_plan_path": "runs/curriculum_gamma_pi2_alpha_2p2_thr038_test\\gamma_1.570796\\alpha_0.000000\\plans\\iter_000061_control_plan.npz",
  "eval_time_ns": 180.0,
  "gamma": 1.5707963267948966,
  "phase_iter": 61,
  "robustness": {
    "sigma_1p0": {
      "average_fidelity": 0.6650581950409667,
      "average_gate_fidelity": 0.5813227438012084,
      "fidelity_variance": 0.0021869121529204385,
      "num_samples": 60,
      "sigma_mhz": 1.0
    }
  }
}