{
  "alpha": 0.0,
  "eval_cost": 1.2409813742722378,
  "eval_fidelity": 0.9165399082354098,
  "eval_leakage": 0.0038424566762324595,
  "eval_plan_path": "runs/curriculum_gamma_pi2_alpha_2p2_thr038_test\\gamma_1.570796\\alpha_0.000000\\plans\\iter_000052_control_plan.npz",
  "eval_time_ns": 180.0,
  "gamma": 1.5707963267948966,
  "phase_iter": 52,
  "robustness": {
    "sigma_1p0": {
      "average_fidelity": 0.8875933554887521,
      "average_gate_fidelity": 0.8594916943609403,
      "fidelity_variance": 0.0011439677156767113,
      "num_samples": 60,
      "sigma_mhz": 1.0
    }
  }
}