{
  "alpha": 0.0,
  "eval_cost": 5.991525785961965,
  "eval_fidelity": 0.43959741411240477,
  "eval_leakage": 0.004092453425095141,
  "eval_plan_path": "runs/curriculum_gamma_pi2_alpha_2p2_thr038_test\\gamma_1.570796\\alpha_0.000000\\plans\\iter_000073_control_plan.npz",
  "eval_time_ns": 180.0,
  "gamma": 1.5707963267948966,
  "phase_iter": 73,
  "robustness": {
    "sigma_1p0": {
      "average_fidelity": 0.5308369227576938,
      "average_gate_fidelity": 0.41354615344711726,
      "fidelity_variance": 0.0031325804115683916,
      "num_samples": 60,
      "sigma_mhz": 1.0
    }
  }
}