{
  "alpha": 0.0,
  "eval_cost": 5.860126109137525,
  "eval_fidelity": 0.4528812643561332,
  "eval_leakage": 0.004131664798859919,
  "eval_plan_path": "runs/curriculum_gamma_pi2_alpha_2p2_thr038_test\\gamma_1.570796\\alpha_0.000000\\plans\\iter_000072_control_plan.npz",
  "eval_time_ns": 180.0,
  "gamma": 1.5707963267948966,
  "phase_iter": 72,
  "robustness": {
    "sigma_1p0": {
      "average_fidelity": 0.538692282024377,
      "average_gate_fidelity": 0.4233653525304712,
      "fidelity_variance": 0.0025538742580978944,
      "num_samples": 60,
      "sigma_mhz": 1.0
    }
  }
}