{
  "alpha": 0.0,
  "eval_cost": 3.908017520062427,
  "eval_fidelity": 0.6443011105198856,
  "eval_leakage": 0.003837465906410245,
  "eval_plan_path": "runs/curriculum_gamma_pi2_alpha_2p2_thr038_test\\gamma_1.570796\\alpha_0.000000\\plans\\iter_000059_control_plan.npz",
  "eval_time_ns": 180.0,
  "gamma": 1.5707963267948966,
  "phase_iter": 59,
  "robustness": {
    "sigma_1p0": {
      "average_fidelity": 0.6824959794908021,
      "average_gate_fidelity": 0.6031199743635027,
      "fidelity_variance": 0.002400025187712764,
      "num_samples": 60,
      "sigma_mhz": 1.0
    }
  }
}