{
  "alpha": 0.0,
  "eval_cost": 0.19340851473644444,
  "eval_fidelity": 0.9979642506043028,
  "eval_leakage": 0.002046510797283758,
  "eval_plan_path": "runs\\curriculum_gamma_pi2_alpha_2p2_thr038_test_backup\\gamma_1.570796\\alpha_0.000000\\plans\\iter_000109_control_plan.npz",
  "eval_time_ns": 90.0,
  "gamma": 1.5707963267948966,
  "phase_iter": 109,
  "robustness": {
    "sigma_1p0": {
      "average_fidelity": 0.9728379039423845,
      "average_gate_fidelity": 0.9660473799279803,
      "fidelity_variance": 0.00016385104077562402,
      "num_samples": 60,
      "sigma_mhz": 1.0
    }
  }
}