{
  "alpha": 0.0,
  "eval_cost": 0.18434646745884614,
  "eval_fidelity": 0.9989423066745735,
  "eval_leakage": 0.0021344740689492334,
  "eval_plan_path": "runs\\curriculum_gamma_pi2_alpha_2p2_thr038_test_backup\\gamma_1.570796\\alpha_0.000000\\plans\\iter_000101_control_plan.npz",
  "eval_time_ns": 90.0,
  "gamma": 1.5707963267948966,
  "phase_iter": 101,
  "robustness": {
    "sigma_1p0": {
      "average_fidelity": 0.9719419644479523,
      "average_gate_fidelity": 0.9649274555599405,
      "fidelity_variance": 0.0001810613640423187,
      "num_samples": 60,
      "sigma_mhz": 1.0
    }
  }
}