{
  "alpha": 0.0,
  "eval_cost": 6.078088936847602,
  "eval_fidelity": 0.4335067099287274,
  "eval_leakage": 0.0042256926598491585,
  "eval_plan_path": "runs/curriculum_gamma_pi2_alpha_2p2_thr038_test\\gamma_1.570796\\alpha_0.000000\\plans\\iter_000074_control_plan.npz",
  "eval_time_ns": 180.0,
  "gamma": 1.5707963267948966,
  "phase_iter": 74,
  "robustness": {
    "sigma_1p0": {
      "average_fidelity": 0.5234966303038635,
      "average_gate_fidelity": 0.40437078787982944,
      "fidelity_variance": 0.002456021093539175,
      "num_samples": 60,
      "sigma_mhz": 1.0
    }
  }
}