{
  "alpha": 2.355,
  "eval_cost": 1.0525046029672591,
  "eval_fidelity": 0.9431838117942856,
  "eval_leakage": 0.008507397913076491,
  "eval_plan_path": "runs\\runtime\\gamma_1.570796\\alpha_2.355000\\plans\\iter_000002_control_plan.npz",
  "eval_time_ns": 180.0,
  "gamma": 1.5707963267948966,
  "phase_iter": 2,
  "robustness": {
    "sigma_1p0": {
      "average_fidelity": 0.9064747208031716,
      "average_gate_fidelity": 0.8830934010039644,
      "fidelity_variance": 0.0017534740885554202,
      "num_samples": 60,
      "sigma_mhz": 1.0
    }
  }
}