{
  "alpha": 2.355,
  "eval_cost": 0.9375057393761238,
  "eval_fidelity": 0.9534238096400004,
  "eval_leakage": 0.008776464485978032,
  "eval_plan_path": "runs\\runtime\\gamma_1.570796\\alpha_2.355000\\plans\\iter_000012_control_plan.npz",
  "eval_time_ns": 180.0,
  "gamma": 1.5707963267948966,
  "phase_iter": 12,
  "robustness": {
    "sigma_1p0": {
      "average_fidelity": 0.9158577262939702,
      "average_gate_fidelity": 0.8948221578674627,
      "fidelity_variance": 0.0008221212516064124,
      "num_samples": 60,
      "sigma_mhz": 1.0
    }
  }
}