{
  "alpha": 2.355,
  "eval_cost": 0.8885072611854565,
  "eval_fidelity": 0.9579212861589788,
  "eval_leakage": 0.00872069768029473,
  "eval_plan_path": "runs\\runtime\\gamma_1.570796\\alpha_2.355000\\plans\\iter_000009_control_plan.npz",
  "eval_time_ns": 180.0,
  "gamma": 1.5707963267948966,
  "phase_iter": 9,
  "robustness": {
    "sigma_1p0": {
      "average_fidelity": 0.9156160592511977,
      "average_gate_fidelity": 0.8945200740639974,
      "fidelity_variance": 0.0011743878547070537,
      "num_samples": 60,
      "sigma_mhz": 1.0
    }
  }
}