{
  "alpha": 2.355,
  "eval_cost": 0.9045089561812534,
  "eval_fidelity": 0.9571662463728686,
  "eval_leakage": 0.008777678841983704,
  "eval_plan_path": "runs\\runtime\\gamma_1.570796\\alpha_2.355000\\plans\\iter_000017_control_plan.npz",
  "eval_time_ns": 180.0,
  "gamma": 1.5707963267948966,
  "phase_iter": 17,
  "robustness": {
    "sigma_1p0": {
      "average_fidelity": 0.9214181502635612,
      "average_gate_fidelity": 0.9017726878294514,
      "fidelity_variance": 0.0007323028935202153,
      "num_samples": 60,
      "sigma_mhz": 1.0
    }
  }
}