{
  "alpha": 2.355,
  "eval_cost": 0.8759343564126277,
  "eval_fidelity": 0.9589649009033525,
  "eval_leakage": 0.008808303102687721,
  "eval_plan_path": "runs\\runtime\\gamma_1.570796\\alpha_2.355000\\plans\\iter_000016_control_plan.npz",
  "eval_time_ns": 180.0,
  "gamma": 1.5707963267948966,
  "phase_iter": 16,
  "robustness": {
    "sigma_1p0": {
      "average_fidelity": 0.9182836606251975,
      "average_gate_fidelity": 0.8978545757814967,
      "fidelity_variance": 0.0011143766424309462,
      "num_samples": 60,
      "sigma_mhz": 1.0
    }
  }
}