{
  "alpha": 2.355,
  "eval_cost": 0.954829371567352,
  "eval_fidelity": 0.9542044568410541,
  "eval_leakage": 0.00869438769097838,
  "eval_plan_path": "runs\\runtime\\gamma_1.570796\\alpha_2.355000\\plans\\iter_000011_control_plan.npz",
  "eval_time_ns": 180.0,
  "gamma": 1.5707963267948966,
  "phase_iter": 11,
  "robustness": {
    "sigma_1p0": {
      "average_fidelity": 0.9093223646553229,
      "average_gate_fidelity": 0.8866529558191536,
      "fidelity_variance": 0.001725987979217904,
      "num_samples": 60,
      "sigma_mhz": 1.0
    }
  }
}