{
  "alpha": 2.355,
  "eval_cost": 0.827476004552176,
  "eval_fidelity": 0.9632314850464254,
  "eval_leakage": 0.008602943842981691,
  "eval_plan_path": "runs\\runtime\\gamma_1.570796\\alpha_2.355000\\plans\\iter_000004_control_plan.npz",
  "eval_time_ns": 180.0,
  "gamma": 1.5707963267948966,
  "phase_iter": 4,
  "robustness": {
    "sigma_1p0": {
      "average_fidelity": 0.9259557953524018,
      "average_gate_fidelity": 0.9074447441905024,
      "fidelity_variance": 0.0012725356873404046,
      "num_samples": 60,
      "sigma_mhz": 1.0
    }
  }
}