{
  "alpha": 2.355,
  "eval_cost": 0.9237805395464557,
  "eval_fidelity": 0.9558185692684482,
  "eval_leakage": 0.008692909226106356,
  "eval_plan_path": "runs\\runtime\\gamma_1.570796\\alpha_2.355000\\plans\\iter_000010_control_plan.npz",
  "eval_time_ns": 180.0,
  "gamma": 1.5707963267948966,
  "phase_iter": 10,
  "robustness": {
    "sigma_1p0": {
      "average_fidelity": 0.9197632220806103,
      "average_gate_fidelity": 0.8997040276007627,
      "fidelity_variance": 0.0016084847289039778,
      "num_samples": 60,
      "sigma_mhz": 1.0
    }
  }
}