{
  "alpha": 2.355,
  "eval_cost": 0.8339425535065454,
  "eval_fidelity": 0.9635181431002696,
  "eval_leakage": 0.00865931479257507,
  "eval_plan_path": "runs\\runtime\\gamma_1.570796\\alpha_2.355000\\plans\\iter_000007_control_plan.npz",
  "eval_time_ns": 180.0,
  "gamma": 1.5707963267948966,
  "phase_iter": 7,
  "robustness": {
    "sigma_1p0": {
      "average_fidelity": 0.9201376287376782,
      "average_gate_fidelity": 0.9001720359220978,
      "fidelity_variance": 0.0008564370400212608,
      "num_samples": 60,
      "sigma_mhz": 1.0
    }
  }
}