{
  "alpha": 2.355,
  "eval_cost": 0.9296588208598427,
  "eval_fidelity": 0.953401333433241,
  "eval_leakage": 0.008599681504619764,
  "eval_plan_path": "runs\\runtime\\gamma_1.570796\\alpha_2.355000\\plans\\iter_000003_control_plan.npz",
  "eval_time_ns": 180.0,
  "gamma": 1.5707963267948966,
  "phase_iter": 3,
  "robustness": {
    "sigma_1p0": {
      "average_fidelity": 0.9111408471760373,
      "average_gate_fidelity": 0.8889260589700466,
      "fidelity_variance": 0.001653766737931136,
      "num_samples": 60,
      "sigma_mhz": 1.0
    }
  }
}