{
  "alpha": 2.355,
  "eval_cost": 0.9153869141218451,
  "eval_fidelity": 0.956800910525406,
  "eval_leakage": 0.00872376531329998,
  "eval_plan_path": "runs\\runtime\\gamma_1.570796\\alpha_2.355000\\plans\\iter_000013_control_plan.npz",
  "eval_time_ns": 180.0,
  "gamma": 1.5707963267948966,
  "phase_iter": 13,
  "robustness": {
    "sigma_1p0": {
      "average_fidelity": 0.9187920048948304,
      "average_gate_fidelity": 0.8984900061185377,
      "fidelity_variance": 0.0014775760782902805,
      "num_samples": 60,
      "sigma_mhz": 1.0
    }
  }
}