{
  "alpha": 2.2,
  "eval_cost": 0.7262305600255141,
  "eval_fidelity": 0.8956170052399326,
  "eval_leakage": 0.00016190736529379286,
  "eval_plan_path": "runs\\cost_function_sweep\\trpo\\a-2p2_c345a8a2\\seed_2\\plans\\iter_000002_control_plan.npz",
  "eval_time_ns": 180.0,
  "gamma": 1.5707963267948966,
  "iteration": 2,
  "robustness": {
    "sigma_1p0": {
      "average_fidelity": 0.8672933356847793,
      "average_gate_fidelity": 0.8341166696059741,
      "fidelity_variance": 0.002410453675822156,
      "num_samples": 60,
      "sigma_mhz": 1.0
    }
  }
}