{
  "alpha": 2.2,
  "eval_cost": 1.5678367382849339,
  "eval_fidelity": 0.7249071127138668,
  "eval_leakage": 8.756569747853046e-05,
  "eval_plan_path": "runs\\cost_function_sweep\\trpo\\a-2p2_c345a8a2\\seed_2\\plans\\iter_000001_control_plan.npz",
  "eval_time_ns": 180.0,
  "gamma": 1.5707963267948966,
  "iteration": 1,
  "robustness": {
    "sigma_1p0": {
      "average_fidelity": 0.7491024150422612,
      "average_gate_fidelity": 0.6863780188028265,
      "fidelity_variance": 0.003491427072262132,
      "num_samples": 60,
      "sigma_mhz": 1.0
    }
  }
}