{
  "alpha": 0.5,
  "best_horizon_ns": 80.0,
  "gamma": 1.5707963267948966,
  "robustness": {
    "sigma_1p0": {
      "average_fidelity": 0.9667902367456599,
      "average_gate_fidelity": 0.9584877959320749,
      "fidelity_variance": 0.0001485403860294518,
      "num_samples": 60,
      "sigma_mhz": 1.0
    }
  }
}