{
  "alpha": 2.2,
  "eval_cost": 0.5184974709680763,
  "eval_fidelity": 0.9815731879028043,
  "eval_leakage": 0.00029296577439762275,
  "eval_plan_path": "runs\\nn_size_sweep\\trpo\\a-2p2_22d48190\\seed_3\\plans\\iter_000002_control_plan.npz",
  "eval_time_ns": 180.0,
  "gamma": 1.5707963267948966,
  "iteration": 2,
  "robustness": {
    "sigma_1p0": {
      "average_fidelity": 0.9306406871241985,
      "average_gate_fidelity": 0.9133008589052479,
      "fidelity_variance": 0.00088730585467434,
      "num_samples": 60,
      "sigma_mhz": 1.0
    }
  }
}