{
  "alpha": 2.2,
  "eval_cost": 0.3964649693642521,
  "eval_fidelity": 0.9929587832882353,
  "eval_leakage": 0.00024566119112055937,
  "eval_plan_path": "runs\\nn_size_sweep\\trpo\\a-2p2_22d48190\\seed_3\\plans\\iter_000003_control_plan.npz",
  "eval_time_ns": 152.0,
  "gamma": 1.5707963267948966,
  "iteration": 3,
  "robustness": {
    "sigma_1p0": {
      "average_fidelity": 0.9529497816977517,
      "average_gate_fidelity": 0.9411872271221896,
      "fidelity_variance": 0.000385575060991118,
      "num_samples": 60,
      "sigma_mhz": 1.0
    }
  }
}