{
  "alpha": 2.2,
  "eval_cost": 0.39203467026805056,
  "eval_fidelity": 0.9917055549243149,
  "eval_leakage": 0.0003756683004143541,
  "eval_plan_path": "runs\\nn_size_sweep\\trpo\\a-2p2_22d48190\\seed_3\\plans\\iter_000014_control_plan.npz",
  "eval_time_ns": 104.0,
  "gamma": 1.5707963267948966,
  "iteration": 14,
  "robustness": {
    "sigma_1p0": {
      "average_fidelity": 0.9626761038348932,
      "average_gate_fidelity": 0.9533451297936163,
      "fidelity_variance": 0.00035319816822855017,
      "num_samples": 60,
      "sigma_mhz": 1.0
    }
  }
}