{
  "alpha": 2.2,
  "eval_cost": 0.37797013143876546,
  "eval_fidelity": 0.9921764918968593,
  "eval_leakage": 0.0003289017472693924,
  "eval_plan_path": "runs\\nn_size_sweep\\trpo\\a-2p2_22d48190\\seed_3\\plans\\iter_000010_control_plan.npz",
  "eval_time_ns": 106.0,
  "gamma": 1.5707963267948966,
  "iteration": 10,
  "robustness": {
    "sigma_1p0": {
      "average_fidelity": 0.9625299954369955,
      "average_gate_fidelity": 0.9531624942962446,
      "fidelity_variance": 0.0003766594557657159,
      "num_samples": 60,
      "sigma_mhz": 1.0
    }
  }
}