{
  "alpha": 2.2,
  "eval_cost": 0.379247576341408,
  "eval_fidelity": 0.9984063775662797,
  "eval_leakage": 0.00025986674107192,
  "eval_plan_path": "runs\\nn_size_sweep\\trpo\\a-2p2_22d48190\\seed_3\\plans\\iter_000006_control_plan.npz",
  "eval_time_ns": 120.0,
  "gamma": 1.5707963267948966,
  "iteration": 6,
  "robustness": {
    "sigma_1p0": {
      "average_fidelity": 0.9645867967387783,
      "average_gate_fidelity": 0.9557334959234729,
      "fidelity_variance": 0.00022565416817532695,
      "num_samples": 60,
      "sigma_mhz": 1.0
    }
  }
}