{
  "alpha": 2.2,
  "eval_cost": 0.3847976874540392,
  "eval_fidelity": 0.9887381944869779,
  "eval_leakage": 0.0003884599777707909,
  "eval_plan_path": "runs\\nn_size_sweep\\trpo\\a-2p2_22d48190\\seed_3\\plans\\iter_000015_control_plan.npz",
  "eval_time_ns": 104.0,
  "gamma": 1.5707963267948966,
  "iteration": 15,
  "robustness": {
    "sigma_1p0": {
      "average_fidelity": 0.9596085752749275,
      "average_gate_fidelity": 0.9495107190936591,
      "fidelity_variance": 0.000538228061428831,
      "num_samples": 60,
      "sigma_mhz": 1.0
    }
  }
}