{
  "alpha": 2.2,
  "eval_cost": 0.39900146957187743,
  "eval_fidelity": 0.9934720121526673,
  "eval_leakage": 0.00024207197436569735,
  "eval_plan_path": "runs\\nn_size_sweep\\trpo\\a-2p2_22d48190\\seed_3\\plans\\iter_000007_control_plan.npz",
  "eval_time_ns": 114.0,
  "gamma": 1.5707963267948966,
  "iteration": 7,
  "robustness": {
    "sigma_1p0": {
      "average_fidelity": 0.9603990416428257,
      "average_gate_fidelity": 0.950498802053532,
      "fidelity_variance": 0.00030289119026135025,
      "num_samples": 60,
      "sigma_mhz": 1.0
    }
  }
}