{
  "alpha": 2.2,
  "eval_cost": 0.37194224437302137,
  "eval_fidelity": 0.9871244401723807,
  "eval_leakage": 0.0003699253243920819,
  "eval_plan_path": "runs\\nn_size_sweep\\trpo\\a-2p2_22d48190\\seed_3\\plans\\iter_000012_control_plan.npz",
  "eval_time_ns": 106.0,
  "gamma": 1.5707963267948966,
  "iteration": 12,
  "robustness": {
    "sigma_1p0": {
      "average_fidelity": 0.9570632835180887,
      "average_gate_fidelity": 0.9463291043976109,
      "fidelity_variance": 0.00041043852194708045,
      "num_samples": 60,
      "sigma_mhz": 1.0
    }
  }
}