{
  "alpha": 2.2,
  "eval_cost": 0.3783906654284964,
  "eval_fidelity": 0.9868677803948457,
  "eval_leakage": 0.00040609798910137406,
  "eval_plan_path": "runs\\nn_size_sweep\\trpo\\a-2p2_22d48190\\seed_3\\plans\\iter_000017_control_plan.npz",
  "eval_time_ns": 104.0,
  "gamma": 1.5707963267948966,
  "iteration": 17,
  "robustness": {
    "sigma_1p0": {
      "average_fidelity": 0.9585140895901475,
      "average_gate_fidelity": 0.9481426119876846,
      "fidelity_variance": 0.0004933716903435414,
      "num_samples": 60,
      "sigma_mhz": 1.0
    }
  }
}