{
  "alpha": 2.2,
  "eval_cost": 0.36840962892830587,
  "eval_fidelity": 0.9919242027994677,
  "eval_leakage": 0.00034206698539372666,
  "eval_plan_path": "runs\\nn_size_sweep\\trpo\\a-2p2_22d48190\\seed_3\\plans\\iter_000009_control_plan.npz",
  "eval_time_ns": 110.0,
  "gamma": 1.5707963267948966,
  "iteration": 9,
  "robustness": {
    "sigma_1p0": {
      "average_fidelity": 0.9588007595969018,
      "average_gate_fidelity": 0.9485009494961271,
      "fidelity_variance": 0.0006128451823203012,
      "num_samples": 60,
      "sigma_mhz": 1.0
    }
  }
}