{
  "alpha": 2.2,
  "eval_cost": 0.36954251130243654,
  "eval_fidelity": 0.987572665336818,
  "eval_leakage": 0.0004700429810021748,
  "eval_plan_path": "runs\\nn_size_sweep\\trpo\\a-2p2_22d48190\\seed_3\\plans\\iter_000020_control_plan.npz",
  "eval_time_ns": 102.0,
  "gamma": 1.5707963267948966,
  "iteration": 20,
  "robustness": {
    "sigma_1p0": {
      "average_fidelity": 0.9637576931137133,
      "average_gate_fidelity": 0.9546971163921417,
      "fidelity_variance": 0.0001988650734169962,
      "num_samples": 60,
      "sigma_mhz": 1.0
    }
  }
}