{
  "alpha": 2.2,
  "eval_cost": 0.3755418633300971,
  "eval_fidelity": 0.9931129515406747,
  "eval_leakage": 0.00035899711134811406,
  "eval_plan_path": "runs\\nn_size_sweep\\trpo\\a-2p2_22d48190\\seed_3\\plans\\iter_000013_control_plan.npz",
  "eval_time_ns": 104.0,
  "gamma": 1.5707963267948966,
  "iteration": 13,
  "robustness": {
    "sigma_1p0": {
      "average_fidelity": 0.9653420788051614,
      "average_gate_fidelity": 0.9566775985064518,
      "fidelity_variance": 0.0002436029745481515,
      "num_samples": 60,
      "sigma_mhz": 1.0
    }
  }
}