{
  "alpha": 2.2,
  "eval_cost": 0.37101497449983034,
  "eval_fidelity": 0.9872518060882877,
  "eval_leakage": 0.0004306492903632679,
  "eval_plan_path": "runs\\nn_size_sweep\\trpo\\a-2p2_22d48190\\seed_3\\plans\\iter_000018_control_plan.npz",
  "eval_time_ns": 104.0,
  "gamma": 1.5707963267948966,
  "iteration": 18,
  "robustness": {
    "sigma_1p0": {
      "average_fidelity": 0.9608043696216827,
      "average_gate_fidelity": 0.9510054620271032,
      "fidelity_variance": 0.0003829999111406714,
      "num_samples": 60,
      "sigma_mhz": 1.0
    }
  }
}