{
  "alpha": 2.2,
  "eval_cost": 0.382746472654672,
  "eval_fidelity": 0.9918292997284981,
  "eval_leakage": 0.00035156252371225166,
  "eval_plan_path": "runs\\nn_size_sweep\\trpo\\a-2p2_22d48190\\seed_3\\plans\\iter_000011_control_plan.npz",
  "eval_time_ns": 106.0,
  "gamma": 1.5707963267948966,
  "iteration": 11,
  "robustness": {
    "sigma_1p0": {
      "average_fidelity": 0.963354747702452,
      "average_gate_fidelity": 0.954193434628065,
      "fidelity_variance": 0.0002529817255468841,
      "num_samples": 60,
      "sigma_mhz": 1.0
    }
  }
}