{
  "alpha": 2.2,
  "eval_cost": 2.1643809724404255,
  "eval_fidelity": 0.8177757971018781,
  "eval_leakage": 0.0001504414211744766,
  "eval_plan_path": "runs\\nn_size_sweep\\trpo\\a-2p2_22d48190\\seed_3\\plans\\iter_000001_control_plan.npz",
  "eval_time_ns": 180.0,
  "gamma": 1.5707963267948966,
  "iteration": 1,
  "robustness": {
    "sigma_1p0": {
      "average_fidelity": 0.8164831504878368,
      "average_gate_fidelity": 0.7706039381097959,
      "fidelity_variance": 0.0036316987574636105,
      "num_samples": 60,
      "sigma_mhz": 1.0
    }
  }
}