{
  "alpha": 2.2,
  "eval_cost": 0.3948421316650411,
  "eval_fidelity": 0.9897991584487079,
  "eval_leakage": 0.0004492765911259958,
  "eval_plan_path": "runs\\nn_size_sweep\\trpo\\a-2p2_22d48190\\seed_3\\plans\\iter_000019_control_plan.npz",
  "eval_time_ns": 102.0,
  "gamma": 1.5707963267948966,
  "iteration": 19,
  "robustness": {
    "sigma_1p0": {
      "average_fidelity": 0.9630969926500779,
      "average_gate_fidelity": 0.9538712408125972,
      "fidelity_variance": 0.00022654785679549624,
      "num_samples": 60,
      "sigma_mhz": 1.0
    }
  }
}