{
  "alpha": 2.2,
  "eval_cost": 0.377874157043673,
  "eval_fidelity": 0.9922906363958729,
  "eval_leakage": 0.0002905629711928579,
  "eval_plan_path": "runs\\nn_size_sweep\\trpo\\a-2p2_22d48190\\seed_3\\plans\\iter_000008_control_plan.npz",
  "eval_time_ns": 112.0,
  "gamma": 1.5707963267948966,
  "iteration": 8,
  "robustness": {
    "sigma_1p0": {
      "average_fidelity": 0.9598585762937042,
      "average_gate_fidelity": 0.94982322036713,
      "fidelity_variance": 0.00022284174030525727,
      "num_samples": 60,
      "sigma_mhz": 1.0
    }
  }
}