{
  "alpha": 2.2,
  "eval_cost": 0.37394443341327843,
  "eval_fidelity": 0.9857424951999155,
  "eval_leakage": 0.0003805296029388136,
  "eval_plan_path": "runs\\nn_size_sweep\\trpo\\a-2p2_22d48190\\seed_3\\plans\\iter_000016_control_plan.npz",
  "eval_time_ns": 106.0,
  "gamma": 1.5707963267948966,
  "iteration": 16,
  "robustness": {
    "sigma_1p0": {
      "average_fidelity": 0.9584008647649189,
      "average_gate_fidelity": 0.9480010809561487,
      "fidelity_variance": 0.00041064091011223486,
      "num_samples": 60,
      "sigma_mhz": 1.0
    }
  }
}