{
  "alpha": 2.2,
  "eval_cost": 1.4994200360459398,
  "eval_fidelity": 0.8271046529134348,
  "eval_leakage": 0.000266502645663331,
  "eval_plan_path": "runs\\cost_function_sweep\\trpo\\a-2p2__g-pi_2__kl-0p005__tc-0p15__std-m1p0__dt-2p0__mt-180p0__chi-5p0__beta-10p0__mu-0p4__kappa-0p2\\seed_1\\plans\\iter_000005_control_plan.npz",
  "eval_time_ns": 180.0,
  "gamma": 1.5707963267948966,
  "iteration": 5,
  "robustness": {
    "sigma_1p0": {
      "average_fidelity": 0.8145905230913547,
      "average_gate_fidelity": 0.7682381538641935,
      "fidelity_variance": 0.003935089911535942,
      "num_samples": 60,
      "sigma_mhz": 1.0
    }
  }
}