{
  "alpha": 2.2,
  "eval_cost": 0.38975668786284345,
  "eval_fidelity": 0.9903332279959415,
  "eval_leakage": 0.00041577305302592586,
  "eval_plan_path": "runs\\nn_size_sweep\\trpo\\a-2p2_71cf2651\\seed_1\\plans\\iter_000015_control_plan.npz",
  "eval_time_ns": 102.0,
  "gamma": 1.5707963267948966,
  "iteration": 15,
  "robustness": {
    "sigma_1p0": {
      "average_fidelity": 0.9584594430877943,
      "average_gate_fidelity": 0.9480743038597427,
      "fidelity_variance": 0.000387991760168494,
      "num_samples": 60,
      "sigma_mhz": 1.0
    }
  }
}