{
  "alpha": 2.2,
  "eval_cost": 0.38557884925562835,
  "eval_fidelity": 0.9929879262896757,
  "eval_leakage": 0.0002829485769804369,
  "eval_plan_path": "runs\\nn_size_sweep\\trpo\\a-2p2_71cf2651\\seed_1\\plans\\iter_000003_control_plan.npz",
  "eval_time_ns": 150.0,
  "gamma": 1.5707963267948966,
  "iteration": 3,
  "robustness": {
    "sigma_1p0": {
      "average_fidelity": 0.9479072107136539,
      "average_gate_fidelity": 0.9348840133920675,
      "fidelity_variance": 0.0006002919244583249,
      "num_samples": 60,
      "sigma_mhz": 1.0
    }
  }
}