{
  "alpha": 2.2,
  "eval_cost": 0.3816409832646055,
  "eval_fidelity": 0.987334530287668,
  "eval_leakage": 0.0004068438174131618,
  "eval_plan_path": "runs\\nn_size_sweep\\trpo\\a-2p2_71cf2651\\seed_1\\plans\\iter_000017_control_plan.npz",
  "eval_time_ns": 104.0,
  "gamma": 1.5707963267948966,
  "iteration": 17,
  "robustness": {
    "sigma_1p0": {
      "average_fidelity": 0.958860211242207,
      "average_gate_fidelity": 0.9485752640527587,
      "fidelity_variance": 0.00031239393005253407,
      "num_samples": 60,
      "sigma_mhz": 1.0
    }
  }
}