{
  "alpha": 2.2,
  "eval_cost": 0.37608609840745977,
  "eval_fidelity": 0.9972900081881734,
  "eval_leakage": 0.0002961003369368338,
  "eval_plan_path": "runs\\nn_size_sweep\\trpo\\a-2p2_71cf2651\\seed_1\\plans\\iter_000006_control_plan.npz",
  "eval_time_ns": 116.0,
  "gamma": 1.5707963267948966,
  "iteration": 6,
  "robustness": {
    "sigma_1p0": {
      "average_fidelity": 0.9632142569725691,
      "average_gate_fidelity": 0.9540178212157113,
      "fidelity_variance": 0.0003665679938957753,
      "num_samples": 60,
      "sigma_mhz": 1.0
    }
  }
}