{
  "alpha": 2.2,
  "eval_cost": 0.3866518691186568,
  "eval_fidelity": 0.9890098772666409,
  "eval_leakage": 0.0003671300054819232,
  "eval_plan_path": "runs\\nn_size_sweep\\trpo\\a-2p2_71cf2651\\seed_1\\plans\\iter_000012_control_plan.npz",
  "eval_time_ns": 106.0,
  "gamma": 1.5707963267948966,
  "iteration": 12,
  "robustness": {
    "sigma_1p0": {
      "average_fidelity": 0.9632512670962955,
      "average_gate_fidelity": 0.9540640838703692,
      "fidelity_variance": 0.0004924086506317051,
      "num_samples": 60,
      "sigma_mhz": 1.0
    }
  }
}