{
  "alpha": 2.2,
  "eval_cost": 0.38915060377528987,
  "eval_fidelity": 0.9860404383431842,
  "eval_leakage": 0.00042985430261989667,
  "eval_plan_path": "runs\\nn_size_sweep\\trpo\\a-2p2_71cf2651\\seed_1\\plans\\iter_000019_control_plan.npz",
  "eval_time_ns": 104.0,
  "gamma": 1.5707963267948966,
  "iteration": 19,
  "robustness": {
    "sigma_1p0": {
      "average_fidelity": 0.9571837695829845,
      "average_gate_fidelity": 0.9464797119787305,
      "fidelity_variance": 0.0003717842581038236,
      "num_samples": 60,
      "sigma_mhz": 1.0
    }
  }
}