{
  "alpha": 2.2,
  "eval_cost": 0.3905359456546095,
  "eval_fidelity": 0.9945580627343005,
  "eval_leakage": 0.00031938260262507213,
  "eval_plan_path": "runs\\nn_size_sweep\\trpo\\a-2p2_71cf2651\\seed_1\\plans\\iter_000007_control_plan.npz",
  "eval_time_ns": 112.0,
  "gamma": 1.5707963267948966,
  "iteration": 7,
  "robustness": {
    "sigma_1p0": {
      "average_fidelity": 0.9632272038011636,
      "average_gate_fidelity": 0.9540340047514542,
      "fidelity_variance": 0.00023199223598201985,
      "num_samples": 60,
      "sigma_mhz": 1.0
    }
  }
}