{
  "alpha": 2.2,
  "eval_cost": 0.37143206338436324,
  "eval_fidelity": 0.9862067523679191,
  "eval_leakage": 0.0004234833792054921,
  "eval_plan_path": "runs\\nn_size_sweep\\trpo\\a-2p2_71cf2651\\seed_1\\plans\\iter_000020_control_plan.npz",
  "eval_time_ns": 104.0,
  "gamma": 1.5707963267948966,
  "iteration": 20,
  "robustness": {
    "sigma_1p0": {
      "average_fidelity": 0.9556063272304738,
      "average_gate_fidelity": 0.9445079090380921,
      "fidelity_variance": 0.0004784937942250081,
      "num_samples": 60,
      "sigma_mhz": 1.0
    }
  }
}