{
  "alpha": 2.2,
  "eval_cost": 0.36966193854038976,
  "eval_fidelity": 0.9955757913426291,
  "eval_leakage": 0.00031433208648447416,
  "eval_plan_path": "runs\\nn_size_sweep\\trpo\\a-2p2_71cf2651\\seed_1\\plans\\iter_000008_control_plan.npz",
  "eval_time_ns": 110.0,
  "gamma": 1.5707963267948966,
  "iteration": 8,
  "robustness": {
    "sigma_1p0": {
      "average_fidelity": 0.9642171390041776,
      "average_gate_fidelity": 0.9552714237552219,
      "fidelity_variance": 0.0001752182067651436,
      "num_samples": 60,
      "sigma_mhz": 1.0
    }
  }
}