{
  "alpha": 2.2,
  "eval_cost": 0.5710553152561832,
  "eval_fidelity": 0.9754266697625569,
  "eval_leakage": 0.00023809806760956967,
  "eval_plan_path": "runs\\nn_size_sweep\\trpo\\a-2p2_71cf2651\\seed_1\\plans\\iter_000002_control_plan.npz",
  "eval_time_ns": 180.0,
  "gamma": 1.5707963267948966,
  "iteration": 2,
  "robustness": {
    "sigma_1p0": {
      "average_fidelity": 0.9305254044466382,
      "average_gate_fidelity": 0.9131567555582979,
      "fidelity_variance": 0.001043285573864521,
      "num_samples": 60,
      "sigma_mhz": 1.0
    }
  }
}