{
  "alpha": 2.2,
  "eval_cost": 0.3667413110339707,
  "eval_fidelity": 0.9888990273989103,
  "eval_leakage": 0.0003889041746485429,
  "eval_plan_path": "runs\\nn_size_sweep\\trpo\\a-2p2_71cf2651\\seed_1\\plans\\iter_000016_control_plan.npz",
  "eval_time_ns": 104.0,
  "gamma": 1.5707963267948966,
  "iteration": 16,
  "robustness": {
    "sigma_1p0": {
      "average_fidelity": 0.958440208789543,
      "average_gate_fidelity": 0.9480502609869286,
      "fidelity_variance": 0.0002095624158194751,
      "num_samples": 60,
      "sigma_mhz": 1.0
    }
  }
}