{
  "alpha": 2.2,
  "eval_cost": 0.3982369700534939,
  "eval_fidelity": 0.9955535468278601,
  "eval_leakage": 0.0002724000235216641,
  "eval_plan_path": "runs\\nn_size_sweep\\trpo\\a-2p2_71cf2651\\seed_1\\plans\\iter_000005_control_plan.npz",
  "eval_time_ns": 120.0,
  "gamma": 1.5707963267948966,
  "iteration": 5,
  "robustness": {
    "sigma_1p0": {
      "average_fidelity": 0.9591030563408103,
      "average_gate_fidelity": 0.9488788204260128,
      "fidelity_variance": 0.0004055594154203254,
      "num_samples": 60,
      "sigma_mhz": 1.0
    }
  }
}