{
  "alpha": 2.2,
  "eval_cost": 0.3816051952714236,
  "eval_fidelity": 0.9954183986797354,
  "eval_leakage": 0.00024424395647202604,
  "eval_plan_path": "runs\\nn_size_sweep\\trpo\\a-2p2_71cf2651\\seed_1\\plans\\iter_000004_control_plan.npz",
  "eval_time_ns": 130.0,
  "gamma": 1.5707963267948966,
  "iteration": 4,
  "robustness": {
    "sigma_1p0": {
      "average_fidelity": 0.9586640459388616,
      "average_gate_fidelity": 0.948330057423577,
      "fidelity_variance": 0.00044762095767709206,
      "num_samples": 60,
      "sigma_mhz": 1.0
    }
  }
}