{
  "alpha": 2.2,
  "eval_cost": 0.3776330622729913,
  "eval_fidelity": 0.9926843488027384,
  "eval_leakage": 0.00033043839687804655,
  "eval_plan_path": "runs\\nn_size_sweep\\trpo\\a-2p2_71cf2651\\seed_1\\plans\\iter_000010_control_plan.npz",
  "eval_time_ns": 108.0,
  "gamma": 1.5707963267948966,
  "iteration": 10,
  "robustness": {
    "sigma_1p0": {
      "average_fidelity": 0.9647305302933926,
      "average_gate_fidelity": 0.9559131628667407,
      "fidelity_variance": 0.00023140246540072804,
      "num_samples": 60,
      "sigma_mhz": 1.0
    }
  }
}