{
  "alpha": 2.2,
  "eval_cost": 0.37988459296372545,
  "eval_fidelity": 0.9928394101281086,
  "eval_leakage": 0.0003795548074212789,
  "eval_plan_path": "runs\\nn_size_sweep\\trpo\\a-2p2_71cf2651\\seed_1\\plans\\iter_000013_control_plan.npz",
  "eval_time_ns": 104.0,
  "gamma": 1.5707963267948966,
  "iteration": 13,
  "robustness": {
    "sigma_1p0": {
      "average_fidelity": 0.9653202368044728,
      "average_gate_fidelity": 0.956650296005591,
      "fidelity_variance": 0.00025201187133295816,
      "num_samples": 60,
      "sigma_mhz": 1.0
    }
  }
}