{
  "alpha": 2.2,
  "eval_cost": 0.3703132237008352,
  "eval_fidelity": 0.9870376270494856,
  "eval_leakage": 0.0004081084066988379,
  "eval_plan_path": "runs\\nn_size_sweep\\trpo\\a-2p2_71cf2651\\seed_1\\plans\\iter_000018_control_plan.npz",
  "eval_time_ns": 104.0,
  "gamma": 1.5707963267948966,
  "iteration": 18,
  "robustness": {
    "sigma_1p0": {
      "average_fidelity": 0.9618289109873729,
      "average_gate_fidelity": 0.9522861387342162,
      "fidelity_variance": 0.00032681272432557603,
      "num_samples": 60,
      "sigma_mhz": 1.0
    }
  }
}