{
  "alpha": 0.0,
  "best_cost": 0.7295709991027143,
  "best_fidelity": 0.9398910036952106,
  "best_horizon_ns": 70.0,
  "best_leakage": 0.00046297652863435296,
  "control_plan": "runs/adam_runtime_sweep\\gamma_1.570796\\alpha_0.000000\\best_control_plan.npz",
  "gamma": 1.5707963267948966,
  "robustness_path": "runs/adam_runtime_sweep\\gamma_1.570796\\alpha_0.000000\\robustness\\best_robustness.json",
  "robustness_sigma_1p0_average_fidelity": 0.9360865741030763,
  "robustness_sigma_1p0_average_gate_fidelity": 0.9201082176288454,
  "robustness_sigma_1p0_fidelity_variance": 0.0004951404515312562,
  "runtime_ns": 70.0
}