{
  "alpha": 2.2,
  "eval_cost": 1.6271401633479896,
  "eval_fidelity": 0.9828793186116732,
  "eval_leakage": 0.0001913369502974238,
  "eval_plan_path": "runs\\cost_function_sweep\\trpo\\a-2p2__g-pi_2__kl-0p005__tc-0p15__std-m1p0__dt-2p0__mt-180p0__chi-20p0__beta-10p0__mu-0p1__kappa-0p4\\seed_1\\plans\\iter_000002_control_plan.npz",
  "eval_time_ns": 180.0,
  "gamma": 1.5707963267948966,
  "iteration": 2,
  "robustness": {
    "sigma_1p0": {
      "average_fidelity": 0.9362547038410964,
      "average_gate_fidelity": 0.9203183798013705,
      "fidelity_variance": 0.0008742337587126395,
      "num_samples": 60,
      "sigma_mhz": 1.0
    }
  }
}