{
  "alpha": 2.2,
  "eval_cost": 0.949062987894766,
  "eval_fidelity": 0.9725907407107506,
  "eval_leakage": 0.0001927893155224486,
  "eval_plan_path": "runs\\cost_function_sweep\\trpo\\a-2p2_bee7464c\\seed_1\\plans\\iter_000002_control_plan.npz",
  "eval_time_ns": 180.0,
  "gamma": 1.5707963267948966,
  "iteration": 2,
  "robustness": {
    "sigma_1p0": {
      "average_fidelity": 0.9286107602741034,
      "average_gate_fidelity": 0.9107634503426294,
      "fidelity_variance": 0.001036575826719006,
      "num_samples": 60,
      "sigma_mhz": 1.0
    }
  }
}