{
  "alpha": 2.2,
  "eval_cost": 0.6940102647387553,
  "eval_fidelity": 0.9954746495104989,
  "eval_leakage": 0.0002873303505389877,
  "eval_plan_path": "runs\\cost_function_sweep\\trpo\\a-2p2_bee7464c\\seed_1\\plans\\iter_000003_control_plan.npz",
  "eval_time_ns": 180.0,
  "gamma": 1.5707963267948966,
  "iteration": 3,
  "robustness": {
    "sigma_1p0": {
      "average_fidelity": 0.9418326475121894,
      "average_gate_fidelity": 0.9272908093902371,
      "fidelity_variance": 0.0006684770263572008,
      "num_samples": 60,
      "sigma_mhz": 1.0
    }
  }
}