{
  "alpha": 1.1,
  "best_horizon_ns": 50.0,
  "gamma": 1.5707963267948966,
  "robustness": {
    "sigma_1p0": {
      "average_fidelity": 0.9641682849229453,
      "average_gate_fidelity": 0.9552103561536814,
      "fidelity_variance": 0.0003409126045468074,
      "num_samples": 60,
      "sigma_mhz": 1.0
    }
  }
}