{
  "alpha": 2.2,
  "eval_cost": 1.5698264990149786,
  "eval_fidelity": 0.7519258169091712,
  "eval_leakage": 0.00011326670976961288,
  "eval_plan_path": "runs\\cost_function_sweep\\trpo\\a-2p2_5dfdc91c\\seed_1\\plans\\iter_000001_control_plan.npz",
  "eval_time_ns": 180.0,
  "gamma": 1.5707963267948966,
  "iteration": 1,
  "robustness": {
    "sigma_1p0": {
      "average_fidelity": 0.7658398120243286,
      "average_gate_fidelity": 0.7072997650304108,
      "fidelity_variance": 0.004826207398540248,
      "num_samples": 60,
      "sigma_mhz": 1.0
    }
  }
}