{
  "alpha": 2.2,
  "eval_cost": 1.2869446525609054,
  "eval_fidelity": 0.8123451286987318,
  "eval_leakage": 0.00017669319961200348,
  "eval_plan_path": "runs\\cost_function_sweep\\trpo\\a-2p2_c7e8dd91\\seed_1\\plans\\iter_000002_control_plan.npz",
  "eval_time_ns": 180.0,
  "gamma": 1.5707963267948966,
  "iteration": 2,
  "robustness": {
    "sigma_1p0": {
      "average_fidelity": 0.8092710298311933,
      "average_gate_fidelity": 0.7615887872889914,
      "fidelity_variance": 0.0031844613653994555,
      "num_samples": 60,
      "sigma_mhz": 1.0
    }
  }
}