{
  "alpha": 2.2,
  "eval_cost": 1.1654047101877278,
  "eval_fidelity": 0.8324789084126768,
  "eval_leakage": 0.000320605407652895,
  "eval_plan_path": "runs\\cost_function_sweep\\trpo\\a-2p2_c7e8dd91\\seed_1\\plans\\iter_000004_control_plan.npz",
  "eval_time_ns": 180.0,
  "gamma": 1.5707963267948966,
  "iteration": 4,
  "robustness": {
    "sigma_1p0": {
      "average_fidelity": 0.8226384579324005,
      "average_gate_fidelity": 0.7782980724155008,
      "fidelity_variance": 0.004306739880765079,
      "num_samples": 60,
      "sigma_mhz": 1.0
    }
  }
}