{
  "alpha": 2.2,
  "eval_cost": 0.3992508772504392,
  "eval_fidelity": 0.9848408482158553,
  "eval_leakage": 0.000454675090835252,
  "eval_plan_path": "runs\\nn_size_sweep\\trpo\\a-2p2_71cf2651\\seed_2\\plans\\iter_000019_control_plan.npz",
  "eval_time_ns": 102.0,
  "gamma": 1.5707963267948966,
  "iteration": 19,
  "robustness": {
    "sigma_1p0": {
      "average_fidelity": 0.9592548873368805,
      "average_gate_fidelity": 0.9490686091711006,
      "fidelity_variance": 0.00031774150109637654,
      "num_samples": 60,
      "sigma_mhz": 1.0
    }
  }
}