{
  "alpha": 2.2,
  "eval_cost": 0.37995872399640535,
  "eval_fidelity": 0.9897940505198315,
  "eval_leakage": 0.00041524573214586196,
  "eval_plan_path": "runs\\nn_size_sweep\\trpo\\a-2p2_71cf2651\\seed_2\\plans\\iter_000016_control_plan.npz",
  "eval_time_ns": 104.0,
  "gamma": 1.5707963267948966,
  "iteration": 16,
  "robustness": {
    "sigma_1p0": {
      "average_fidelity": 0.9621018738511758,
      "average_gate_fidelity": 0.9526273423139698,
      "fidelity_variance": 0.00032605766962698373,
      "num_samples": 60,
      "sigma_mhz": 1.0
    }
  }
}