{
  "alpha": 2.2,
  "eval_cost": 0.3875395766274083,
  "eval_fidelity": 0.9881423720625073,
  "eval_leakage": 0.00042497525986053003,
  "eval_plan_path": "runs\\nn_size_sweep\\trpo\\a-2p2_71cf2651\\seed_2\\plans\\iter_000018_control_plan.npz",
  "eval_time_ns": 102.0,
  "gamma": 1.5707963267948966,
  "iteration": 18,
  "robustness": {
    "sigma_1p0": {
      "average_fidelity": 0.9611072553346722,
      "average_gate_fidelity": 0.95138406916834,
      "fidelity_variance": 0.00040629862531579923,
      "num_samples": 60,
      "sigma_mhz": 1.0
    }
  }
}