{
  "alpha": 2.2,
  "eval_cost": 0.3915150133630716,
  "eval_fidelity": 0.9955164011766472,
  "eval_leakage": 0.00029274921779286206,
  "eval_plan_path": "runs\\nn_size_sweep\\trpo\\a-2p2_71cf2651\\seed_2\\plans\\iter_000004_control_plan.npz",
  "eval_time_ns": 134.0,
  "gamma": 1.5707963267948966,
  "iteration": 4,
  "robustness": {
    "sigma_1p0": {
      "average_fidelity": 0.9610075880406017,
      "average_gate_fidelity": 0.9512594850507521,
      "fidelity_variance": 0.00025692022659572233,
      "num_samples": 60,
      "sigma_mhz": 1.0
    }
  }
}