{
  "alpha": 2.2,
  "eval_cost": 0.3927894591217877,
  "eval_fidelity": 0.9933859535664432,
  "eval_leakage": 0.00024907476277599835,
  "eval_plan_path": "runs\\nn_size_sweep\\trpo\\a-2p2_71cf2651\\seed_2\\plans\\iter_000003_control_plan.npz",
  "eval_time_ns": 148.0,
  "gamma": 1.5707963267948966,
  "iteration": 3,
  "robustness": {
    "sigma_1p0": {
      "average_fidelity": 0.9471743912294124,
      "average_gate_fidelity": 0.9339679890367655,
      "fidelity_variance": 0.0005680840202475999,
      "num_samples": 60,
      "sigma_mhz": 1.0
    }
  }
}