{
  "alpha": 2.2,
  "eval_cost": 0.39388594845160574,
  "eval_fidelity": 0.9845617166433592,
  "eval_leakage": 0.00047760611260326904,
  "eval_plan_path": "runs\\nn_size_sweep\\trpo\\a-2p2_71cf2651\\seed_2\\plans\\iter_000020_control_plan.npz",
  "eval_time_ns": 102.0,
  "gamma": 1.5707963267948966,
  "iteration": 20,
  "robustness": {
    "sigma_1p0": {
      "average_fidelity": 0.9606336222157748,
      "average_gate_fidelity": 0.9507920277697185,
      "fidelity_variance": 0.00030921411941330513,
      "num_samples": 60,
      "sigma_mhz": 1.0
    }
  }
}