{
  "alpha": 2.2,
  "eval_cost": 0.3668342556559109,
  "eval_fidelity": 0.9899966103371751,
  "eval_leakage": 0.0004412479620412158,
  "eval_plan_path": "runs\\nn_size_sweep\\trpo\\a-2p2_71cf2651\\seed_2\\plans\\iter_000015_control_plan.npz",
  "eval_time_ns": 104.0,
  "gamma": 1.5707963267948966,
  "iteration": 15,
  "robustness": {
    "sigma_1p0": {
      "average_fidelity": 0.9642802704692415,
      "average_gate_fidelity": 0.955350338086552,
      "fidelity_variance": 0.0003387198841790529,
      "num_samples": 60,
      "sigma_mhz": 1.0
    }
  }
}