{
  "alpha": 2.2,
  "eval_cost": 0.38095210784187455,
  "eval_fidelity": 0.9943285154890207,
  "eval_leakage": 0.0003344464644535828,
  "eval_plan_path": "runs\\nn_size_sweep\\trpo\\a-2p2_71cf2651\\seed_2\\plans\\iter_000006_control_plan.npz",
  "eval_time_ns": 118.0,
  "gamma": 1.5707963267948966,
  "iteration": 6,
  "robustness": {
    "sigma_1p0": {
      "average_fidelity": 0.9605908912780955,
      "average_gate_fidelity": 0.9507386140976194,
      "fidelity_variance": 0.00029813522785649744,
      "num_samples": 60,
      "sigma_mhz": 1.0
    }
  }
}