{
  "alpha": 2.2,
  "eval_cost": 0.3809783239086262,
  "eval_fidelity": 0.9905750899119272,
  "eval_leakage": 0.0003973602917707611,
  "eval_plan_path": "runs\\nn_size_sweep\\trpo\\a-2p2_71cf2651\\seed_2\\plans\\iter_000012_control_plan.npz",
  "eval_time_ns": 106.0,
  "gamma": 1.5707963267948966,
  "iteration": 12,
  "robustness": {
    "sigma_1p0": {
      "average_fidelity": 0.9628002746678348,
      "average_gate_fidelity": 0.9535003433347934,
      "fidelity_variance": 0.0002968186388550913,
      "num_samples": 60,
      "sigma_mhz": 1.0
    }
  }
}