{
  "alpha": 2.2,
  "eval_cost": 0.39308446851431833,
  "eval_fidelity": 0.989116788367377,
  "eval_leakage": 0.00041296303697190554,
  "eval_plan_path": "runs\\nn_size_sweep\\trpo\\a-2p2_71cf2651\\seed_2\\plans\\iter_000010_control_plan.npz",
  "eval_time_ns": 108.0,
  "gamma": 1.5707963267948966,
  "iteration": 10,
  "robustness": {
    "sigma_1p0": {
      "average_fidelity": 0.9600684962995025,
      "average_gate_fidelity": 0.9500856203743785,
      "fidelity_variance": 0.0005187130150253403,
      "num_samples": 60,
      "sigma_mhz": 1.0
    }
  }
}