{
  "alpha": 2.2,
  "eval_cost": 0.38255162690676614,
  "eval_fidelity": 0.9944963536813762,
  "eval_leakage": 0.00033391477198641234,
  "eval_plan_path": "runs\\nn_size_sweep\\trpo\\a-2p2_71cf2651\\seed_2\\plans\\iter_000007_control_plan.npz",
  "eval_time_ns": 114.0,
  "gamma": 1.5707963267948966,
  "iteration": 7,
  "robustness": {
    "sigma_1p0": {
      "average_fidelity": 0.9619478189415093,
      "average_gate_fidelity": 0.9524347736768864,
      "fidelity_variance": 0.00028146679216361933,
      "num_samples": 60,
      "sigma_mhz": 1.0
    }
  }
}