{
  "alpha": 2.2,
  "eval_cost": 0.3718904013326466,
  "eval_fidelity": 0.9956348512630254,
  "eval_leakage": 0.00030431696638319477,
  "eval_plan_path": "runs\\nn_size_sweep\\trpo\\a-2p2_71cf2651\\seed_2\\plans\\iter_000005_control_plan.npz",
  "eval_time_ns": 124.0,
  "gamma": 1.5707963267948966,
  "iteration": 5,
  "robustness": {
    "sigma_1p0": {
      "average_fidelity": 0.9606639343791955,
      "average_gate_fidelity": 0.9508299179739943,
      "fidelity_variance": 0.000326121542946692,
      "num_samples": 60,
      "sigma_mhz": 1.0
    }
  }
}