{
  "alpha": 2.2,
  "eval_cost": 0.3889419225520114,
  "eval_fidelity": 0.9885996844499721,
  "eval_leakage": 0.00040930886820532566,
  "eval_plan_path": "runs\\nn_size_sweep\\trpo\\a-2p2_71cf2651\\seed_2\\plans\\iter_000014_control_plan.npz",
  "eval_time_ns": 104.0,
  "gamma": 1.5707963267948966,
  "iteration": 14,
  "robustness": {
    "sigma_1p0": {
      "average_fidelity": 0.960665374972778,
      "average_gate_fidelity": 0.9508317187159726,
      "fidelity_variance": 0.0003589782419914428,
      "num_samples": 60,
      "sigma_mhz": 1.0
    }
  }
}