{
  "alpha": 2.2,
  "eval_cost": 2.11068457182619,
  "eval_fidelity": 0.8238767723089998,
  "eval_leakage": 0.00012681792329723865,
  "eval_plan_path": "runs\\nn_size_sweep\\trpo\\a-2p2_71cf2651\\seed_2\\plans\\iter_000001_control_plan.npz",
  "eval_time_ns": 180.0,
  "gamma": 1.5707963267948966,
  "iteration": 1,
  "robustness": {
    "sigma_1p0": {
      "average_fidelity": 0.8231831184937516,
      "average_gate_fidelity": 0.7789788981171896,
      "fidelity_variance": 0.0027101858821225533,
      "num_samples": 60,
      "sigma_mhz": 1.0
    }
  }
}