{
  "alpha": 2.2,
  "eval_cost": 0.369251129628005,
  "eval_fidelity": 0.9936478051303913,
  "eval_leakage": 0.00037481025839710915,
  "eval_plan_path": "runs\\nn_size_sweep\\trpo\\a-2p2_71cf2651\\seed_2\\plans\\iter_000009_control_plan.npz",
  "eval_time_ns": 110.0,
  "gamma": 1.5707963267948966,
  "iteration": 9,
  "robustness": {
    "sigma_1p0": {
      "average_fidelity": 0.9620652166096133,
      "average_gate_fidelity": 0.9525815207620167,
      "fidelity_variance": 0.0002943806261192496,
      "num_samples": 60,
      "sigma_mhz": 1.0
    }
  }
}