{
  "alpha": 2.2,
  "eval_cost": 0.37055617766867394,
  "eval_fidelity": 0.9869196415050172,
  "eval_leakage": 0.00042842045951668815,
  "eval_plan_path": "runs\\nn_size_sweep\\trpo\\a-2p2_71cf2651\\seed_2\\plans\\iter_000017_control_plan.npz",
  "eval_time_ns": 104.0,
  "gamma": 1.5707963267948966,
  "iteration": 17,
  "robustness": {
    "sigma_1p0": {
      "average_fidelity": 0.9594236694171884,
      "average_gate_fidelity": 0.9492795867714853,
      "fidelity_variance": 0.0005390578436745864,
      "num_samples": 60,
      "sigma_mhz": 1.0
    }
  }
}