{
  "alpha": 2.198,
  "eval_cost": 2.0547723375390685,
  "eval_fidelity": 0.8383260643445173,
  "eval_leakage": 0.007446189481395418,
  "eval_plan_path": "runs\\runtime\\gamma_1.570796\\alpha_2.198000\\plans\\iter_000002_control_plan.npz",
  "eval_time_ns": 180.0,
  "gamma": 1.5707963267948966,
  "phase_iter": 2,
  "robustness": {
    "sigma_1p0": {
      "average_fidelity": 0.8313272533279457,
      "average_gate_fidelity": 0.7891590666599319,
      "fidelity_variance": 0.0022631270213062616,
      "num_samples": 60,
      "sigma_mhz": 1.0
    }
  }
}