{
  "alpha": 2.198,
  "eval_cost": 1.557469772831294,
  "eval_fidelity": 0.8929244716785344,
  "eval_leakage": 0.007739229140655951,
  "eval_plan_path": "runs\\runtime\\gamma_1.570796\\alpha_2.198000\\plans\\iter_000011_control_plan.npz",
  "eval_time_ns": 180.0,
  "gamma": 1.5707963267948966,
  "phase_iter": 11,
  "robustness": {
    "sigma_1p0": {
      "average_fidelity": 0.8661462012944133,
      "average_gate_fidelity": 0.8326827516180164,
      "fidelity_variance": 0.002158158097019572,
      "num_samples": 60,
      "sigma_mhz": 1.0
    }
  }
}