{
  "alpha": 2.198,
  "eval_cost": 1.7628338682300424,
  "eval_fidelity": 0.8722798819139786,
  "eval_leakage": 0.007835692240109495,
  "eval_plan_path": "runs\\runtime\\gamma_1.570796\\alpha_2.198000\\plans\\iter_000010_control_plan.npz",
  "eval_time_ns": 180.0,
  "gamma": 1.5707963267948966,
  "phase_iter": 10,
  "robustness": {
    "sigma_1p0": {
      "average_fidelity": 0.8625008884953478,
      "average_gate_fidelity": 0.8281261106191846,
      "fidelity_variance": 0.0021111432105116626,
      "num_samples": 60,
      "sigma_mhz": 1.0
    }
  }
}