{
  "alpha": 2.198,
  "eval_cost": 1.7045447535583036,
  "eval_fidelity": 0.8798443926886582,
  "eval_leakage": 0.007682564403773779,
  "eval_plan_path": "runs\\runtime\\gamma_1.570796\\alpha_2.198000\\plans\\iter_000004_control_plan.npz",
  "eval_time_ns": 180.0,
  "gamma": 1.5707963267948966,
  "phase_iter": 4,
  "robustness": {
    "sigma_1p0": {
      "average_fidelity": 0.8637238974397081,
      "average_gate_fidelity": 0.829654871799635,
      "fidelity_variance": 0.0019289244493178514,
      "num_samples": 60,
      "sigma_mhz": 1.0
    }
  }
}