{
  "alpha": 2.198,
  "eval_cost": 1.542329830902046,
  "eval_fidelity": 0.8972279311699211,
  "eval_leakage": 0.007838787071102742,
  "eval_plan_path": "runs\\runtime\\gamma_1.570796\\alpha_2.198000\\plans\\iter_000014_control_plan.npz",
  "eval_time_ns": 180.0,
  "gamma": 1.5707963267948966,
  "phase_iter": 14,
  "robustness": {
    "sigma_1p0": {
      "average_fidelity": 0.8681127893535759,
      "average_gate_fidelity": 0.8351409866919699,
      "fidelity_variance": 0.0014741850471900418,
      "num_samples": 60,
      "sigma_mhz": 1.0
    }
  }
}