{
  "alpha": 2.198,
  "eval_cost": 2.6685626881307796,
  "eval_fidelity": 0.7715753898642066,
  "eval_leakage": 0.00691509292209489,
  "eval_plan_path": "runs\\runtime\\gamma_1.570796\\alpha_2.198000\\plans\\iter_000001_control_plan.npz",
  "eval_time_ns": 180.0,
  "gamma": 1.5707963267948966,
  "phase_iter": 1,
  "robustness": {
    "sigma_1p0": {
      "average_fidelity": 0.7821275355081353,
      "average_gate_fidelity": 0.7276594193851691,
      "fidelity_variance": 0.002440333123558918,
      "num_samples": 60,
      "sigma_mhz": 1.0
    }
  }
}