{
  "alpha": 2.198,
  "eval_cost": 1.5376960660758963,
  "eval_fidelity": 0.8955504656474654,
  "eval_leakage": 0.00788947760043942,
  "eval_plan_path": "runs\\runtime\\gamma_1.570796\\alpha_2.198000\\plans\\iter_000012_control_plan.npz",
  "eval_time_ns": 180.0,
  "gamma": 1.5707963267948966,
  "phase_iter": 12,
  "robustness": {
    "sigma_1p0": {
      "average_fidelity": 0.8715311763501881,
      "average_gate_fidelity": 0.8394139704377348,
      "fidelity_variance": 0.0011460210618415745,
      "num_samples": 60,
      "sigma_mhz": 1.0
    }
  }
}