{
  "alpha": 2.198,
  "eval_cost": 1.4747987843561818,
  "eval_fidelity": 0.9039177855501918,
  "eval_leakage": 0.007934905480244064,
  "eval_plan_path": "runs\\runtime\\gamma_1.570796\\alpha_2.198000\\plans\\iter_000013_control_plan.npz",
  "eval_time_ns": 180.0,
  "gamma": 1.5707963267948966,
  "phase_iter": 13,
  "robustness": {
    "sigma_1p0": {
      "average_fidelity": 0.8798592078992243,
      "average_gate_fidelity": 0.8498240098740304,
      "fidelity_variance": 0.0016708396167174871,
      "num_samples": 60,
      "sigma_mhz": 1.0
    }
  }
}