{
  "alpha": 2.198,
  "eval_cost": 1.8510083921582345,
  "eval_fidelity": 0.8635004259045085,
  "eval_leakage": 0.00766713917806203,
  "eval_plan_path": "runs\\runtime\\gamma_1.570796\\alpha_2.198000\\plans\\iter_000005_control_plan.npz",
  "eval_time_ns": 180.0,
  "gamma": 1.5707963267948966,
  "phase_iter": 5,
  "robustness": {
    "sigma_1p0": {
      "average_fidelity": 0.8580901137985951,
      "average_gate_fidelity": 0.8226126422482437,
      "fidelity_variance": 0.0017456708110568492,
      "num_samples": 60,
      "sigma_mhz": 1.0
    }
  }
}