{
  "alpha": 2.198,
  "eval_cost": 1.6000978661571723,
  "eval_fidelity": 0.8921004680899204,
  "eval_leakage": 0.00770026210149921,
  "eval_plan_path": "runs\\runtime\\gamma_1.570796\\alpha_2.198000\\plans\\iter_000003_control_plan.npz",
  "eval_time_ns": 180.0,
  "gamma": 1.5707963267948966,
  "phase_iter": 3,
  "robustness": {
    "sigma_1p0": {
      "average_fidelity": 0.868163093407156,
      "average_gate_fidelity": 0.8352038667589451,
      "fidelity_variance": 0.0020929961065092105,
      "num_samples": 60,
      "sigma_mhz": 1.0
    }
  }
}