{
  "alpha": 2.2,
  "eval_cost": 1.459453340317365,
  "eval_fidelity": 0.9533667393206892,
  "eval_leakage": 0.0002752447964363033,
  "eval_plan_path": "runs\\cost_function_sweep\\trpo\\a-2p2_131be558\\seed_1\\plans\\iter_000003_control_plan.npz",
  "eval_time_ns": 180.0,
  "gamma": 1.5707963267948966,
  "iteration": 3,
  "robustness": {
    "sigma_1p0": {
      "average_fidelity": 0.9085726932336599,
      "average_gate_fidelity": 0.8857158665420747,
      "fidelity_variance": 0.0017104407236266954,
      "num_samples": 60,
      "sigma_mhz": 1.0
    }
  }
}