{
  "alpha": 2.2,
  "eval_cost": 1.7745056770215193,
  "eval_fidelity": 0.8993428078615461,
  "eval_leakage": 0.00019463108531152625,
  "eval_plan_path": "runs\\cost_function_sweep\\trpo\\a-2p2_131be558\\seed_1\\plans\\iter_000002_control_plan.npz",
  "eval_time_ns": 180.0,
  "gamma": 1.5707963267948966,
  "iteration": 2,
  "robustness": {
    "sigma_1p0": {
      "average_fidelity": 0.8740765007433645,
      "average_gate_fidelity": 0.8425956259292057,
      "fidelity_variance": 0.0021370521386483974,
      "num_samples": 60,
      "sigma_mhz": 1.0
    }
  }
}