{
  "alpha": 2.2,
  "eval_cost": 1.8005393450801157,
  "eval_fidelity": 0.9773701431057532,
  "eval_leakage": 0.00019320823831011385,
  "eval_plan_path": "runs\\cost_function_sweep\\trpo\\a-2p2_f147ec91\\seed_1\\plans\\iter_000002_control_plan.npz",
  "eval_time_ns": 180.0,
  "gamma": 1.5707963267948966,
  "iteration": 2,
  "robustness": {
    "sigma_1p0": {
      "average_fidelity": 0.932166523737307,
      "average_gate_fidelity": 0.9152081546716341,
      "fidelity_variance": 0.000957141199972578,
      "num_samples": 60,
      "sigma_mhz": 1.0
    }
  }
}