{
  "alpha": 2.2,
  "eval_cost": 1.0548187155518098,
  "eval_fidelity": 0.8264492131636875,
  "eval_leakage": 0.000265012054638914,
  "eval_plan_path": "runs\\cost_function_sweep\\trpo\\a-2p2__g-pi_2__kl-0p005__tc-0p15__std-m1p0__dt-2p0__mt-180p0__chi-5p0__beta-10p0__mu-0p4__kappa-0p05\\seed_1\\plans\\iter_000005_control_plan.npz",
  "eval_time_ns": 180.0,
  "gamma": 1.5707963267948966,
  "iteration": 5,
  "robustness": {
    "sigma_1p0": {
      "average_fidelity": 0.8141727798907685,
      "average_gate_fidelity": 0.7677159748634608,
      "fidelity_variance": 0.003947405163101966,
      "num_samples": 60,
      "sigma_mhz": 1.0
    }
  }
}