{
  "alpha": 2.2,
  "eval_cost": 4.9318755901744495,
  "eval_fidelity": 0.7909531950597256,
  "eval_leakage": 0.00012121110141293275,
  "eval_plan_path": "runs\\cost_function_sweep\\trpo\\a-2p2_d2aadef6\\seed_1\\plans\\iter_000001_control_plan.npz",
  "eval_time_ns": 180.0,
  "gamma": 1.5707963267948966,
  "iteration": 1,
  "robustness": {
    "sigma_1p0": {
      "average_fidelity": 0.7950171560781202,
      "average_gate_fidelity": 0.74377144509765,
      "fidelity_variance": 0.0044025013390436634,
      "num_samples": 60,
      "sigma_mhz": 1.0
    }
  }
}