{
  "alpha": 2.2,
  "eval_cost": 1.5482887992546635,
  "eval_fidelity": 0.9637979485840975,
  "eval_leakage": 0.00019590028446049164,
  "eval_plan_path": "runs\\cost_function_sweep\\trpo\\a-2p2_d2aadef6\\seed_1\\plans\\iter_000002_control_plan.npz",
  "eval_time_ns": 180.0,
  "gamma": 1.5707963267948966,
  "iteration": 2,
  "robustness": {
    "sigma_1p0": {
      "average_fidelity": 0.9220846113821826,
      "average_gate_fidelity": 0.9026057642277281,
      "fidelity_variance": 0.0011652290637932155,
      "num_samples": 60,
      "sigma_mhz": 1.0
    }
  }
}