{
  "alpha": 2.2,
  "eval_cost": 0.5168377302988284,
  "eval_fidelity": 0.985775641704846,
  "eval_leakage": 0.0002195254022725965,
  "eval_plan_path": "runs\\nn_size_sweep\\trpo\\a-2p2_da5e9390\\seed_1\\plans\\iter_000002_control_plan.npz",
  "eval_time_ns": 180.0,
  "gamma": 1.5707963267948966,
  "iteration": 2,
  "robustness": {
    "sigma_1p0": {
      "average_fidelity": 0.9378874937647304,
      "average_gate_fidelity": 0.9223593672059132,
      "fidelity_variance": 0.0008302867326601483,
      "num_samples": 60,
      "sigma_mhz": 1.0
    }
  }
}