{
  "alpha": 2.2,
  "eval_cost": 0.3914567539825641,
  "eval_fidelity": 0.9940877909187013,
  "eval_leakage": 0.0004354669275666128,
  "eval_plan_path": "runs\\nn_size_sweep\\trpo\\a-2p2_da5e9390\\seed_1\\plans\\iter_000012_control_plan.npz",
  "eval_time_ns": 104.0,
  "gamma": 1.5707963267948966,
  "iteration": 12,
  "robustness": {
    "sigma_1p0": {
      "average_fidelity": 0.9656017699217311,
      "average_gate_fidelity": 0.957002212402164,
      "fidelity_variance": 0.0005310431002504663,
      "num_samples": 60,
      "sigma_mhz": 1.0
    }
  }
}