{
  "alpha": 2.2,
  "eval_cost": 0.38803480382925415,
  "eval_fidelity": 0.9907561331081205,
  "eval_leakage": 0.00031196204546431514,
  "eval_plan_path": "runs\\nn_size_sweep\\trpo\\a-2p2_da5e9390\\seed_1\\plans\\iter_000008_control_plan.npz",
  "eval_time_ns": 110.0,
  "gamma": 1.5707963267948966,
  "iteration": 8,
  "robustness": {
    "sigma_1p0": {
      "average_fidelity": 0.9601874433698296,
      "average_gate_fidelity": 0.9502343042122872,
      "fidelity_variance": 0.00019974230140515947,
      "num_samples": 60,
      "sigma_mhz": 1.0
    }
  }
}