{
  "alpha": 2.2,
  "eval_cost": 0.385274858741405,
  "eval_fidelity": 0.9944640833758515,
  "eval_leakage": 0.00041218701236486787,
  "eval_plan_path": "runs\\nn_size_sweep\\trpo\\a-2p2_da5e9390\\seed_1\\plans\\iter_000011_control_plan.npz",
  "eval_time_ns": 106.0,
  "gamma": 1.5707963267948966,
  "iteration": 11,
  "robustness": {
    "sigma_1p0": {
      "average_fidelity": 0.9630007764884122,
      "average_gate_fidelity": 0.9537509706105153,
      "fidelity_variance": 0.00027388890298842857,
      "num_samples": 60,
      "sigma_mhz": 1.0
    }
  }
}