{
  "alpha": 2.2,
  "eval_cost": 0.3578243150871812,
  "eval_fidelity": 0.9950850298203852,
  "eval_leakage": 0.00038616267236433457,
  "eval_plan_path": "runs\\nn_size_sweep\\trpo\\a-2p2_da5e9390\\seed_1\\plans\\iter_000010_control_plan.npz",
  "eval_time_ns": 108.0,
  "gamma": 1.5707963267948966,
  "iteration": 10,
  "robustness": {
    "sigma_1p0": {
      "average_fidelity": 0.9660302518552122,
      "average_gate_fidelity": 0.9575378148190149,
      "fidelity_variance": 0.00026725990251907217,
      "num_samples": 60,
      "sigma_mhz": 1.0
    }
  }
}