{
  "alpha": 2.2,
  "eval_cost": 0.3924807690704165,
  "eval_fidelity": 0.9947366477094656,
  "eval_leakage": 0.00026676629316491903,
  "eval_plan_path": "runs\\nn_size_sweep\\trpo\\a-2p2_da5e9390\\seed_1\\plans\\iter_000003_control_plan.npz",
  "eval_time_ns": 154.0,
  "gamma": 1.5707963267948966,
  "iteration": 3,
  "robustness": {
    "sigma_1p0": {
      "average_fidelity": 0.9514989802705576,
      "average_gate_fidelity": 0.9393737253381967,
      "fidelity_variance": 0.00037474858047493456,
      "num_samples": 60,
      "sigma_mhz": 1.0
    }
  }
}