{
  "alpha": 2.2,
  "eval_cost": 0.3843551195560196,
  "eval_fidelity": 0.990734420834779,
  "eval_leakage": 0.00043420308587010744,
  "eval_plan_path": "runs\\nn_size_sweep\\trpo\\a-2p2_da5e9390\\seed_1\\plans\\iter_000015_control_plan.npz",
  "eval_time_ns": 104.0,
  "gamma": 1.5707963267948966,
  "iteration": 15,
  "robustness": {
    "sigma_1p0": {
      "average_fidelity": 0.9584915377004567,
      "average_gate_fidelity": 0.948114422125571,
      "fidelity_variance": 0.00037995410443864025,
      "num_samples": 60,
      "sigma_mhz": 1.0
    }
  }
}