{
  "alpha": 2.2,
  "eval_cost": 0.39015391874277106,
  "eval_fidelity": 0.9956887661454037,
  "eval_leakage": 0.0002445672515069318,
  "eval_plan_path": "runs\\nn_size_sweep\\trpo\\a-2p2_da5e9390\\seed_1\\plans\\iter_000006_control_plan.npz",
  "eval_time_ns": 118.0,
  "gamma": 1.5707963267948966,
  "iteration": 6,
  "robustness": {
    "sigma_1p0": {
      "average_fidelity": 0.9611639419936083,
      "average_gate_fidelity": 0.9514549274920105,
      "fidelity_variance": 0.00047453629655054157,
      "num_samples": 60,
      "sigma_mhz": 1.0
    }
  }
}