{
  "alpha": 2.2,
  "eval_cost": 0.3749186767952604,
  "eval_fidelity": 0.9886097659905627,
  "eval_leakage": 0.0005025690960152814,
  "eval_plan_path": "runs\\nn_size_sweep\\trpo\\a-2p2_da5e9390\\seed_1\\plans\\iter_000019_control_plan.npz",
  "eval_time_ns": 102.0,
  "gamma": 1.5707963267948966,
  "iteration": 19,
  "robustness": {
    "sigma_1p0": {
      "average_fidelity": 0.9597732343817692,
      "average_gate_fidelity": 0.9497165429772116,
      "fidelity_variance": 0.0002826234951924848,
      "num_samples": 60,
      "sigma_mhz": 1.0
    }
  }
}