{
  "alpha": 2.2,
  "eval_cost": 0.3870022734321841,
  "eval_fidelity": 0.994417300957166,
  "eval_leakage": 0.0002674407034935763,
  "eval_plan_path": "runs\\nn_size_sweep\\trpo\\a-2p2_da5e9390\\seed_1\\plans\\iter_000004_control_plan.npz",
  "eval_time_ns": 138.0,
  "gamma": 1.5707963267948966,
  "iteration": 4,
  "robustness": {
    "sigma_1p0": {
      "average_fidelity": 0.9546400860734231,
      "average_gate_fidelity": 0.943300107591779,
      "fidelity_variance": 0.00046011270790890954,
      "num_samples": 60,
      "sigma_mhz": 1.0
    }
  }
}