{
  "alpha": 2.2,
  "eval_cost": 0.3895045568146257,
  "eval_fidelity": 0.9908116064581617,
  "eval_leakage": 0.0003019137366179412,
  "eval_plan_path": "runs\\nn_size_sweep\\trpo\\a-2p2_da5e9390\\seed_1\\plans\\iter_000007_control_plan.npz",
  "eval_time_ns": 114.0,
  "gamma": 1.5707963267948966,
  "iteration": 7,
  "robustness": {
    "sigma_1p0": {
      "average_fidelity": 0.9596820651822434,
      "average_gate_fidelity": 0.9496025814778046,
      "fidelity_variance": 0.0004896463914249413,
      "num_samples": 60,
      "sigma_mhz": 1.0
    }
  }
}