{
  "alpha": 2.2,
  "eval_cost": 0.3749854352504058,
  "eval_fidelity": 0.9937139568375899,
  "eval_leakage": 0.0003446458491803803,
  "eval_plan_path": "runs\\nn_size_sweep\\trpo\\a-2p2_da5e9390\\seed_1\\plans\\iter_000009_control_plan.npz",
  "eval_time_ns": 108.0,
  "gamma": 1.5707963267948966,
  "iteration": 9,
  "robustness": {
    "sigma_1p0": {
      "average_fidelity": 0.9671136854462441,
      "average_gate_fidelity": 0.958892106807805,
      "fidelity_variance": 0.00019078877803387542,
      "num_samples": 60,
      "sigma_mhz": 1.0
    }
  }
}