{
  "alpha": 2.2,
  "eval_cost": 0.36482398702140717,
  "eval_fidelity": 0.9900017982735968,
  "eval_leakage": 0.0005108212721024228,
  "eval_plan_path": "runs\\nn_size_sweep\\trpo\\a-2p2_da5e9390\\seed_1\\plans\\iter_000020_control_plan.npz",
  "eval_time_ns": 102.0,
  "gamma": 1.5707963267948966,
  "iteration": 20,
  "robustness": {
    "sigma_1p0": {
      "average_fidelity": 0.9608267887122747,
      "average_gate_fidelity": 0.9510334858903434,
      "fidelity_variance": 0.00029539883963339357,
      "num_samples": 60,
      "sigma_mhz": 1.0
    }
  }
}