{
  "alpha": 2.2,
  "eval_cost": 0.38328634642165216,
  "eval_fidelity": 0.9878030693435033,
  "eval_leakage": 0.0004889873726248726,
  "eval_plan_path": "runs\\nn_size_sweep\\trpo\\a-2p2_da5e9390\\seed_1\\plans\\iter_000018_control_plan.npz",
  "eval_time_ns": 102.0,
  "gamma": 1.5707963267948966,
  "iteration": 18,
  "robustness": {
    "sigma_1p0": {
      "average_fidelity": 0.9628055483122879,
      "average_gate_fidelity": 0.9535069353903598,
      "fidelity_variance": 0.00027826171476687554,
      "num_samples": 60,
      "sigma_mhz": 1.0
    }
  }
}