{
  "alpha": 2.2,
  "eval_cost": 0.383993722142719,
  "eval_fidelity": 0.9921399626051599,
  "eval_leakage": 0.0004312121758983076,
  "eval_plan_path": "runs\\nn_size_sweep\\trpo\\a-2p2_da5e9390\\seed_1\\plans\\iter_000016_control_plan.npz",
  "eval_time_ns": 102.0,
  "gamma": 1.5707963267948966,
  "iteration": 16,
  "robustness": {
    "sigma_1p0": {
      "average_fidelity": 0.9622661998189426,
      "average_gate_fidelity": 0.9528327497736784,
      "fidelity_variance": 0.00020433312992173904,
      "num_samples": 60,
      "sigma_mhz": 1.0
    }
  }
}