{
  "alpha": 2.2,
  "eval_cost": 0.39450175637864404,
  "eval_fidelity": 0.9885136164257288,
  "eval_leakage": 0.00046120223393607507,
  "eval_plan_path": "runs\\nn_size_sweep\\trpo\\a-2p2_da5e9390\\seed_1\\plans\\iter_000017_control_plan.npz",
  "eval_time_ns": 102.0,
  "gamma": 1.5707963267948966,
  "iteration": 17,
  "robustness": {
    "sigma_1p0": {
      "average_fidelity": 0.9579448385463323,
      "average_gate_fidelity": 0.9474310481829156,
      "fidelity_variance": 0.00031725693297408495,
      "num_samples": 60,
      "sigma_mhz": 1.0
    }
  }
}