{
  "alpha": 2.2,
  "eval_cost": 0.3865716419601661,
  "eval_fidelity": 0.9963134783008541,
  "eval_leakage": 0.00025358586734037554,
  "eval_plan_path": "runs\\nn_size_sweep\\trpo\\a-2p2_da5e9390\\seed_1\\plans\\iter_000005_control_plan.npz",
  "eval_time_ns": 126.0,
  "gamma": 1.5707963267948966,
  "iteration": 5,
  "robustness": {
    "sigma_1p0": {
      "average_fidelity": 0.9605178292335698,
      "average_gate_fidelity": 0.9506472865419621,
      "fidelity_variance": 0.00032774780852333783,
      "num_samples": 60,
      "sigma_mhz": 1.0
    }
  }
}