{
  "alpha": 2.2,
  "eval_cost": 0.3967981187729302,
  "eval_fidelity": 0.9905044636335119,
  "eval_leakage": 0.00045084281251871823,
  "eval_plan_path": "runs\\nn_size_sweep\\trpo\\a-2p2_da5e9390\\seed_1\\plans\\iter_000013_control_plan.npz",
  "eval_time_ns": 104.0,
  "gamma": 1.5707963267948966,
  "iteration": 13,
  "robustness": {
    "sigma_1p0": {
      "average_fidelity": 0.9636297981546189,
      "average_gate_fidelity": 0.9545372476932736,
      "fidelity_variance": 0.0002885885022963469,
      "num_samples": 60,
      "sigma_mhz": 1.0
    }
  }
}