{
  "alpha": 2.2,
  "eval_cost": 4.98924695184326,
  "eval_fidelity": 0.7823771683144677,
  "eval_leakage": 0.00010124004165053869,
  "eval_plan_path": "runs\\cost_function_sweep\\trpo\\a-2p2__g-pi_2__kl-0p005__tc-0p15__std-m1p0__dt-2p0__mt-180p0__chi-20p0__beta-10p0__mu-0p1__kappa-0p2\\seed_2\\plans\\iter_000001_control_plan.npz",
  "eval_time_ns": 180.0,
  "gamma": 1.5707963267948966,
  "iteration": 1,
  "robustness": {
    "sigma_1p0": {
      "average_fidelity": 0.7926642984817918,
      "average_gate_fidelity": 0.7408303731022396,
      "fidelity_variance": 0.003022524994855642,
      "num_samples": 60,
      "sigma_mhz": 1.0
    }
  }
}