{
  "alpha": 2.2,
  "eval_cost": 0.3767769090921269,
  "eval_fidelity": 0.9935880240967891,
  "eval_leakage": 0.00032171002086599807,
  "eval_plan_path": "runs\\nn_size_sweep\\trpo\\a-2p2_a04d7360\\seed_1\\plans\\iter_000015_control_plan.npz",
  "eval_time_ns": 108.0,
  "gamma": 1.5707963267948966,
  "iteration": 15,
  "robustness": {
    "sigma_1p0": {
      "average_fidelity": 0.9611985130544348,
      "average_gate_fidelity": 0.9514981413180437,
      "fidelity_variance": 0.0003666657808415923,
      "num_samples": 60,
      "sigma_mhz": 1.0
    }
  }
}