{
  "alpha": 2.2,
  "eval_cost": 0.3770813901658682,
  "eval_fidelity": 0.9920953834198086,
  "eval_leakage": 0.00037962267491844115,
  "eval_plan_path": "runs\\nn_size_sweep\\trpo\\a-2p2_a04d7360\\seed_1\\plans\\iter_000020_control_plan.npz",
  "eval_time_ns": 104.0,
  "gamma": 1.5707963267948966,
  "iteration": 20,
  "robustness": {
    "sigma_1p0": {
      "average_fidelity": 0.9606331124369965,
      "average_gate_fidelity": 0.9507913905462454,
      "fidelity_variance": 0.00034334921234737266,
      "num_samples": 60,
      "sigma_mhz": 1.0
    }
  }
}