{
  "alpha": 2.2,
  "eval_cost": 0.3812342558575289,
  "eval_fidelity": 0.9957159157339109,
  "eval_leakage": 0.00030409151484228934,
  "eval_plan_path": "runs\\nn_size_sweep\\trpo\\a-2p2_a04d7360\\seed_1\\plans\\iter_000011_control_plan.npz",
  "eval_time_ns": 112.0,
  "gamma": 1.5707963267948966,
  "iteration": 11,
  "robustness": {
    "sigma_1p0": {
      "average_fidelity": 0.9615528817095829,
      "average_gate_fidelity": 0.9519411021369784,
      "fidelity_variance": 0.00028836267604252054,
      "num_samples": 60,
      "sigma_mhz": 1.0
    }
  }
}