{
  "alpha": 2.2,
  "eval_cost": 0.37726066109537204,
  "eval_fidelity": 0.9937956287560785,
  "eval_leakage": 0.00031556086624802513,
  "eval_plan_path": "runs\\nn_size_sweep\\trpo\\a-2p2_a04d7360\\seed_1\\plans\\iter_000014_control_plan.npz",
  "eval_time_ns": 108.0,
  "gamma": 1.5707963267948966,
  "iteration": 14,
  "robustness": {
    "sigma_1p0": {
      "average_fidelity": 0.9661359072967465,
      "average_gate_fidelity": 0.9576698841209329,
      "fidelity_variance": 0.00020354059015160837,
      "num_samples": 60,
      "sigma_mhz": 1.0
    }
  }
}