{
  "alpha": 2.2,
  "eval_cost": 0.9947342754848749,
  "eval_fidelity": 0.9399372131275995,
  "eval_leakage": 0.00012565927530953594,
  "eval_plan_path": "runs\\nn_size_sweep\\trpo\\a-2p2_a04d7360\\seed_1\\plans\\iter_000002_control_plan.npz",
  "eval_time_ns": 180.0,
  "gamma": 1.5707963267948966,
  "iteration": 2,
  "robustness": {
    "sigma_1p0": {
      "average_fidelity": 0.9039541455197075,
      "average_gate_fidelity": 0.8799426818996344,
      "fidelity_variance": 0.0015049892519435673,
      "num_samples": 60,
      "sigma_mhz": 1.0
    }
  }
}