{
  "alpha": 2.2,
  "eval_cost": 0.3626571641992776,
  "eval_fidelity": 0.9938405582291335,
  "eval_leakage": 0.00034397522933050397,
  "eval_plan_path": "runs\\nn_size_sweep\\trpo\\a-2p2_a04d7360\\seed_1\\plans\\iter_000013_control_plan.npz",
  "eval_time_ns": 110.0,
  "gamma": 1.5707963267948966,
  "iteration": 13,
  "robustness": {
    "sigma_1p0": {
      "average_fidelity": 0.9652591725362362,
      "average_gate_fidelity": 0.956573965670295,
      "fidelity_variance": 0.00030383931186496097,
      "num_samples": 60,
      "sigma_mhz": 1.0
    }
  }
}