{
  "alpha": 2.2,
  "eval_cost": 0.39936517295369656,
  "eval_fidelity": 0.9943658494263337,
  "eval_leakage": 0.0002768133636667816,
  "eval_plan_path": "runs\\nn_size_sweep\\trpo\\a-2p2_a04d7360\\seed_1\\plans\\iter_000009_control_plan.npz",
  "eval_time_ns": 116.0,
  "gamma": 1.5707963267948966,
  "iteration": 9,
  "robustness": {
    "sigma_1p0": {
      "average_fidelity": 0.9633295860526812,
      "average_gate_fidelity": 0.9541619825658513,
      "fidelity_variance": 0.0004250262690242918,
      "num_samples": 60,
      "sigma_mhz": 1.0
    }
  }
}