{
  "alpha": 2.2,
  "eval_cost": 0.3858386044197622,
  "eval_fidelity": 0.9965847836935389,
  "eval_leakage": 0.00021468532591075967,
  "eval_plan_path": "runs\\nn_size_sweep\\trpo\\a-2p2_a04d7360\\seed_1\\plans\\iter_000006_control_plan.npz",
  "eval_time_ns": 134.0,
  "gamma": 1.5707963267948966,
  "iteration": 6,
  "robustness": {
    "sigma_1p0": {
      "average_fidelity": 0.9554800643280988,
      "average_gate_fidelity": 0.9443500804101236,
      "fidelity_variance": 0.0006453873577234642,
      "num_samples": 60,
      "sigma_mhz": 1.0
    }
  }
}