{
  "alpha": 2.2,
  "eval_cost": 0.37189116765471664,
  "eval_fidelity": 0.9926414758797789,
  "eval_leakage": 0.0003422013650120133,
  "eval_plan_path": "runs\\nn_size_sweep\\trpo\\a-2p2_a04d7360\\seed_1\\plans\\iter_000017_control_plan.npz",
  "eval_time_ns": 106.0,
  "gamma": 1.5707963267948966,
  "iteration": 17,
  "robustness": {
    "sigma_1p0": {
      "average_fidelity": 0.9611414630569787,
      "average_gate_fidelity": 0.9514268288212231,
      "fidelity_variance": 0.00030587524751952093,
      "num_samples": 60,
      "sigma_mhz": 1.0
    }
  }
}