{
  "alpha": 2.2,
  "eval_cost": 0.3804617357233493,
  "eval_fidelity": 0.9942406229568305,
  "eval_leakage": 0.000249136310699103,
  "eval_plan_path": "runs\\nn_size_sweep\\trpo\\a-2p2_a04d7360\\seed_1\\plans\\iter_000007_control_plan.npz",
  "eval_time_ns": 128.0,
  "gamma": 1.5707963267948966,
  "iteration": 7,
  "robustness": {
    "sigma_1p0": {
      "average_fidelity": 0.9587190981939259,
      "average_gate_fidelity": 0.9483988727424073,
      "fidelity_variance": 0.0004202334368056859,
      "num_samples": 60,
      "sigma_mhz": 1.0
    }
  }
}