{
  "alpha": 2.2,
  "eval_cost": 0.3754033214721072,
  "eval_fidelity": 0.9946865252312074,
  "eval_leakage": 0.0003237703035934373,
  "eval_plan_path": "runs\\nn_size_sweep\\trpo\\a-2p2_a04d7360\\seed_1\\plans\\iter_000016_control_plan.npz",
  "eval_time_ns": 106.0,
  "gamma": 1.5707963267948966,
  "iteration": 16,
  "robustness": {
    "sigma_1p0": {
      "average_fidelity": 0.9631403716355582,
      "average_gate_fidelity": 0.9539254645444475,
      "fidelity_variance": 0.00020091430044844592,
      "num_samples": 60,
      "sigma_mhz": 1.0
    }
  }
}