{
  "alpha": 2.2,
  "eval_cost": 0.4707466800636163,
  "eval_fidelity": 0.9875281416789328,
  "eval_leakage": 0.00022337907748534784,
  "eval_plan_path": "runs\\nn_size_sweep\\trpo\\a-2p2_a04d7360\\seed_1\\plans\\iter_000003_control_plan.npz",
  "eval_time_ns": 180.0,
  "gamma": 1.5707963267948966,
  "iteration": 3,
  "robustness": {
    "sigma_1p0": {
      "average_fidelity": 0.933006139048294,
      "average_gate_fidelity": 0.9162576738103672,
      "fidelity_variance": 0.0009244374237997222,
      "num_samples": 60,
      "sigma_mhz": 1.0
    }
  }
}