{
  "alpha": 2.2,
  "eval_cost": 0.39783391314062405,
  "eval_fidelity": 0.9929795598702568,
  "eval_leakage": 0.0002300813562619932,
  "eval_plan_path": "runs\\nn_size_sweep\\trpo\\a-2p2_a04d7360\\seed_1\\plans\\iter_000004_control_plan.npz",
  "eval_time_ns": 162.0,
  "gamma": 1.5707963267948966,
  "iteration": 4,
  "robustness": {
    "sigma_1p0": {
      "average_fidelity": 0.9483092330374998,
      "average_gate_fidelity": 0.9353865412968745,
      "fidelity_variance": 0.0006157146016271355,
      "num_samples": 60,
      "sigma_mhz": 1.0
    }
  }
}