{
  "alpha": 2.2,
  "eval_cost": 0.3838406650889237,
  "eval_fidelity": 0.9949524684193781,
  "eval_leakage": 0.0003330683002856063,
  "eval_plan_path": "runs\\nn_size_sweep\\trpo\\a-2p2_a04d7360\\seed_1\\plans\\iter_000012_control_plan.npz",
  "eval_time_ns": 110.0,
  "gamma": 1.5707963267948966,
  "iteration": 12,
  "robustness": {
    "sigma_1p0": {
      "average_fidelity": 0.9660320525576597,
      "average_gate_fidelity": 0.9575400656970745,
      "fidelity_variance": 0.0003843555055046178,
      "num_samples": 60,
      "sigma_mhz": 1.0
    }
  }
}