{
  "alpha": 2.2,
  "eval_cost": 2.6944313690222916,
  "eval_fidelity": 0.7655215041695725,
  "eval_leakage": 6.895466655638637e-05,
  "eval_plan_path": "runs\\nn_size_sweep\\trpo\\a-2p2_a04d7360\\seed_1\\plans\\iter_000001_control_plan.npz",
  "eval_time_ns": 180.0,
  "gamma": 1.5707963267948966,
  "iteration": 1,
  "robustness": {
    "sigma_1p0": {
      "average_fidelity": 0.77618964906929,
      "average_gate_fidelity": 0.7202370613366126,
      "fidelity_variance": 0.004845188907570504,
      "num_samples": 60,
      "sigma_mhz": 1.0
    }
  }
}