{
  "alpha": 2.2,
  "eval_cost": 0.49257750019832425,
  "eval_fidelity": 0.9732309274257349,
  "eval_leakage": 0.00019252151941129235,
  "eval_plan_path": "runs\\cost_function_sweep\\trpo\\a-2p2_282ae2d7\\seed_1\\plans\\iter_000002_control_plan.npz",
  "eval_time_ns": 180.0,
  "gamma": 1.5707963267948966,
  "iteration": 2,
  "robustness": {
    "sigma_1p0": {
      "average_fidelity": 0.9290882017707038,
      "average_gate_fidelity": 0.9113602522133798,
      "fidelity_variance": 0.001025951212805319,
      "num_samples": 60,
      "sigma_mhz": 1.0
    }
  }
}