{
  "alpha": 2.2,
  "eval_cost": 0.4172391338271964,
  "eval_fidelity": 0.9745521321465742,
  "eval_leakage": 0.00041439774316655146,
  "eval_plan_path": "runs\\cost_function_sweep\\trpo\\a-2p2_282ae2d7\\seed_1\\plans\\iter_000004_control_plan.npz",
  "eval_time_ns": 180.0,
  "gamma": 1.5707963267948966,
  "iteration": 4,
  "robustness": {
    "sigma_1p0": {
      "average_fidelity": 0.9311735134885393,
      "average_gate_fidelity": 0.9139668918606738,
      "fidelity_variance": 0.0011585628955462324,
      "num_samples": 60,
      "sigma_mhz": 1.0
    }
  }
}