{
  "alpha": 2.2,
  "eval_cost": 0.24514826049295088,
  "eval_fidelity": 0.9953076907847729,
  "eval_leakage": 0.00028709094994331833,
  "eval_plan_path": "runs\\cost_function_sweep\\trpo\\a-2p2_282ae2d7\\seed_1\\plans\\iter_000003_control_plan.npz",
  "eval_time_ns": 180.0,
  "gamma": 1.5707963267948966,
  "iteration": 3,
  "robustness": {
    "sigma_1p0": {
      "average_fidelity": 0.9417350038872041,
      "average_gate_fidelity": 0.9271687548590053,
      "fidelity_variance": 0.0006741934787731538,
      "num_samples": 60,
      "sigma_mhz": 1.0
    }
  }
}