{
  "alpha": 0.785,
  "eval_cost": 1.0012267919691213,
  "eval_fidelity": 0.9426040284083426,
  "eval_leakage": 0.006256992557086624,
  "eval_plan_path": "runs\\runtime\\gamma_1.570796\\alpha_0.785000\\plans\\iter_000074_control_plan.npz",
  "eval_time_ns": 180.0,
  "gamma": 1.5707963267948966,
  "phase_iter": 74,
  "robustness": {
    "sigma_1p0": {
      "average_fidelity": 0.9115550437934115,
      "average_gate_fidelity": 0.8894438047417644,
      "fidelity_variance": 0.0006427548437572577,
      "num_samples": 60,
      "sigma_mhz": 1.0
    }
  }
}