{
  "alpha": 0.785,
  "eval_cost": 1.0955633648341772,
  "eval_fidelity": 0.939802902119946,
  "eval_leakage": 0.005369560375256116,
  "eval_plan_path": "runs\\runtime\\gamma_1.570796\\alpha_0.785000\\plans\\iter_000010_control_plan.npz",
  "eval_time_ns": 180.0,
  "gamma": 1.5707963267948966,
  "phase_iter": 10,
  "robustness": {
    "sigma_1p0": {
      "average_fidelity": 0.9089658311152281,
      "average_gate_fidelity": 0.8862072888940352,
      "fidelity_variance": 0.0014149980236510804,
      "num_samples": 60,
      "sigma_mhz": 1.0
    }
  }
}