{
  "alpha": 0.785,
  "eval_cost": 0.9833728606836508,
  "eval_fidelity": 0.9434086504097411,
  "eval_leakage": 0.007459793989604917,
  "eval_plan_path": "runs\\runtime\\gamma_1.570796\\alpha_0.785000\\plans\\iter_000144_control_plan.npz",
  "eval_time_ns": 180.0,
  "gamma": 1.5707963267948966,
  "phase_iter": 144,
  "robustness": {
    "sigma_1p0": {
      "average_fidelity": 0.9064349413949024,
      "average_gate_fidelity": 0.8830436767436279,
      "fidelity_variance": 0.0009376013783952526,
      "num_samples": 60,
      "sigma_mhz": 1.0
    }
  }
}