{
  "alpha": 0.785,
  "eval_cost": 0.9881751107656943,
  "eval_fidelity": 0.9435739495785321,
  "eval_leakage": 0.006201897546598352,
  "eval_plan_path": "runs\\runtime\\gamma_1.570796\\alpha_0.785000\\plans\\iter_000076_control_plan.npz",
  "eval_time_ns": 180.0,
  "gamma": 1.5707963267948966,
  "phase_iter": 76,
  "robustness": {
    "sigma_1p0": {
      "average_fidelity": 0.9078833420196784,
      "average_gate_fidelity": 0.8848541775245976,
      "fidelity_variance": 0.0008760123932913526,
      "num_samples": 60,
      "sigma_mhz": 1.0
    }
  }
}