{
  "alpha": 0.785,
  "eval_cost": 0.9115168420918933,
  "eval_fidelity": 0.9516506799785989,
  "eval_leakage": 0.005932585167062247,
  "eval_plan_path": "runs\\runtime\\gamma_1.570796\\alpha_0.785000\\plans\\iter_000066_control_plan.npz",
  "eval_time_ns": 180.0,
  "gamma": 1.5707963267948966,
  "phase_iter": 66,
  "robustness": {
    "sigma_1p0": {
      "average_fidelity": 0.9106180196585666,
      "average_gate_fidelity": 0.8882725245732085,
      "fidelity_variance": 0.0011142347312668626,
      "num_samples": 60,
      "sigma_mhz": 1.0
    }
  }
}