{
  "alpha": 0.785,
  "eval_cost": 1.0053972765619947,
  "eval_fidelity": 0.941678675158398,
  "eval_leakage": 0.006776563827896459,
  "eval_plan_path": "runs\\runtime\\gamma_1.570796\\alpha_0.785000\\plans\\iter_000107_control_plan.npz",
  "eval_time_ns": 180.0,
  "gamma": 1.5707963267948966,
  "phase_iter": 107,
  "robustness": {
    "sigma_1p0": {
      "average_fidelity": 0.9054223748367921,
      "average_gate_fidelity": 0.8817779685459901,
      "fidelity_variance": 0.0012724221118431264,
      "num_samples": 60,
      "sigma_mhz": 1.0
    }
  }
}