{
  "alpha": 0.785,
  "eval_cost": 0.9925351214769215,
  "eval_fidelity": 0.9429420480719355,
  "eval_leakage": 0.006233789075385085,
  "eval_plan_path": "runs\\runtime\\gamma_1.570796\\alpha_0.785000\\plans\\iter_000073_control_plan.npz",
  "eval_time_ns": 180.0,
  "gamma": 1.5707963267948966,
  "phase_iter": 73,
  "robustness": {
    "sigma_1p0": {
      "average_fidelity": 0.908788972443865,
      "average_gate_fidelity": 0.8859862155548315,
      "fidelity_variance": 0.0008016323734937157,
      "num_samples": 60,
      "sigma_mhz": 1.0
    }
  }
}