{
  "alpha": 0.785,
  "eval_cost": 1.1100188379463325,
  "eval_fidelity": 0.9358646038086496,
  "eval_leakage": 0.005358718526240792,
  "eval_plan_path": "runs\\runtime\\gamma_1.570796\\alpha_0.785000\\plans\\iter_000009_control_plan.npz",
  "eval_time_ns": 180.0,
  "gamma": 1.5707963267948966,
  "phase_iter": 9,
  "robustness": {
    "sigma_1p0": {
      "average_fidelity": 0.8997459555456097,
      "average_gate_fidelity": 0.8746824444320123,
      "fidelity_variance": 0.0017115923384420668,
      "num_samples": 60,
      "sigma_mhz": 1.0
    }
  }
}