{
  "alpha": 0.785,
  "eval_cost": 1.0139969459470723,
  "eval_fidelity": 0.9430724218983839,
  "eval_leakage": 0.007673201563949463,
  "eval_plan_path": "runs\\runtime\\gamma_1.570796\\alpha_0.785000\\plans\\iter_000149_control_plan.npz",
  "eval_time_ns": 180.0,
  "gamma": 1.5707963267948966,
  "phase_iter": 149,
  "robustness": {
    "sigma_1p0": {
      "average_fidelity": 0.9016159179338399,
      "average_gate_fidelity": 0.8770198974172996,
      "fidelity_variance": 0.0008131890500015931,
      "num_samples": 60,
      "sigma_mhz": 1.0
    }
  }
}