{
  "alpha": 0.785,
  "eval_cost": 1.131399847502112,
  "eval_fidelity": 0.9408876306277439,
  "eval_leakage": 0.005485850207468451,
  "eval_plan_path": "runs\\runtime\\gamma_1.570796\\alpha_0.785000\\plans\\iter_000021_control_plan.npz",
  "eval_time_ns": 180.0,
  "gamma": 1.5707963267948966,
  "phase_iter": 21,
  "robustness": {
    "sigma_1p0": {
      "average_fidelity": 0.9076496464799382,
      "average_gate_fidelity": 0.8845620580999227,
      "fidelity_variance": 0.00123594611745598,
      "num_samples": 60,
      "sigma_mhz": 1.0
    }
  }
}