{
  "alpha": 0.785,
  "eval_cost": 0.9844230946670973,
  "eval_fidelity": 0.9459506935927727,
  "eval_leakage": 0.0074197258332999805,
  "eval_plan_path": "runs\\runtime\\gamma_1.570796\\alpha_0.785000\\plans\\iter_000129_control_plan.npz",
  "eval_time_ns": 180.0,
  "gamma": 1.5707963267948966,
  "phase_iter": 129,
  "robustness": {
    "sigma_1p0": {
      "average_fidelity": 0.9086490651325836,
      "average_gate_fidelity": 0.8858113314157294,
      "fidelity_variance": 0.0009098105154565102,
      "num_samples": 60,
      "sigma_mhz": 1.0
    }
  }
}