{
  "alpha": 0.785,
  "eval_cost": 1.1047802442438064,
  "eval_fidelity": 0.9428027892941313,
  "eval_leakage": 0.0055084789263532335,
  "eval_plan_path": "runs\\runtime\\gamma_1.570796\\alpha_0.785000\\plans\\iter_000017_control_plan.npz",
  "eval_time_ns": 180.0,
  "gamma": 1.5707963267948966,
  "phase_iter": 17,
  "robustness": {
    "sigma_1p0": {
      "average_fidelity": 0.9070564539418791,
      "average_gate_fidelity": 0.8838205674273483,
      "fidelity_variance": 0.0011856754570786767,
      "num_samples": 60,
      "sigma_mhz": 1.0
    }
  }
}