{
  "alpha": 0.785,
  "eval_cost": 1.0200309926957143,
  "eval_fidelity": 0.9395158568247599,
  "eval_leakage": 0.006603660001935545,
  "eval_plan_path": "runs\\runtime\\gamma_1.570796\\alpha_0.785000\\plans\\iter_000096_control_plan.npz",
  "eval_time_ns": 180.0,
  "gamma": 1.5707963267948966,
  "phase_iter": 96,
  "robustness": {
    "sigma_1p0": {
      "average_fidelity": 0.9101357484167822,
      "average_gate_fidelity": 0.8876696855209779,
      "fidelity_variance": 0.0007059942747104166,
      "num_samples": 60,
      "sigma_mhz": 1.0
    }
  }
}