{
  "alpha": 0.785,
  "eval_cost": 1.0534427379431894,
  "eval_fidelity": 0.9361143344324544,
  "eval_leakage": 0.0067004170912079355,
  "eval_plan_path": "runs\\runtime\\gamma_1.570796\\alpha_0.785000\\plans\\iter_000099_control_plan.npz",
  "eval_time_ns": 180.0,
  "gamma": 1.5707963267948966,
  "phase_iter": 99,
  "robustness": {
    "sigma_1p0": {
      "average_fidelity": 0.9024708292972957,
      "average_gate_fidelity": 0.8780885366216197,
      "fidelity_variance": 0.0010635463183173792,
      "num_samples": 60,
      "sigma_mhz": 1.0
    }
  }
}