{
  "alpha": 0.785,
  "eval_cost": 1.0044617532495237,
  "eval_fidelity": 0.9412386129599506,
  "eval_leakage": 0.0061681235227886025,
  "eval_plan_path": "runs\\runtime\\gamma_1.570796\\alpha_0.785000\\plans\\iter_000072_control_plan.npz",
  "eval_time_ns": 180.0,
  "gamma": 1.5707963267948966,
  "phase_iter": 72,
  "robustness": {
    "sigma_1p0": {
      "average_fidelity": 0.9034962527660787,
      "average_gate_fidelity": 0.8793703159575982,
      "fidelity_variance": 0.0008705478742408426,
      "num_samples": 60,
      "sigma_mhz": 1.0
    }
  }
}