{
  "alpha": 0.785,
  "eval_cost": 0.9848361820670023,
  "eval_fidelity": 0.9450118498620063,
  "eval_leakage": 0.005872343626319439,
  "eval_plan_path": "runs\\runtime\\gamma_1.570796\\alpha_0.785000\\plans\\iter_000062_control_plan.npz",
  "eval_time_ns": 180.0,
  "gamma": 1.5707963267948966,
  "phase_iter": 62,
  "robustness": {
    "sigma_1p0": {
      "average_fidelity": 0.909989578300473,
      "average_gate_fidelity": 0.8874869728755912,
      "fidelity_variance": 0.0007142462446320357,
      "num_samples": 60,
      "sigma_mhz": 1.0
    }
  }
}