{
  "alpha": 0.785,
  "eval_cost": 1.0106197093995268,
  "eval_fidelity": 0.9409017242837772,
  "eval_leakage": 0.0066365899793493855,
  "eval_plan_path": "runs\\runtime\\gamma_1.570796\\alpha_0.785000\\plans\\iter_000091_control_plan.npz",
  "eval_time_ns": 180.0,
  "gamma": 1.5707963267948966,
  "phase_iter": 91,
  "robustness": {
    "sigma_1p0": {
      "average_fidelity": 0.9021353191659554,
      "average_gate_fidelity": 0.8776691489574445,
      "fidelity_variance": 0.0007770338554533663,
      "num_samples": 60,
      "sigma_mhz": 1.0
    }
  }
}