{
  "alpha": 0.785,
  "eval_cost": 1.038615230665933,
  "eval_fidelity": 0.9388745537884359,
  "eval_leakage": 0.006259037933995201,
  "eval_plan_path": "runs\\runtime\\gamma_1.570796\\alpha_0.785000\\plans\\iter_000075_control_plan.npz",
  "eval_time_ns": 180.0,
  "gamma": 1.5707963267948966,
  "phase_iter": 75,
  "robustness": {
    "sigma_1p0": {
      "average_fidelity": 0.8982191458458836,
      "average_gate_fidelity": 0.8727739323073543,
      "fidelity_variance": 0.0012151223537499372,
      "num_samples": 60,
      "sigma_mhz": 1.0
    }
  }
}