{
  "alpha": 0.785,
  "eval_cost": 0.9955804757228646,
  "eval_fidelity": 0.9434820233377479,
  "eval_leakage": 0.005764139157991118,
  "eval_plan_path": "runs\\runtime\\gamma_1.570796\\alpha_0.785000\\plans\\iter_000051_control_plan.npz",
  "eval_time_ns": 180.0,
  "gamma": 1.5707963267948966,
  "phase_iter": 51,
  "robustness": {
    "sigma_1p0": {
      "average_fidelity": 0.9057795814174974,
      "average_gate_fidelity": 0.8822244767718715,
      "fidelity_variance": 0.0009643090319471534,
      "num_samples": 60,
      "sigma_mhz": 1.0
    }
  }
}