{
  "alpha": 0.785,
  "eval_cost": 0.9664376451953303,
  "eval_fidelity": 0.9450716785133338,
  "eval_leakage": 0.006985699664446366,
  "eval_plan_path": "runs\\runtime\\gamma_1.570796\\alpha_0.785000\\plans\\iter_000117_control_plan.npz",
  "eval_time_ns": 180.0,
  "gamma": 1.5707963267948966,
  "phase_iter": 117,
  "robustness": {
    "sigma_1p0": {
      "average_fidelity": 0.9056605473795504,
      "average_gate_fidelity": 0.8820756842244379,
      "fidelity_variance": 0.0011658828227545824,
      "num_samples": 60,
      "sigma_mhz": 1.0
    }
  }
}