{
  "alpha": 0.785,
  "eval_cost": 1.0328531108136705,
  "eval_fidelity": 0.9497803560443829,
  "eval_leakage": 0.005606407051614335,
  "eval_plan_path": "runs\\runtime\\gamma_1.570796\\alpha_0.785000\\plans\\iter_000030_control_plan.npz",
  "eval_time_ns": 180.0,
  "gamma": 1.5707963267948966,
  "phase_iter": 30,
  "robustness": {
    "sigma_1p0": {
      "average_fidelity": 0.9106207909184344,
      "average_gate_fidelity": 0.8882759886480428,
      "fidelity_variance": 0.0007887900847088722,
      "num_samples": 60,
      "sigma_mhz": 1.0
    }
  }
}