{
  "alpha": 0.785,
  "eval_cost": 1.046619813033323,
  "eval_fidelity": 0.943151133468052,
  "eval_leakage": 0.005400775211765728,
  "eval_plan_path": "runs\\runtime\\gamma_1.570796\\alpha_0.785000\\plans\\iter_000012_control_plan.npz",
  "eval_time_ns": 180.0,
  "gamma": 1.5707963267948966,
  "phase_iter": 12,
  "robustness": {
    "sigma_1p0": {
      "average_fidelity": 0.9091614855637625,
      "average_gate_fidelity": 0.8864518569547031,
      "fidelity_variance": 0.0010855861371497461,
      "num_samples": 60,
      "sigma_mhz": 1.0
    }
  }
}