{
  "alpha": 0.785,
  "eval_cost": 0.9569434924136034,
  "eval_fidelity": 0.9505504900821002,
  "eval_leakage": 0.005730370933243235,
  "eval_plan_path": "runs\\runtime\\gamma_1.570796\\alpha_0.785000\\plans\\iter_000049_control_plan.npz",
  "eval_time_ns": 180.0,
  "gamma": 1.5707963267948966,
  "phase_iter": 49,
  "robustness": {
    "sigma_1p0": {
      "average_fidelity": 0.9141768892039588,
      "average_gate_fidelity": 0.8927211115049486,
      "fidelity_variance": 0.0006769993268780808,
      "num_samples": 60,
      "sigma_mhz": 1.0
    }
  }
}