{
  "alpha": 0.785,
  "eval_cost": 1.0640101181214645,
  "eval_fidelity": 0.9454295131187826,
  "eval_leakage": 0.0054103582310943855,
  "eval_plan_path": "runs\\runtime\\gamma_1.570796\\alpha_0.785000\\plans\\iter_000015_control_plan.npz",
  "eval_time_ns": 180.0,
  "gamma": 1.5707963267948966,
  "phase_iter": 15,
  "robustness": {
    "sigma_1p0": {
      "average_fidelity": 0.9171803822046739,
      "average_gate_fidelity": 0.8964754777558424,
      "fidelity_variance": 0.001664293954900499,
      "num_samples": 60,
      "sigma_mhz": 1.0
    }
  }
}