{
  "alpha": 0.785,
  "eval_cost": 1.066506599808967,
  "eval_fidelity": 0.9369748296048547,
  "eval_leakage": 0.006601553709654314,
  "eval_plan_path": "runs\\runtime\\gamma_1.570796\\alpha_0.785000\\plans\\iter_000090_control_plan.npz",
  "eval_time_ns": 180.0,
  "gamma": 1.5707963267948966,
  "phase_iter": 90,
  "robustness": {
    "sigma_1p0": {
      "average_fidelity": 0.9029311062136932,
      "average_gate_fidelity": 0.8786638827671165,
      "fidelity_variance": 0.000950729518827671,
      "num_samples": 60,
      "sigma_mhz": 1.0
    }
  }
}