{
  "alpha": 0.785,
  "eval_cost": 0.973341695505852,
  "eval_fidelity": 0.9441643977930244,
  "eval_leakage": 0.007368786682348397,
  "eval_plan_path": "runs\\runtime\\gamma_1.570796\\alpha_0.785000\\plans\\iter_000139_control_plan.npz",
  "eval_time_ns": 180.0,
  "gamma": 1.5707963267948966,
  "phase_iter": 139,
  "robustness": {
    "sigma_1p0": {
      "average_fidelity": 0.9072600770433642,
      "average_gate_fidelity": 0.8840750963042052,
      "fidelity_variance": 0.0008154178852661848,
      "num_samples": 60,
      "sigma_mhz": 1.0
    }
  }
}