{
  "alpha": 0.785,
  "eval_cost": 0.9679151581086061,
  "eval_fidelity": 0.9462276796485148,
  "eval_leakage": 0.007568532501837291,
  "eval_plan_path": "runs\\runtime\\gamma_1.570796\\alpha_0.785000\\plans\\iter_000146_control_plan.npz",
  "eval_time_ns": 180.0,
  "gamma": 1.5707963267948966,
  "phase_iter": 146,
  "robustness": {
    "sigma_1p0": {
      "average_fidelity": 0.9083052710275528,
      "average_gate_fidelity": 0.8853815887844408,
      "fidelity_variance": 0.001125664836208345,
      "num_samples": 60,
      "sigma_mhz": 1.0
    }
  }
}