{
  "alpha": 0.785,
  "eval_cost": 0.9681156368485916,
  "eval_fidelity": 0.9447950533896388,
  "eval_leakage": 0.006087706951979034,
  "eval_plan_path": "runs\\runtime\\gamma_1.570796\\alpha_0.785000\\plans\\iter_000070_control_plan.npz",
  "eval_time_ns": 180.0,
  "gamma": 1.5707963267948966,
  "phase_iter": 70,
  "robustness": {
    "sigma_1p0": {
      "average_fidelity": 0.9111924372923172,
      "average_gate_fidelity": 0.8889905466153964,
      "fidelity_variance": 0.0008600240547063104,
      "num_samples": 60,
      "sigma_mhz": 1.0
    }
  }
}