{
  "alpha": 0.785,
  "eval_cost": 1.064417791423339,
  "eval_fidelity": 0.9374203711216735,
  "eval_leakage": 0.006408743347201995,
  "eval_plan_path": "runs\\runtime\\gamma_1.570796\\alpha_0.785000\\plans\\iter_000080_control_plan.npz",
  "eval_time_ns": 180.0,
  "gamma": 1.5707963267948966,
  "phase_iter": 80,
  "robustness": {
    "sigma_1p0": {
      "average_fidelity": 0.9045357213193892,
      "average_gate_fidelity": 0.8806696516492366,
      "fidelity_variance": 0.0010324691474041122,
      "num_samples": 60,
      "sigma_mhz": 1.0
    }
  }
}