{
  "alpha": 0.785,
  "eval_cost": 0.9824376391153027,
  "eval_fidelity": 0.9439275531418636,
  "eval_leakage": 0.00739511509647772,
  "eval_plan_path": "runs\\runtime\\gamma_1.570796\\alpha_0.785000\\plans\\iter_000135_control_plan.npz",
  "eval_time_ns": 180.0,
  "gamma": 1.5707963267948966,
  "phase_iter": 135,
  "robustness": {
    "sigma_1p0": {
      "average_fidelity": 0.9126221502348069,
      "average_gate_fidelity": 0.8907776877935087,
      "fidelity_variance": 0.0008077396453334812,
      "num_samples": 60,
      "sigma_mhz": 1.0
    }
  }
}