{
  "alpha": 0.785,
  "eval_cost": 1.0229793440532906,
  "eval_fidelity": 0.9400982525799755,
  "eval_leakage": 0.006389495911866799,
  "eval_plan_path": "runs\\runtime\\gamma_1.570796\\alpha_0.785000\\plans\\iter_000086_control_plan.npz",
  "eval_time_ns": 180.0,
  "gamma": 1.5707963267948966,
  "phase_iter": 86,
  "robustness": {
    "sigma_1p0": {
      "average_fidelity": 0.9013873613340757,
      "average_gate_fidelity": 0.876734201667595,
      "fidelity_variance": 0.000947222588184764,
      "num_samples": 60,
      "sigma_mhz": 1.0
    }
  }
}