{
  "alpha": 0.785,
  "eval_cost": 1.0259373513282406,
  "eval_fidelity": 0.940102832090518,
  "eval_leakage": 0.006364453368086995,
  "eval_plan_path": "runs\\runtime\\gamma_1.570796\\alpha_0.785000\\plans\\iter_000082_control_plan.npz",
  "eval_time_ns": 180.0,
  "gamma": 1.5707963267948966,
  "phase_iter": 82,
  "robustness": {
    "sigma_1p0": {
      "average_fidelity": 0.9038322068203398,
      "average_gate_fidelity": 0.8797902585254247,
      "fidelity_variance": 0.0011311103064855742,
      "num_samples": 60,
      "sigma_mhz": 1.0
    }
  }
}