{
  "alpha": 0.785,
  "eval_cost": 1.0683849992534498,
  "eval_fidelity": 0.9357677512251629,
  "eval_leakage": 0.006748567542549394,
  "eval_plan_path": "runs\\runtime\\gamma_1.570796\\alpha_0.785000\\plans\\iter_000100_control_plan.npz",
  "eval_time_ns": 180.0,
  "gamma": 1.5707963267948966,
  "phase_iter": 100,
  "robustness": {
    "sigma_1p0": {
      "average_fidelity": 0.9040645519875684,
      "average_gate_fidelity": 0.8800806899844605,
      "fidelity_variance": 0.0009875269102287045,
      "num_samples": 60,
      "sigma_mhz": 1.0
    }
  }
}