{
  "alpha": 0.785,
  "eval_cost": 0.9425981517859883,
  "eval_fidelity": 0.9479863825758057,
  "eval_leakage": 0.005838170892476982,
  "eval_plan_path": "runs\\runtime\\gamma_1.570796\\alpha_0.785000\\plans\\iter_000060_control_plan.npz",
  "eval_time_ns": 180.0,
  "gamma": 1.5707963267948966,
  "phase_iter": 60,
  "robustness": {
    "sigma_1p0": {
      "average_fidelity": 0.912416668354401,
      "average_gate_fidelity": 0.8905208354430011,
      "fidelity_variance": 0.001000935223275947,
      "num_samples": 60,
      "sigma_mhz": 1.0
    }
  }
}