{
  "alpha": 0.785,
  "eval_cost": 1.1006196786668063,
  "eval_fidelity": 0.9378070836345668,
  "eval_leakage": 0.005758701024319802,
  "eval_plan_path": "runs\\runtime\\gamma_1.570796\\alpha_0.785000\\plans\\iter_000037_control_plan.npz",
  "eval_time_ns": 180.0,
  "gamma": 1.5707963267948966,
  "phase_iter": 37,
  "robustness": {
    "sigma_1p0": {
      "average_fidelity": 0.9027002909324189,
      "average_gate_fidelity": 0.8783753636655237,
      "fidelity_variance": 0.0015943296321992422,
      "num_samples": 60,
      "sigma_mhz": 1.0
    }
  }
}