{
  "alpha": 0.785,
  "eval_cost": 1.1102452650285395,
  "eval_fidelity": 0.9406032104896443,
  "eval_leakage": 0.005410416322202477,
  "eval_plan_path": "runs\\runtime\\gamma_1.570796\\alpha_0.785000\\plans\\iter_000014_control_plan.npz",
  "eval_time_ns": 180.0,
  "gamma": 1.5707963267948966,
  "phase_iter": 14,
  "robustness": {
    "sigma_1p0": {
      "average_fidelity": 0.904430503961499,
      "average_gate_fidelity": 0.8805381299518736,
      "fidelity_variance": 0.0015997126339217078,
      "num_samples": 60,
      "sigma_mhz": 1.0
    }
  }
}