{
  "alpha": 0.785,
  "eval_cost": 1.006856782139456,
  "eval_fidelity": 0.9408546206201903,
  "eval_leakage": 0.0067751219905645395,
  "eval_plan_path": "runs\\runtime\\gamma_1.570796\\alpha_0.785000\\plans\\iter_000101_control_plan.npz",
  "eval_time_ns": 180.0,
  "gamma": 1.5707963267948966,
  "phase_iter": 101,
  "robustness": {
    "sigma_1p0": {
      "average_fidelity": 0.8992136689866964,
      "average_gate_fidelity": 0.8740170862333705,
      "fidelity_variance": 0.0011161579624506157,
      "num_samples": 60,
      "sigma_mhz": 1.0
    }
  }
}