{
  "alpha": 0.785,
  "eval_cost": 1.0516021158224538,
  "eval_fidelity": 0.9460849878880081,
  "eval_leakage": 0.005730093412216147,
  "eval_plan_path": "runs\\runtime\\gamma_1.570796\\alpha_0.785000\\plans\\iter_000036_control_plan.npz",
  "eval_time_ns": 180.0,
  "gamma": 1.5707963267948966,
  "phase_iter": 36,
  "robustness": {
    "sigma_1p0": {
      "average_fidelity": 0.9084185256250387,
      "average_gate_fidelity": 0.8855231570312981,
      "fidelity_variance": 0.0011893740307173442,
      "num_samples": 60,
      "sigma_mhz": 1.0
    }
  }
}