{
  "alpha": 0.785,
  "eval_cost": 0.9616068483881696,
  "eval_fidelity": 0.9440186311358881,
  "eval_leakage": 0.006109706866998778,
  "eval_plan_path": "runs\\runtime\\gamma_1.570796\\alpha_0.785000\\plans\\iter_000071_control_plan.npz",
  "eval_time_ns": 180.0,
  "gamma": 1.5707963267948966,
  "phase_iter": 71,
  "robustness": {
    "sigma_1p0": {
      "average_fidelity": 0.9095493029683086,
      "average_gate_fidelity": 0.8869366287103855,
      "fidelity_variance": 0.0008101915893281131,
      "num_samples": 60,
      "sigma_mhz": 1.0
    }
  }
}