{
  "alpha": 0.785,
  "eval_cost": 0.9333145352830952,
  "eval_fidelity": 0.9500973542980595,
  "eval_leakage": 0.00721707389856804,
  "eval_plan_path": "runs\\runtime\\gamma_1.570796\\alpha_0.785000\\plans\\iter_000126_control_plan.npz",
  "eval_time_ns": 180.0,
  "gamma": 1.5707963267948966,
  "phase_iter": 126,
  "robustness": {
    "sigma_1p0": {
      "average_fidelity": 0.9079419835864677,
      "average_gate_fidelity": 0.8849274794830848,
      "fidelity_variance": 0.000920253585010484,
      "num_samples": 60,
      "sigma_mhz": 1.0
    }
  }
}