{
  "alpha": 0.785,
  "eval_cost": 1.0455580437610101,
  "eval_fidelity": 0.9529967508108088,
  "eval_leakage": 0.005647753684171867,
  "eval_plan_path": "runs\\runtime\\gamma_1.570796\\alpha_0.785000\\plans\\iter_000028_control_plan.npz",
  "eval_time_ns": 180.0,
  "gamma": 1.5707963267948966,
  "phase_iter": 28,
  "robustness": {
    "sigma_1p0": {
      "average_fidelity": 0.9062541837172109,
      "average_gate_fidelity": 0.8828177296465138,
      "fidelity_variance": 0.0007602915369306172,
      "num_samples": 60,
      "sigma_mhz": 1.0
    }
  }
}