{
  "alpha": 0.785,
  "eval_cost": 0.9895019797565363,
  "eval_fidelity": 0.9427061209946633,
  "eval_leakage": 0.005843265932089726,
  "eval_plan_path": "runs\\runtime\\gamma_1.570796\\alpha_0.785000\\plans\\iter_000053_control_plan.npz",
  "eval_time_ns": 180.0,
  "gamma": 1.5707963267948966,
  "phase_iter": 53,
  "robustness": {
    "sigma_1p0": {
      "average_fidelity": 0.9093714480415201,
      "average_gate_fidelity": 0.8867143100519002,
      "fidelity_variance": 0.0008249212883660226,
      "num_samples": 60,
      "sigma_mhz": 1.0
    }
  }
}