{
  "alpha": 0.785,
  "eval_cost": 0.963020336600539,
  "eval_fidelity": 0.9461422719716763,
  "eval_leakage": 0.006976661463374427,
  "eval_plan_path": "runs\\runtime\\gamma_1.570796\\alpha_0.785000\\plans\\iter_000116_control_plan.npz",
  "eval_time_ns": 180.0,
  "gamma": 1.5707963267948966,
  "phase_iter": 116,
  "robustness": {
    "sigma_1p0": {
      "average_fidelity": 0.9093305464974007,
      "average_gate_fidelity": 0.8866631831217507,
      "fidelity_variance": 0.0007898726570319994,
      "num_samples": 60,
      "sigma_mhz": 1.0
    }
  }
}