{
  "alpha": 0.785,
  "eval_cost": 1.0099732855670478,
  "eval_fidelity": 0.9409189410011007,
  "eval_leakage": 0.006838077182889205,
  "eval_plan_path": "runs\\runtime\\gamma_1.570796\\alpha_0.785000\\plans\\iter_000104_control_plan.npz",
  "eval_time_ns": 180.0,
  "gamma": 1.5707963267948966,
  "phase_iter": 104,
  "robustness": {
    "sigma_1p0": {
      "average_fidelity": 0.902969197393195,
      "average_gate_fidelity": 0.8787114967414936,
      "fidelity_variance": 0.0011475472189204701,
      "num_samples": 60,
      "sigma_mhz": 1.0
    }
  }
}