{
  "alpha": 0.785,
  "eval_cost": 1.0254691935435445,
  "eval_fidelity": 0.9409370542609915,
  "eval_leakage": 0.006358667023838784,
  "eval_plan_path": "runs\\runtime\\gamma_1.570796\\alpha_0.785000\\plans\\iter_000079_control_plan.npz",
  "eval_time_ns": 180.0,
  "gamma": 1.5707963267948966,
  "phase_iter": 79,
  "robustness": {
    "sigma_1p0": {
      "average_fidelity": 0.9049093907770598,
      "average_gate_fidelity": 0.8811367384713247,
      "fidelity_variance": 0.0008035284788679635,
      "num_samples": 60,
      "sigma_mhz": 1.0
    }
  }
}