{
  "alpha": 0.785,
  "eval_cost": 1.0938092594449895,
  "eval_fidelity": 0.9482149354983866,
  "eval_leakage": 0.0055605691474644075,
  "eval_plan_path": "runs\\runtime\\gamma_1.570796\\alpha_0.785000\\plans\\iter_000023_control_plan.npz",
  "eval_time_ns": 180.0,
  "gamma": 1.5707963267948966,
  "phase_iter": 23,
  "robustness": {
    "sigma_1p0": {
      "average_fidelity": 0.9112926750763194,
      "average_gate_fidelity": 0.8891158438453993,
      "fidelity_variance": 0.0010701608637607891,
      "num_samples": 60,
      "sigma_mhz": 1.0
    }
  }
}