{
  "alpha": 0.785,
  "eval_cost": 0.9733137743218162,
  "eval_fidelity": 0.9424847288916237,
  "eval_leakage": 0.00681156836141551,
  "eval_plan_path": "runs\\runtime\\gamma_1.570796\\alpha_0.785000\\plans\\iter_000112_control_plan.npz",
  "eval_time_ns": 180.0,
  "gamma": 1.5707963267948966,
  "phase_iter": 112,
  "robustness": {
    "sigma_1p0": {
      "average_fidelity": 0.9056502779244806,
      "average_gate_fidelity": 0.8820628474056007,
      "fidelity_variance": 0.0008773288324318469,
      "num_samples": 60,
      "sigma_mhz": 1.0
    }
  }
}