{
  "alpha": 0.785,
  "eval_cost": 0.9957329873646209,
  "eval_fidelity": 0.9444539957583267,
  "eval_leakage": 0.007200850973996222,
  "eval_plan_path": "runs\\runtime\\gamma_1.570796\\alpha_0.785000\\plans\\iter_000124_control_plan.npz",
  "eval_time_ns": 180.0,
  "gamma": 1.5707963267948966,
  "phase_iter": 124,
  "robustness": {
    "sigma_1p0": {
      "average_fidelity": 0.9099475683274604,
      "average_gate_fidelity": 0.8874344604093255,
      "fidelity_variance": 0.0007820053300632498,
      "num_samples": 60,
      "sigma_mhz": 1.0
    }
  }
}