{
  "alpha": 0.785,
  "eval_cost": 0.9380754402671228,
  "eval_fidelity": 0.9494205939491065,
  "eval_leakage": 0.007250263758291446,
  "eval_plan_path": "runs\\runtime\\gamma_1.570796\\alpha_0.785000\\plans\\iter_000127_control_plan.npz",
  "eval_time_ns": 180.0,
  "gamma": 1.5707963267948966,
  "phase_iter": 127,
  "robustness": {
    "sigma_1p0": {
      "average_fidelity": 0.911671589001411,
      "average_gate_fidelity": 0.8895894862517636,
      "fidelity_variance": 0.00076324427861414,
      "num_samples": 60,
      "sigma_mhz": 1.0
    }
  }
}