{
  "alpha": 0.785,
  "eval_cost": 1.0770877033704431,
  "eval_fidelity": 0.9359377723329015,
  "eval_leakage": 0.005360740941863582,
  "eval_plan_path": "runs\\runtime\\gamma_1.570796\\alpha_0.785000\\plans\\iter_000008_control_plan.npz",
  "eval_time_ns": 180.0,
  "gamma": 1.5707963267948966,
  "phase_iter": 8,
  "robustness": {
    "sigma_1p0": {
      "average_fidelity": 0.9063175305318554,
      "average_gate_fidelity": 0.8828969131648191,
      "fidelity_variance": 0.0011461497997469093,
      "num_samples": 60,
      "sigma_mhz": 1.0
    }
  }
}