{
  "alpha": 0.785,
  "eval_cost": 1.0359825538011127,
  "eval_fidelity": 0.9389445183020229,
  "eval_leakage": 0.0064583025686383196,
  "eval_plan_path": "runs\\runtime\\gamma_1.570796\\alpha_0.785000\\plans\\iter_000087_control_plan.npz",
  "eval_time_ns": 180.0,
  "gamma": 1.5707963267948966,
  "phase_iter": 87,
  "robustness": {
    "sigma_1p0": {
      "average_fidelity": 0.901706990354655,
      "average_gate_fidelity": 0.8771337379433188,
      "fidelity_variance": 0.0009912811171069462,
      "num_samples": 60,
      "sigma_mhz": 1.0
    }
  }
}