{
  "alpha": 0.785,
  "eval_cost": 0.9813814997150632,
  "eval_fidelity": 0.9452180523471116,
  "eval_leakage": 0.005853708246611327,
  "eval_plan_path": "runs\\runtime\\gamma_1.570796\\alpha_0.785000\\plans\\iter_000061_control_plan.npz",
  "eval_time_ns": 180.0,
  "gamma": 1.5707963267948966,
  "phase_iter": 61,
  "robustness": {
    "sigma_1p0": {
      "average_fidelity": 0.9126948527879621,
      "average_gate_fidelity": 0.8908685659849525,
      "fidelity_variance": 0.0011574793162952852,
      "num_samples": 60,
      "sigma_mhz": 1.0
    }
  }
}