{
  "alpha": 0.785,
  "eval_cost": 1.010217360002542,
  "eval_fidelity": 0.9426382297527295,
  "eval_leakage": 0.006301422391299059,
  "eval_plan_path": "runs\\runtime\\gamma_1.570796\\alpha_0.785000\\plans\\iter_000078_control_plan.npz",
  "eval_time_ns": 180.0,
  "gamma": 1.5707963267948966,
  "phase_iter": 78,
  "robustness": {
    "sigma_1p0": {
      "average_fidelity": 0.908886934009178,
      "average_gate_fidelity": 0.8861086675114724,
      "fidelity_variance": 0.0009842146532462893,
      "num_samples": 60,
      "sigma_mhz": 1.0
    }
  }
}