{
  "alpha": 0.785,
  "eval_cost": 1.0206249587419358,
  "eval_fidelity": 0.9419163985559973,
  "eval_leakage": 0.007444575370200751,
  "eval_plan_path": "runs\\runtime\\gamma_1.570796\\alpha_0.785000\\plans\\iter_000134_control_plan.npz",
  "eval_time_ns": 180.0,
  "gamma": 1.5707963267948966,
  "phase_iter": 134,
  "robustness": {
    "sigma_1p0": {
      "average_fidelity": 0.9055357207201571,
      "average_gate_fidelity": 0.8819196509001962,
      "fidelity_variance": 0.0008835415810365527,
      "num_samples": 60,
      "sigma_mhz": 1.0
    }
  }
}