{
  "alpha": 0.785,
  "eval_cost": 1.0866318121773846,
  "eval_fidelity": 0.945991376409439,
  "eval_leakage": 0.0055667771568958975,
  "eval_plan_path": "runs\\runtime\\gamma_1.570796\\alpha_0.785000\\plans\\iter_000024_control_plan.npz",
  "eval_time_ns": 180.0,
  "gamma": 1.5707963267948966,
  "phase_iter": 24,
  "robustness": {
    "sigma_1p0": {
      "average_fidelity": 0.9091700007421525,
      "average_gate_fidelity": 0.8864625009276906,
      "fidelity_variance": 0.0008624845658812236,
      "num_samples": 60,
      "sigma_mhz": 1.0
    }
  }
}