{
  "alpha": 0.785,
  "eval_cost": 1.112150220503322,
  "eval_fidelity": 0.9426036933802068,
  "eval_leakage": 0.005505068277074232,
  "eval_plan_path": "runs\\runtime\\gamma_1.570796\\alpha_0.785000\\plans\\iter_000018_control_plan.npz",
  "eval_time_ns": 180.0,
  "gamma": 1.5707963267948966,
  "phase_iter": 18,
  "robustness": {
    "sigma_1p0": {
      "average_fidelity": 0.902956450400404,
      "average_gate_fidelity": 0.8786955630005047,
      "fidelity_variance": 0.0016274955491186272,
      "num_samples": 60,
      "sigma_mhz": 1.0
    }
  }
}