{
  "alpha": 0.785,
  "eval_cost": 0.9862047226877072,
  "eval_fidelity": 0.9423536083700352,
  "eval_leakage": 0.00674196451366,
  "eval_plan_path": "runs\\runtime\\gamma_1.570796\\alpha_0.785000\\plans\\iter_000108_control_plan.npz",
  "eval_time_ns": 180.0,
  "gamma": 1.5707963267948966,
  "phase_iter": 108,
  "robustness": {
    "sigma_1p0": {
      "average_fidelity": 0.9034541355194293,
      "average_gate_fidelity": 0.8793176693992867,
      "fidelity_variance": 0.0009984864542720055,
      "num_samples": 60,
      "sigma_mhz": 1.0
    }
  }
}