{
  "alpha": 0.785,
  "eval_cost": 0.934127786189758,
  "eval_fidelity": 0.9498294059422416,
  "eval_leakage": 0.007434814891674272,
  "eval_plan_path": "runs\\runtime\\gamma_1.570796\\alpha_0.785000\\plans\\iter_000132_control_plan.npz",
  "eval_time_ns": 180.0,
  "gamma": 1.5707963267948966,
  "phase_iter": 132,
  "robustness": {
    "sigma_1p0": {
      "average_fidelity": 0.9097165324950232,
      "average_gate_fidelity": 0.8871456656187788,
      "fidelity_variance": 0.0010832497305666732,
      "num_samples": 60,
      "sigma_mhz": 1.0
    }
  }
}