{
  "alpha": 0.785,
  "eval_cost": 1.0761423565360655,
  "eval_fidelity": 0.935309383327725,
  "eval_leakage": 0.005348713405943653,
  "eval_plan_path": "runs\\runtime\\gamma_1.570796\\alpha_0.785000\\plans\\iter_000007_control_plan.npz",
  "eval_time_ns": 180.0,
  "gamma": 1.5707963267948966,
  "phase_iter": 7,
  "robustness": {
    "sigma_1p0": {
      "average_fidelity": 0.899891856141479,
      "average_gate_fidelity": 0.8748648201768489,
      "fidelity_variance": 0.0009183677868969835,
      "num_samples": 60,
      "sigma_mhz": 1.0
    }
  }
}