{
  "alpha": 0.785,
  "eval_cost": 0.9546353125812337,
  "eval_fidelity": 0.9473690344851864,
  "eval_leakage": 0.007595031320038304,
  "eval_plan_path": "runs\\runtime\\gamma_1.570796\\alpha_0.785000\\plans\\iter_000147_control_plan.npz",
  "eval_time_ns": 180.0,
  "gamma": 1.5707963267948966,
  "phase_iter": 147,
  "robustness": {
    "sigma_1p0": {
      "average_fidelity": 0.9099137855402536,
      "average_gate_fidelity": 0.8873922319253168,
      "fidelity_variance": 0.000837254243720892,
      "num_samples": 60,
      "sigma_mhz": 1.0
    }
  }
}