{
  "alpha": 0.785,
  "eval_cost": 1.0002818974181102,
  "eval_fidelity": 0.9423219615792822,
  "eval_leakage": 0.007419667537988532,
  "eval_plan_path": "runs\\runtime\\gamma_1.570796\\alpha_0.785000\\plans\\iter_000138_control_plan.npz",
  "eval_time_ns": 180.0,
  "gamma": 1.5707963267948966,
  "phase_iter": 138,
  "robustness": {
    "sigma_1p0": {
      "average_fidelity": 0.9040869511827936,
      "average_gate_fidelity": 0.8801086889784919,
      "fidelity_variance": 0.0008923713534018292,
      "num_samples": 60,
      "sigma_mhz": 1.0
    }
  }
}