{
  "alpha": 0.785,
  "eval_cost": 0.9973851617923655,
  "eval_fidelity": 0.9435534191049394,
  "eval_leakage": 0.005775841762902163,
  "eval_plan_path": "runs\\runtime\\gamma_1.570796\\alpha_0.785000\\plans\\iter_000052_control_plan.npz",
  "eval_time_ns": 180.0,
  "gamma": 1.5707963267948966,
  "phase_iter": 52,
  "robustness": {
    "sigma_1p0": {
      "average_fidelity": 0.9015924492842999,
      "average_gate_fidelity": 0.8769905616053747,
      "fidelity_variance": 0.0009926000419595348,
      "num_samples": 60,
      "sigma_mhz": 1.0
    }
  }
}