{
  "alpha": 0.785,
  "eval_cost": 1.8483831184132684,
  "eval_fidelity": 0.8597456719925395,
  "eval_leakage": 0.005192041442282909,
  "eval_plan_path": "runs\\runtime\\gamma_1.570796\\alpha_0.785000\\plans\\iter_000001_control_plan.npz",
  "eval_time_ns": 180.0,
  "gamma": 1.5707963267948966,
  "phase_iter": 1,
  "robustness": {
    "sigma_1p0": {
      "average_fidelity": 0.8474608833802085,
      "average_gate_fidelity": 0.8093261042252604,
      "fidelity_variance": 0.0026706448578473485,
      "num_samples": 60,
      "sigma_mhz": 1.0
    }
  }
}