{
  "alpha": 0.785,
  "eval_cost": 1.6083565617018591,
  "eval_fidelity": 0.8829616709770202,
  "eval_leakage": 0.00520670483338682,
  "eval_plan_path": "runs\\runtime\\gamma_1.570796\\alpha_0.785000\\plans\\iter_000002_control_plan.npz",
  "eval_time_ns": 180.0,
  "gamma": 1.5707963267948966,
  "phase_iter": 2,
  "robustness": {
    "sigma_1p0": {
      "average_fidelity": 0.8604737910940856,
      "average_gate_fidelity": 0.8255922388676067,
      "fidelity_variance": 0.0026680053766579147,
      "num_samples": 60,
      "sigma_mhz": 1.0
    }
  }
}