{
  "alpha": 0.785,
  "eval_cost": 1.0382717040559386,
  "eval_fidelity": 0.9411185659558846,
  "eval_leakage": 0.006892383348966904,
  "eval_plan_path": "runs\\runtime\\gamma_1.570796\\alpha_0.785000\\plans\\iter_000114_control_plan.npz",
  "eval_time_ns": 180.0,
  "gamma": 1.5707963267948966,
  "phase_iter": 114,
  "robustness": {
    "sigma_1p0": {
      "average_fidelity": 0.9065767274941514,
      "average_gate_fidelity": 0.8832209093676889,
      "fidelity_variance": 0.0007699614067950532,
      "num_samples": 60,
      "sigma_mhz": 1.0
    }
  }
}