{
  "alpha": 0.785,
  "eval_cost": 0.9930979781906399,
  "eval_fidelity": 0.9461039485241388,
  "eval_leakage": 0.005693490308590823,
  "eval_plan_path": "runs\\runtime\\gamma_1.570796\\alpha_0.785000\\plans\\iter_000042_control_plan.npz",
  "eval_time_ns": 180.0,
  "gamma": 1.5707963267948966,
  "phase_iter": 42,
  "robustness": {
    "sigma_1p0": {
      "average_fidelity": 0.9069926389802263,
      "average_gate_fidelity": 0.8837407987252828,
      "fidelity_variance": 0.0011824964607957845,
      "num_samples": 60,
      "sigma_mhz": 1.0
    }
  }
}