{
  "alpha": 0.785,
  "eval_cost": 0.990936223452342,
  "eval_fidelity": 0.9411465616073525,
  "eval_leakage": 0.0068119177911128825,
  "eval_plan_path": "runs\\runtime\\gamma_1.570796\\alpha_0.785000\\plans\\iter_000111_control_plan.npz",
  "eval_time_ns": 180.0,
  "gamma": 1.5707963267948966,
  "phase_iter": 111,
  "robustness": {
    "sigma_1p0": {
      "average_fidelity": 0.9121716187759358,
      "average_gate_fidelity": 0.8902145234699195,
      "fidelity_variance": 0.0006073244504531443,
      "num_samples": 60,
      "sigma_mhz": 1.0
    }
  }
}