{
  "alpha": 0.785,
  "eval_cost": 1.0046107325116156,
  "eval_fidelity": 0.9399480768536984,
  "eval_leakage": 0.006787719920330134,
  "eval_plan_path": "runs\\runtime\\gamma_1.570796\\alpha_0.785000\\plans\\iter_000110_control_plan.npz",
  "eval_time_ns": 180.0,
  "gamma": 1.5707963267948966,
  "phase_iter": 110,
  "robustness": {
    "sigma_1p0": {
      "average_fidelity": 0.9085636673274586,
      "average_gate_fidelity": 0.885704584159323,
      "fidelity_variance": 0.0008809045170457199,
      "num_samples": 60,
      "sigma_mhz": 1.0
    }
  }
}