{
  "alpha": 0.785,
  "eval_cost": 1.0208106218725574,
  "eval_fidelity": 0.9439148849376616,
  "eval_leakage": 0.00569966482749107,
  "eval_plan_path": "runs\\runtime\\gamma_1.570796\\alpha_0.785000\\plans\\iter_000041_control_plan.npz",
  "eval_time_ns": 180.0,
  "gamma": 1.5707963267948966,
  "phase_iter": 41,
  "robustness": {
    "sigma_1p0": {
      "average_fidelity": 0.9080884172521831,
      "average_gate_fidelity": 0.885110521565229,
      "fidelity_variance": 0.0005893786427735078,
      "num_samples": 60,
      "sigma_mhz": 1.0
    }
  }
}