{
  "alpha": 0.785,
  "eval_cost": 1.082934867485571,
  "eval_fidelity": 0.9427181438745188,
  "eval_leakage": 0.0054714608231038655,
  "eval_plan_path": "runs\\runtime\\gamma_1.570796\\alpha_0.785000\\plans\\iter_000020_control_plan.npz",
  "eval_time_ns": 180.0,
  "gamma": 1.5707963267948966,
  "phase_iter": 20,
  "robustness": {
    "sigma_1p0": {
      "average_fidelity": 0.9083364037351936,
      "average_gate_fidelity": 0.885420504668992,
      "fidelity_variance": 0.0008903113726073544,
      "num_samples": 60,
      "sigma_mhz": 1.0
    }
  }
}