{
  "alpha": 0.785,
  "eval_cost": 1.0079754838339174,
  "eval_fidelity": 0.9422960770742868,
  "eval_leakage": 0.007524591006573461,
  "eval_plan_path": "runs\\runtime\\gamma_1.570796\\alpha_0.785000\\plans\\iter_000145_control_plan.npz",
  "eval_time_ns": 180.0,
  "gamma": 1.5707963267948966,
  "phase_iter": 145,
  "robustness": {
    "sigma_1p0": {
      "average_fidelity": 0.9015988744423145,
      "average_gate_fidelity": 0.876998593052893,
      "fidelity_variance": 0.0012227650281155858,
      "num_samples": 60,
      "sigma_mhz": 1.0
    }
  }
}