{
  "alpha": 0.785,
  "eval_cost": 0.9657116521814586,
  "eval_fidelity": 0.9517902278964856,
  "eval_leakage": 0.00572340999489855,
  "eval_plan_path": "runs\\runtime\\gamma_1.570796\\alpha_0.785000\\plans\\iter_000043_control_plan.npz",
  "eval_time_ns": 180.0,
  "gamma": 1.5707963267948966,
  "phase_iter": 43,
  "robustness": {
    "sigma_1p0": {
      "average_fidelity": 0.9120433525034866,
      "average_gate_fidelity": 0.8900541906293582,
      "fidelity_variance": 0.0008689646497844654,
      "num_samples": 60,
      "sigma_mhz": 1.0
    }
  }
}