{
  "alpha": 0.785,
  "eval_cost": 1.0080184623856836,
  "eval_fidelity": 0.9418551257993867,
  "eval_leakage": 0.007440786329718228,
  "eval_plan_path": "runs\\runtime\\gamma_1.570796\\alpha_0.785000\\plans\\iter_000141_control_plan.npz",
  "eval_time_ns": 180.0,
  "gamma": 1.5707963267948966,
  "phase_iter": 141,
  "robustness": {
    "sigma_1p0": {
      "average_fidelity": 0.9063408051986992,
      "average_gate_fidelity": 0.8829260064983742,
      "fidelity_variance": 0.0011590810058632994,
      "num_samples": 60,
      "sigma_mhz": 1.0
    }
  }
}