{
  "alpha": 0.785,
  "eval_cost": 0.9911027061364543,
  "eval_fidelity": 0.9435012620545735,
  "eval_leakage": 0.007364316405200509,
  "eval_plan_path": "runs\\runtime\\gamma_1.570796\\alpha_0.785000\\plans\\iter_000136_control_plan.npz",
  "eval_time_ns": 180.0,
  "gamma": 1.5707963267948966,
  "phase_iter": 136,
  "robustness": {
    "sigma_1p0": {
      "average_fidelity": 0.9093723546718441,
      "average_gate_fidelity": 0.8867154433398049,
      "fidelity_variance": 0.0012080844235050788,
      "num_samples": 60,
      "sigma_mhz": 1.0
    }
  }
}