{
  "alpha": 0.785,
  "eval_cost": 1.106304349532794,
  "eval_fidelity": 0.9451445867587279,
  "eval_leakage": 0.005676395454965884,
  "eval_plan_path": "runs\\runtime\\gamma_1.570796\\alpha_0.785000\\plans\\iter_000032_control_plan.npz",
  "eval_time_ns": 180.0,
  "gamma": 1.5707963267948966,
  "phase_iter": 32,
  "robustness": {
    "sigma_1p0": {
      "average_fidelity": 0.9033434858223344,
      "average_gate_fidelity": 0.8791793572779181,
      "fidelity_variance": 0.001661633645083426,
      "num_samples": 60,
      "sigma_mhz": 1.0
    }
  }
}