{
  "alpha": 0.785,
  "eval_cost": 1.0109897197778326,
  "eval_fidelity": 0.9407304133697876,
  "eval_leakage": 0.006836822685613485,
  "eval_plan_path": "runs\\runtime\\gamma_1.570796\\alpha_0.785000\\plans\\iter_000102_control_plan.npz",
  "eval_time_ns": 180.0,
  "gamma": 1.5707963267948966,
  "phase_iter": 102,
  "robustness": {
    "sigma_1p0": {
      "average_fidelity": 0.9100264638005252,
      "average_gate_fidelity": 0.8875330797506563,
      "fidelity_variance": 0.0010594200057841906,
      "num_samples": 60,
      "sigma_mhz": 1.0
    }
  }
}