{
  "alpha": 0.785,
  "eval_cost": 0.9453955934173746,
  "eval_fidelity": 0.9510932884099427,
  "eval_leakage": 0.005929425834789237,
  "eval_plan_path": "runs\\runtime\\gamma_1.570796\\alpha_0.785000\\plans\\iter_000064_control_plan.npz",
  "eval_time_ns": 180.0,
  "gamma": 1.5707963267948966,
  "phase_iter": 64,
  "robustness": {
    "sigma_1p0": {
      "average_fidelity": 0.9128985493298707,
      "average_gate_fidelity": 0.8911231866623381,
      "fidelity_variance": 0.001036597364689247,
      "num_samples": 60,
      "sigma_mhz": 1.0
    }
  }
}