{
  "alpha": 0.785,
  "eval_cost": 0.9546953141658789,
  "eval_fidelity": 0.9485986597614761,
  "eval_leakage": 0.005696773053628734,
  "eval_plan_path": "runs\\runtime\\gamma_1.570796\\alpha_0.785000\\plans\\iter_000046_control_plan.npz",
  "eval_time_ns": 180.0,
  "gamma": 1.5707963267948966,
  "phase_iter": 46,
  "robustness": {
    "sigma_1p0": {
      "average_fidelity": 0.9117688160551917,
      "average_gate_fidelity": 0.8897110200689896,
      "fidelity_variance": 0.0005837753982576259,
      "num_samples": 60,
      "sigma_mhz": 1.0
    }
  }
}