{
  "alpha": 0.785,
  "eval_cost": 1.1010864927010515,
  "eval_fidelity": 0.9401644835233356,
  "eval_leakage": 0.005379052741124201,
  "eval_plan_path": "runs\\runtime\\gamma_1.570796\\alpha_0.785000\\plans\\iter_000013_control_plan.npz",
  "eval_time_ns": 180.0,
  "gamma": 1.5707963267948966,
  "phase_iter": 13,
  "robustness": {
    "sigma_1p0": {
      "average_fidelity": 0.9067750516019029,
      "average_gate_fidelity": 0.8834688145023785,
      "fidelity_variance": 0.0011168764987610808,
      "num_samples": 60,
      "sigma_mhz": 1.0
    }
  }
}