{
  "alpha": 0.785,
  "eval_cost": 0.9439341457821645,
  "eval_fidelity": 0.9491609960286147,
  "eval_leakage": 0.00768222071099789,
  "eval_plan_path": "runs\\runtime\\gamma_1.570796\\alpha_0.785000\\plans\\iter_000150_control_plan.npz",
  "eval_time_ns": 180.0,
  "gamma": 1.5707963267948966,
  "phase_iter": 150,
  "robustness": {
    "sigma_1p0": {
      "average_fidelity": 0.9055379966867622,
      "average_gate_fidelity": 0.8819224958584527,
      "fidelity_variance": 0.001442438110251417,
      "num_samples": 60,
      "sigma_mhz": 1.0
    }
  }
}