{
  "alpha": 0.785,
  "eval_cost": 1.124496245203439,
  "eval_fidelity": 0.946571704319392,
  "eval_leakage": 0.005661590224725605,
  "eval_plan_path": "runs\\runtime\\gamma_1.570796\\alpha_0.785000\\plans\\iter_000026_control_plan.npz",
  "eval_time_ns": 180.0,
  "gamma": 1.5707963267948966,
  "phase_iter": 26,
  "robustness": {
    "sigma_1p0": {
      "average_fidelity": 0.9044021656807367,
      "average_gate_fidelity": 0.880502707100921,
      "fidelity_variance": 0.001066160757861341,
      "num_samples": 60,
      "sigma_mhz": 1.0
    }
  }
}