{
  "alpha": 0.785,
  "eval_cost": 0.9829034499986559,
  "eval_fidelity": 0.9458727202246544,
  "eval_leakage": 0.007648474363615821,
  "eval_plan_path": "runs\\runtime\\gamma_1.570796\\alpha_0.785000\\plans\\iter_000148_control_plan.npz",
  "eval_time_ns": 180.0,
  "gamma": 1.5707963267948966,
  "phase_iter": 148,
  "robustness": {
    "sigma_1p0": {
      "average_fidelity": 0.9093766177904095,
      "average_gate_fidelity": 0.886720772238012,
      "fidelity_variance": 0.0012686512031686824,
      "num_samples": 60,
      "sigma_mhz": 1.0
    }
  }
}