{
  "alpha": 0.785,
  "eval_cost": 1.0045374743055637,
  "eval_fidelity": 0.9412355860241182,
  "eval_leakage": 0.006619122100984852,
  "eval_plan_path": "runs\\runtime\\gamma_1.570796\\alpha_0.785000\\plans\\iter_000092_control_plan.npz",
  "eval_time_ns": 180.0,
  "gamma": 1.5707963267948966,
  "phase_iter": 92,
  "robustness": {
    "sigma_1p0": {
      "average_fidelity": 0.9091593256846576,
      "average_gate_fidelity": 0.886449157105822,
      "fidelity_variance": 0.0009223618002773533,
      "num_samples": 60,
      "sigma_mhz": 1.0
    }
  }
}