{
  "alpha": 0.785,
  "eval_cost": 1.302489609798416,
  "eval_fidelity": 0.9118774846727233,
  "eval_leakage": 0.005279265068546996,
  "eval_plan_path": "runs\\runtime\\gamma_1.570796\\alpha_0.785000\\plans\\iter_000004_control_plan.npz",
  "eval_time_ns": 180.0,
  "gamma": 1.5707963267948966,
  "phase_iter": 4,
  "robustness": {
    "sigma_1p0": {
      "average_fidelity": 0.8877162082210228,
      "average_gate_fidelity": 0.8596452602762784,
      "fidelity_variance": 0.0019828934791059224,
      "num_samples": 60,
      "sigma_mhz": 1.0
    }
  }
}