{
  "alpha": 0.785,
  "eval_cost": 0.9711142074042101,
  "eval_fidelity": 0.9466850008474328,
  "eval_leakage": 0.005718901439762744,
  "eval_plan_path": "runs\\runtime\\gamma_1.570796\\alpha_0.785000\\plans\\iter_000048_control_plan.npz",
  "eval_time_ns": 180.0,
  "gamma": 1.5707963267948966,
  "phase_iter": 48,
  "robustness": {
    "sigma_1p0": {
      "average_fidelity": 0.9085857908758165,
      "average_gate_fidelity": 0.8857322385947708,
      "fidelity_variance": 0.0010384604649649586,
      "num_samples": 60,
      "sigma_mhz": 1.0
    }
  }
}