{
  "alpha": 0.785,
  "eval_cost": 1.1219073999938536,
  "eval_fidelity": 0.9352735930434608,
  "eval_leakage": 0.0057858640891417035,
  "eval_plan_path": "runs\\runtime\\gamma_1.570796\\alpha_0.785000\\plans\\iter_000038_control_plan.npz",
  "eval_time_ns": 180.0,
  "gamma": 1.5707963267948966,
  "phase_iter": 38,
  "robustness": {
    "sigma_1p0": {
      "average_fidelity": 0.8975731919966461,
      "average_gate_fidelity": 0.8719664899958075,
      "fidelity_variance": 0.0010293940342986456,
      "num_samples": 60,
      "sigma_mhz": 1.0
    }
  }
}