{
  "alpha": 0.785,
  "eval_cost": 0.9546597108122359,
  "eval_fidelity": 0.9481112351981955,
  "eval_leakage": 0.005724011765027892,
  "eval_plan_path": "runs\\runtime\\gamma_1.570796\\alpha_0.785000\\plans\\iter_000047_control_plan.npz",
  "eval_time_ns": 180.0,
  "gamma": 1.5707963267948966,
  "phase_iter": 47,
  "robustness": {
    "sigma_1p0": {
      "average_fidelity": 0.9090786147269706,
      "average_gate_fidelity": 0.8863482684087132,
      "fidelity_variance": 0.0011767132109008907,
      "num_samples": 60,
      "sigma_mhz": 1.0
    }
  }
}