{
  "alpha": 0.785,
  "eval_cost": 1.0541093295424289,
  "eval_fidelity": 0.936833878804434,
  "eval_leakage": 0.0066470100839908595,
  "eval_plan_path": "runs\\runtime\\gamma_1.570796\\alpha_0.785000\\plans\\iter_000098_control_plan.npz",
  "eval_time_ns": 180.0,
  "gamma": 1.5707963267948966,
  "phase_iter": 98,
  "robustness": {
    "sigma_1p0": {
      "average_fidelity": 0.9019482968385838,
      "average_gate_fidelity": 0.8774353710482294,
      "fidelity_variance": 0.0010775767034073972,
      "num_samples": 60,
      "sigma_mhz": 1.0
    }
  }
}