{
  "alpha": 0.785,
  "eval_cost": 1.028603739420333,
  "eval_fidelity": 0.9391879298365116,
  "eval_leakage": 0.0066404384399020265,
  "eval_plan_path": "runs\\runtime\\gamma_1.570796\\alpha_0.785000\\plans\\iter_000097_control_plan.npz",
  "eval_time_ns": 180.0,
  "gamma": 1.5707963267948966,
  "phase_iter": 97,
  "robustness": {
    "sigma_1p0": {
      "average_fidelity": 0.9082912836563708,
      "average_gate_fidelity": 0.8853641045704637,
      "fidelity_variance": 0.0007615086936312257,
      "num_samples": 60,
      "sigma_mhz": 1.0
    }
  }
}