{
  "alpha": 0.785,
  "eval_cost": 1.0300401034063646,
  "eval_fidelity": 0.9412868213885823,
  "eval_leakage": 0.007148483853681558,
  "eval_plan_path": "runs\\runtime\\gamma_1.570796\\alpha_0.785000\\plans\\iter_000123_control_plan.npz",
  "eval_time_ns": 180.0,
  "gamma": 1.5707963267948966,
  "phase_iter": 123,
  "robustness": {
    "sigma_1p0": {
      "average_fidelity": 0.9042649504012531,
      "average_gate_fidelity": 0.8803311880015663,
      "fidelity_variance": 0.0008840493168322861,
      "num_samples": 60,
      "sigma_mhz": 1.0
    }
  }
}