{
  "alpha": 2.2,
  "eval_cost": 0.390973414111316,
  "eval_fidelity": 0.9829419996700955,
  "eval_leakage": 0.0009231312040613449,
  "eval_plan_path": "runs/trpo_noise_alpha_2.2_gamma_pi2_10k_episodes_2nd_0.4ec_2nd\\plans\\iter_000032_control_plan.npz",
  "eval_time_ns": 98.0,
  "gamma": 1.5707963267948966,
  "iteration": 32,
  "robustness": {
    "sigma_1p0": {
      "average_fidelity": 0.9571518666878838,
      "average_gate_fidelity": 0.9464398333598545,
      "fidelity_variance": 0.0002667217510745062,
      "num_samples": 60,
      "sigma_mhz": 1.0
    }
  }
}