{
  "alpha": 2.2,
  "eval_cost": 0.3932912580149345,
  "eval_fidelity": 0.9815128679794988,
  "eval_leakage": 0.0012083436930588882,
  "eval_plan_path": "runs/trpo_noise_alpha_2.2_gamma_pi2_10k_episodes_2nd_0.4ec_2nd\\plans\\iter_000057_control_plan.npz",
  "eval_time_ns": 106.0,
  "gamma": 1.5707963267948966,
  "iteration": 57,
  "robustness": {
    "sigma_1p0": {
      "average_fidelity": 0.9573596722159006,
      "average_gate_fidelity": 0.9466995902698756,
      "fidelity_variance": 0.0002901724141542055,
      "num_samples": 60,
      "sigma_mhz": 1.0
    }
  }
}