{
  "alpha": 2.2,
  "eval_cost": 0.6319657134291916,
  "eval_fidelity": 0.9905850256009968,
  "eval_leakage": 0.0027309629506716846,
  "eval_plan_path": "runs/trpo_noise_alpha_2.2_gamma_pi2_10k_episodes_2nd_0.4ec_2nd\\plans\\iter_000102_control_plan.npz",
  "eval_time_ns": 180.0,
  "gamma": 1.5707963267948966,
  "iteration": 102,
  "robustness": {
    "sigma_1p0": {
      "average_fidelity": 0.9465659185261078,
      "average_gate_fidelity": 0.9332073981576346,
      "fidelity_variance": 0.000475495129962913,
      "num_samples": 60,
      "sigma_mhz": 1.0
    }
  }
}