{
  "alpha": 2.2,
  "eval_cost": 0.3943348053636603,
  "eval_fidelity": 0.9848526118965594,
  "eval_leakage": 0.0013141177178007128,
  "eval_plan_path": "runs/trpo_noise_alpha_2.2_gamma_pi2_10k_episodes_2nd_0.4ec_2nd\\plans\\iter_000090_control_plan.npz",
  "eval_time_ns": 106.0,
  "gamma": 1.5707963267948966,
  "iteration": 90,
  "robustness": {
    "sigma_1p0": {
      "average_fidelity": 0.9599071256391363,
      "average_gate_fidelity": 0.9498839070489201,
      "fidelity_variance": 0.0002724690934585364,
      "num_samples": 60,
      "sigma_mhz": 1.0
    }
  }
}