{
  "alpha": 2.2,
  "eval_cost": 1.1238829594909543,
  "eval_fidelity": 0.9787747867254443,
  "eval_leakage": 0.0019964339773315552,
  "eval_plan_path": "runs/trpo_noise_alpha_2.2_gamma_pi2_10k_episodes_2nd_0.4ec_2nd\\plans\\iter_000052_control_plan.npz",
  "eval_time_ns": 180.0,
  "gamma": 1.5707963267948966,
  "iteration": 52,
  "robustness": {
    "sigma_1p0": {
      "average_fidelity": 0.9311956786541984,
      "average_gate_fidelity": 0.9139945983177479,
      "fidelity_variance": 0.0007131380230978084,
      "num_samples": 60,
      "sigma_mhz": 1.0
    }
  }
}