{
  "alpha": 2.2,
  "eval_cost": 0.38266576564076227,
  "eval_fidelity": 0.9808417165868191,
  "eval_leakage": 0.000543565228353218,
  "eval_plan_path": "runs/trpo_noise_alpha_2.2_gamma_pi2_10k_episodes_2nd_0.4ec_2nd\\plans\\iter_000017_control_plan.npz",
  "eval_time_ns": 98.0,
  "gamma": 1.5707963267948966,
  "iteration": 17,
  "robustness": {
    "sigma_1p0": {
      "average_fidelity": 0.9552367799134548,
      "average_gate_fidelity": 0.9440459748918183,
      "fidelity_variance": 0.0003260965050698658,
      "num_samples": 60,
      "sigma_mhz": 1.0
    }
  }
}