{
  "alpha": 2.2,
  "eval_cost": 0.394378741457429,
  "eval_fidelity": 0.9826401413989622,
  "eval_leakage": 0.001233231742811609,
  "eval_plan_path": "runs/trpo_noise_alpha_2.2_gamma_pi2_10k_episodes_2nd_0.4ec_2nd\\plans\\iter_000059_control_plan.npz",
  "eval_time_ns": 104.0,
  "gamma": 1.5707963267948966,
  "iteration": 59,
  "robustness": {
    "sigma_1p0": {
      "average_fidelity": 0.9522204980132726,
      "average_gate_fidelity": 0.9402756225165909,
      "fidelity_variance": 0.0007569996979477001,
      "num_samples": 60,
      "sigma_mhz": 1.0
    }
  }
}