{
  "alpha": 2.2,
  "eval_cost": 0.3983870863510215,
  "eval_fidelity": 0.985057752155716,
  "eval_leakage": 0.0012669112074328067,
  "eval_plan_path": "runs/trpo_noise_alpha_2.2_gamma_pi2_10k_episodes_2nd_0.4ec_2nd\\plans\\iter_000097_control_plan.npz",
  "eval_time_ns": 100.0,
  "gamma": 1.5707963267948966,
  "iteration": 97,
  "robustness": {
    "sigma_1p0": {
      "average_fidelity": 0.9592693378075368,
      "average_gate_fidelity": 0.949086672259421,
      "fidelity_variance": 0.00040642139075927484,
      "num_samples": 60,
      "sigma_mhz": 1.0
    }
  }
}