{
  "alpha": 2.2,
  "eval_cost": 0.38840388717762925,
  "eval_fidelity": 0.9833870514474243,
  "eval_leakage": 0.000880629121541588,
  "eval_plan_path": "runs/trpo_noise_alpha_2.2_gamma_pi2_10k_episodes_2nd_0.4ec_2nd\\plans\\iter_000041_control_plan.npz",
  "eval_time_ns": 96.0,
  "gamma": 1.5707963267948966,
  "iteration": 41,
  "robustness": {
    "sigma_1p0": {
      "average_fidelity": 0.9587645359122654,
      "average_gate_fidelity": 0.9484556698903315,
      "fidelity_variance": 0.00044889843489765124,
      "num_samples": 60,
      "sigma_mhz": 1.0
    }
  }
}