{
  "alpha": 2.2,
  "eval_cost": 0.3886082744871211,
  "eval_fidelity": 0.99648637153632,
  "eval_leakage": 0.00038883953350167565,
  "eval_plan_path": "runs/trpo_noise_alpha_2.2_gamma_pi2_10k_episodes_2nd_0.4ec_2nd\\plans\\iter_000005_control_plan.npz",
  "eval_time_ns": 106.0,
  "gamma": 1.5707963267948966,
  "iteration": 5,
  "robustness": {
    "sigma_1p0": {
      "average_fidelity": 0.966025085718677,
      "average_gate_fidelity": 0.9575313571483464,
      "fidelity_variance": 0.00018467319927355477,
      "num_samples": 60,
      "sigma_mhz": 1.0
    }
  }
}