{
  "alpha": 2.2,
  "eval_cost": 0.3915801182888201,
  "eval_fidelity": 0.9867368385507725,
  "eval_leakage": 0.0013408942674611065,
  "eval_plan_path": "runs/trpo_noise_alpha_2.2_gamma_pi2_10k_episodes_2nd_0.4ec_2nd\\plans\\iter_000085_control_plan.npz",
  "eval_time_ns": 106.0,
  "gamma": 1.5707963267948966,
  "iteration": 85,
  "robustness": {
    "sigma_1p0": {
      "average_fidelity": 0.9582874338881103,
      "average_gate_fidelity": 0.9478592923601378,
      "fidelity_variance": 0.0003732050526520905,
      "num_samples": 60,
      "sigma_mhz": 1.0
    }
  }
}