{
  "alpha": 2.2,
  "eval_cost": 0.3878877308061752,
  "eval_fidelity": 0.9865295925372305,
  "eval_leakage": 0.0012903711802628116,
  "eval_plan_path": "runs/trpo_noise_alpha_2.2_gamma_pi2_10k_episodes_2nd_0.4ec_2nd\\plans\\iter_000064_control_plan.npz",
  "eval_time_ns": 104.0,
  "gamma": 1.5707963267948966,
  "iteration": 64,
  "robustness": {
    "sigma_1p0": {
      "average_fidelity": 0.9541480427041077,
      "average_gate_fidelity": 0.9426850533801345,
      "fidelity_variance": 0.0005176642961811204,
      "num_samples": 60,
      "sigma_mhz": 1.0
    }
  }
}