{
  "alpha": 2.2,
  "eval_cost": 0.5699177921578453,
  "eval_fidelity": 0.9929018688814492,
  "eval_leakage": 0.0028323792761645503,
  "eval_plan_path": "runs/trpo_noise_alpha_2.2_gamma_pi2_10k_episodes_2nd_0.4ec_2nd\\plans\\iter_000104_control_plan.npz",
  "eval_time_ns": 180.0,
  "gamma": 1.5707963267948966,
  "iteration": 104,
  "robustness": {
    "sigma_1p0": {
      "average_fidelity": 0.9415644662371009,
      "average_gate_fidelity": 0.9269555827963759,
      "fidelity_variance": 0.0008059590336330458,
      "num_samples": 60,
      "sigma_mhz": 1.0
    }
  }
}