{
  "alpha": 2.2,
  "eval_cost": 0.3955666314052813,
  "eval_fidelity": 0.9801571948408684,
  "eval_leakage": 0.00047797208603768756,
  "eval_plan_path": "runs/trpo_noise_alpha_2.2_gamma_pi2_10k_episodes_2nd_0.4ec_2nd\\plans\\iter_000013_control_plan.npz",
  "eval_time_ns": 98.0,
  "gamma": 1.5707963267948966,
  "iteration": 13,
  "robustness": {
    "sigma_1p0": {
      "average_fidelity": 0.9584693815122951,
      "average_gate_fidelity": 0.9480867268903688,
      "fidelity_variance": 0.0003184895879717326,
      "num_samples": 60,
      "sigma_mhz": 1.0
    }
  }
}