{
  "alpha": 2.2,
  "eval_cost": 0.37351102721944307,
  "eval_fidelity": 0.9863898991476757,
  "eval_leakage": 0.0004910416693397853,
  "eval_plan_path": "runs/trpo_noise_alpha_2.2_gamma_pi2_10k_episodes_2nd_0.4ec_2nd\\plans\\iter_000015_control_plan.npz",
  "eval_time_ns": 96.0,
  "gamma": 1.5707963267948966,
  "iteration": 15,
  "robustness": {
    "sigma_1p0": {
      "average_fidelity": 0.9592883395890525,
      "average_gate_fidelity": 0.9491104244863156,
      "fidelity_variance": 0.0003865933101567118,
      "num_samples": 60,
      "sigma_mhz": 1.0
    }
  }
}