{
  "alpha": 2.2,
  "eval_cost": 0.39657045948109126,
  "eval_fidelity": 0.9822451907737092,
  "eval_leakage": 0.0008965170409004302,
  "eval_plan_path": "runs/trpo_noise_alpha_2.2_gamma_pi2_10k_episodes_2nd_0.4ec_2nd\\plans\\iter_000046_control_plan.npz",
  "eval_time_ns": 96.0,
  "gamma": 1.5707963267948966,
  "iteration": 46,
  "robustness": {
    "sigma_1p0": {
      "average_fidelity": 0.9538026540475958,
      "average_gate_fidelity": 0.9422533175594947,
      "fidelity_variance": 0.0003681472611977609,
      "num_samples": 60,
      "sigma_mhz": 1.0
    }
  }
}