{
  "alpha": 2.2,
  "eval_cost": 0.39587900791997466,
  "eval_fidelity": 0.9851112821049898,
  "eval_leakage": 0.0007855745356829864,
  "eval_plan_path": "runs/trpo_noise_alpha_2.2_gamma_pi2_10k_episodes_2nd_0.4ec_2nd\\plans\\iter_000026_control_plan.npz",
  "eval_time_ns": 94.0,
  "gamma": 1.5707963267948966,
  "iteration": 26,
  "robustness": {
    "sigma_1p0": {
      "average_fidelity": 0.9608505570893844,
      "average_gate_fidelity": 0.9510631963617304,
      "fidelity_variance": 0.00048553821063597956,
      "num_samples": 60,
      "sigma_mhz": 1.0
    }
  }
}