{
  "alpha": 2.2,
  "eval_cost": 0.39936666863845854,
  "eval_fidelity": 0.9833913021229689,
  "eval_leakage": 0.001475004938240957,
  "eval_plan_path": "runs/trpo_noise_alpha_2.2_gamma_pi2_10k_episodes_2nd_0.4ec_2nd\\plans\\iter_000060_control_plan.npz",
  "eval_time_ns": 126.0,
  "gamma": 1.5707963267948966,
  "iteration": 60,
  "robustness": {
    "sigma_1p0": {
      "average_fidelity": 0.951573326665058,
      "average_gate_fidelity": 0.9394666583313226,
      "fidelity_variance": 0.0006772299563770318,
      "num_samples": 60,
      "sigma_mhz": 1.0
    }
  }
}