{
  "alpha": 2.2,
  "eval_cost": 0.3956057854332443,
  "eval_fidelity": 0.9911378509807725,
  "eval_leakage": 0.0004379413766114779,
  "eval_plan_path": "runs/trpo_noise_alpha_2.2_gamma_pi2_10k_episodes_2nd_0.4ec_2nd\\plans\\iter_000009_control_plan.npz",
  "eval_time_ns": 98.0,
  "gamma": 1.5707963267948966,
  "iteration": 9,
  "robustness": {
    "sigma_1p0": {
      "average_fidelity": 0.96808731220628,
      "average_gate_fidelity": 0.96010914025785,
      "fidelity_variance": 0.00030443183554720106,
      "num_samples": 60,
      "sigma_mhz": 1.0
    }
  }
}