{
  "alpha": 2.2,
  "eval_cost": 0.3884252374398508,
  "eval_fidelity": 0.9854082828057124,
  "eval_leakage": 0.0013429770919915378,
  "eval_plan_path": "runs/trpo_noise_alpha_2.2_gamma_pi2_10k_episodes_2nd_0.4ec_2nd\\plans\\iter_000099_control_plan.npz",
  "eval_time_ns": 102.0,
  "gamma": 1.5707963267948966,
  "iteration": 99,
  "robustness": {
    "sigma_1p0": {
      "average_fidelity": 0.9578163185674496,
      "average_gate_fidelity": 0.9472703982093122,
      "fidelity_variance": 0.0002776299935989528,
      "num_samples": 60,
      "sigma_mhz": 1.0
    }
  }
}