{
  "alpha": 2.2,
  "eval_cost": 0.3920793773514921,
  "eval_fidelity": 0.9811895119196224,
  "eval_leakage": 0.0009131662399450789,
  "eval_plan_path": "runs/trpo_noise_alpha_2.2_gamma_pi2_10k_episodes_2nd_0.4ec_2nd\\plans\\iter_000045_control_plan.npz",
  "eval_time_ns": 98.0,
  "gamma": 1.5707963267948966,
  "iteration": 45,
  "robustness": {
    "sigma_1p0": {
      "average_fidelity": 0.9557902677454164,
      "average_gate_fidelity": 0.9447378346817706,
      "fidelity_variance": 0.0002953683302504598,
      "num_samples": 60,
      "sigma_mhz": 1.0
    }
  }
}