{
  "alpha": 2.2,
  "eval_cost": 0.39660314143131453,
  "eval_fidelity": 0.9797469142797072,
  "eval_leakage": 0.0009917097700758036,
  "eval_plan_path": "runs/trpo_noise_alpha_2.2_gamma_pi2_10k_episodes_2nd_0.4ec_2nd\\plans\\iter_000031_control_plan.npz",
  "eval_time_ns": 104.0,
  "gamma": 1.5707963267948966,
  "iteration": 31,
  "robustness": {
    "sigma_1p0": {
      "average_fidelity": 0.9554322139352565,
      "average_gate_fidelity": 0.9442902674190707,
      "fidelity_variance": 0.00032673175838996576,
      "num_samples": 60,
      "sigma_mhz": 1.0
    }
  }
}