{
  "alpha": 2.2,
  "eval_cost": 0.383646619329718,
  "eval_fidelity": 0.9889345255474296,
  "eval_leakage": 0.0013062727981919997,
  "eval_plan_path": "runs/trpo_noise_alpha_2.2_gamma_pi2_10k_episodes_2nd_0.4ec_2nd\\plans\\iter_000093_control_plan.npz",
  "eval_time_ns": 102.0,
  "gamma": 1.5707963267948966,
  "iteration": 93,
  "robustness": {
    "sigma_1p0": {
      "average_fidelity": 0.9620845289785379,
      "average_gate_fidelity": 0.9526056612231723,
      "fidelity_variance": 0.0002683561410505534,
      "num_samples": 60,
      "sigma_mhz": 1.0
    }
  }
}