{
  "alpha": 2.2,
  "eval_cost": 0.3972405468675244,
  "eval_fidelity": 0.9814366334136914,
  "eval_leakage": 0.001145261402840758,
  "eval_plan_path": "runs/trpo_noise_alpha_2.2_gamma_pi2_10k_episodes_2nd_0.4ec_2nd\\plans\\iter_000051_control_plan.npz",
  "eval_time_ns": 106.0,
  "gamma": 1.5707963267948966,
  "iteration": 51,
  "robustness": {
    "sigma_1p0": {
      "average_fidelity": 0.9531438860800243,
      "average_gate_fidelity": 0.9414298576000305,
      "fidelity_variance": 0.00046983276687412296,
      "num_samples": 60,
      "sigma_mhz": 1.0
    }
  }
}