{
  "alpha": 2.2,
  "eval_cost": 0.38930247467281187,
  "eval_fidelity": 0.9866688224573397,
  "eval_leakage": 0.0012963429691584462,
  "eval_plan_path": "runs/trpo_noise_alpha_2.2_gamma_pi2_10k_episodes_2nd_0.4ec_2nd\\plans\\iter_000094_control_plan.npz",
  "eval_time_ns": 102.0,
  "gamma": 1.5707963267948966,
  "iteration": 94,
  "robustness": {
    "sigma_1p0": {
      "average_fidelity": 0.9617315634262223,
      "average_gate_fidelity": 0.9521644542827781,
      "fidelity_variance": 0.0003976496568684177,
      "num_samples": 60,
      "sigma_mhz": 1.0
    }
  }
}