{
  "alpha": 2.2,
  "eval_cost": 0.39513123567270336,
  "eval_fidelity": 0.9829296049678747,
  "eval_leakage": 0.0008906343821946859,
  "eval_plan_path": "runs/trpo_noise_alpha_2.2_gamma_pi2_10k_episodes_2nd_0.4ec_2nd\\plans\\iter_000044_control_plan.npz",
  "eval_time_ns": 96.0,
  "gamma": 1.5707963267948966,
  "iteration": 44,
  "robustness": {
    "sigma_1p0": {
      "average_fidelity": 0.9573696417453665,
      "average_gate_fidelity": 0.9467120521817078,
      "fidelity_variance": 0.0004110480958152211,
      "num_samples": 60,
      "sigma_mhz": 1.0
    }
  }
}