{
  "alpha": 2.2,
  "eval_cost": 0.38194565773657174,
  "eval_fidelity": 0.981046083777852,
  "eval_leakage": 0.0007253977428136431,
  "eval_plan_path": "runs/trpo_noise_alpha_2.2_gamma_pi2_10k_episodes_2nd_0.4ec_2nd\\plans\\iter_000022_control_plan.npz",
  "eval_time_ns": 98.0,
  "gamma": 1.5707963267948966,
  "iteration": 22,
  "robustness": {
    "sigma_1p0": {
      "average_fidelity": 0.9586353405077557,
      "average_gate_fidelity": 0.9482941756346945,
      "fidelity_variance": 0.00022131496226739306,
      "num_samples": 60,
      "sigma_mhz": 1.0
    }
  }
}