{
  "alpha": 2.2,
  "eval_cost": 0.6127146294521361,
  "eval_fidelity": 0.9911925931869873,
  "eval_leakage": 0.002779219554733058,
  "eval_plan_path": "runs/trpo_noise_alpha_2.2_gamma_pi2_10k_episodes_2nd_0.4ec_2nd\\plans\\iter_000101_control_plan.npz",
  "eval_time_ns": 180.0,
  "gamma": 1.5707963267948966,
  "iteration": 101,
  "robustness": {
    "sigma_1p0": {
      "average_fidelity": 0.9394349109010044,
      "average_gate_fidelity": 0.9242936386262557,
      "fidelity_variance": 0.0007782037400850175,
      "num_samples": 60,
      "sigma_mhz": 1.0
    }
  }
}