{
  "alpha": 2.2,
  "eval_cost": 0.3772421614929955,
  "eval_fidelity": 0.985081615803764,
  "eval_leakage": 0.0008912964966539197,
  "eval_plan_path": "runs/trpo_noise_alpha_2.2_gamma_pi2_10k_episodes_2nd_0.4ec_2nd\\plans\\iter_000040_control_plan.npz",
  "eval_time_ns": 96.0,
  "gamma": 1.5707963267948966,
  "iteration": 40,
  "robustness": {
    "sigma_1p0": {
      "average_fidelity": 0.9603734390585136,
      "average_gate_fidelity": 0.9504667988231419,
      "fidelity_variance": 0.00038737947722338085,
      "num_samples": 60,
      "sigma_mhz": 1.0
    }
  }
}