{
  "alpha": 2.2,
  "eval_cost": 0.38995077824053903,
  "eval_fidelity": 0.982936884799422,
  "eval_leakage": 0.0008830182944817485,
  "eval_plan_path": "runs/trpo_noise_alpha_2.2_gamma_pi2_10k_episodes_2nd_0.4ec_2nd\\plans\\iter_000037_control_plan.npz",
  "eval_time_ns": 98.0,
  "gamma": 1.5707963267948966,
  "iteration": 37,
  "robustness": {
    "sigma_1p0": {
      "average_fidelity": 0.9597419775452458,
      "average_gate_fidelity": 0.9496774719315576,
      "fidelity_variance": 0.0005266069288770697,
      "num_samples": 60,
      "sigma_mhz": 1.0
    }
  }
}