{
  "alpha": 2.2,
  "eval_cost": 0.39567300897765767,
  "eval_fidelity": 0.9848890007475934,
  "eval_leakage": 0.0013208489567342705,
  "eval_plan_path": "runs/trpo_noise_alpha_2.2_gamma_pi2_10k_episodes_2nd_0.4ec_2nd\\plans\\iter_000084_control_plan.npz",
  "eval_time_ns": 108.0,
  "gamma": 1.5707963267948966,
  "iteration": 84,
  "robustness": {
    "sigma_1p0": {
      "average_fidelity": 0.9561929533936869,
      "average_gate_fidelity": 0.9452411917421084,
      "fidelity_variance": 0.0003820981971705806,
      "num_samples": 60,
      "sigma_mhz": 1.0
    }
  }
}