{
  "alpha": 2.2,
  "eval_cost": 1.0398550726106581,
  "eval_fidelity": 0.9830454242783472,
  "eval_leakage": 0.0020253241509789826,
  "eval_plan_path": "runs/trpo_noise_alpha_2.2_gamma_pi2_10k_episodes_2nd_0.4ec_2nd\\plans\\iter_000054_control_plan.npz",
  "eval_time_ns": 180.0,
  "gamma": 1.5707963267948966,
  "iteration": 54,
  "robustness": {
    "sigma_1p0": {
      "average_fidelity": 0.937950317465483,
      "average_gate_fidelity": 0.9224378968318535,
      "fidelity_variance": 0.000922237540379461,
      "num_samples": 60,
      "sigma_mhz": 1.0
    }
  }
}