{
  "alpha": 2.2,
  "eval_cost": 0.38825958524148196,
  "eval_fidelity": 0.9853437883098601,
  "eval_leakage": 0.0012967824960578563,
  "eval_plan_path": "runs/trpo_noise_alpha_2.2_gamma_pi2_10k_episodes_2nd_0.4ec_2nd\\plans\\iter_000089_control_plan.npz",
  "eval_time_ns": 104.0,
  "gamma": 1.5707963267948966,
  "iteration": 89,
  "robustness": {
    "sigma_1p0": {
      "average_fidelity": 0.9605192985340463,
      "average_gate_fidelity": 0.9506491231675575,
      "fidelity_variance": 0.0002644028593150254,
      "num_samples": 60,
      "sigma_mhz": 1.0
    }
  }
}