{
  "alpha": 2.2,
  "eval_cost": 0.3926122477203152,
  "eval_fidelity": 0.9824914172862959,
  "eval_leakage": 0.0012428974578937186,
  "eval_plan_path": "runs/trpo_noise_alpha_2.2_gamma_pi2_10k_episodes_2nd_0.4ec_2nd\\plans\\iter_000074_control_plan.npz",
  "eval_time_ns": 108.0,
  "gamma": 1.5707963267948966,
  "iteration": 74,
  "robustness": {
    "sigma_1p0": {
      "average_fidelity": 0.9575092208166875,
      "average_gate_fidelity": 0.9468865260208593,
      "fidelity_variance": 0.0002714981561154975,
      "num_samples": 60,
      "sigma_mhz": 1.0
    }
  }
}