{
  "alpha": 2.2,
  "eval_cost": 0.3761323431161916,
  "eval_fidelity": 0.997297296778989,
  "eval_leakage": 0.0003907753350652741,
  "eval_plan_path": "runs/trpo_noise_alpha_2.2_gamma_pi2_10k_episodes_2nd_0.4ec_2nd\\plans\\iter_000003_control_plan.npz",
  "eval_time_ns": 126.0,
  "gamma": 1.5707963267948966,
  "iteration": 3,
  "robustness": {
    "sigma_1p0": {
      "average_fidelity": 0.9599021077872036,
      "average_gate_fidelity": 0.9498776347340044,
      "fidelity_variance": 0.00030191891143061363,
      "num_samples": 60,
      "sigma_mhz": 1.0
    }
  }
}