{
  "alpha": 2.2,
  "eval_cost": 0.3965930148791227,
  "eval_fidelity": 0.9856900741810883,
  "eval_leakage": 0.0012428876141012714,
  "eval_plan_path": "runs/trpo_noise_alpha_2.2_gamma_pi2_10k_episodes_2nd_0.4ec_2nd\\plans\\iter_000077_control_plan.npz",
  "eval_time_ns": 104.0,
  "gamma": 1.5707963267948966,
  "iteration": 77,
  "robustness": {
    "sigma_1p0": {
      "average_fidelity": 0.9607734247165735,
      "average_gate_fidelity": 0.9509667808957168,
      "fidelity_variance": 0.0003138646582126877,
      "num_samples": 60,
      "sigma_mhz": 1.0
    }
  }
}