{
  "alpha": 2.2,
  "eval_cost": 0.3962780764190117,
  "eval_fidelity": 0.9834952460435645,
  "eval_leakage": 0.0008432318839934048,
  "eval_plan_path": "runs/trpo_noise_alpha_2.2_gamma_pi2_10k_episodes_2nd_0.4ec_2nd\\plans\\iter_000028_control_plan.npz",
  "eval_time_ns": 96.0,
  "gamma": 1.5707963267948966,
  "iteration": 28,
  "robustness": {
    "sigma_1p0": {
      "average_fidelity": 0.9582664247695325,
      "average_gate_fidelity": 0.9478330309619157,
      "fidelity_variance": 0.00039751623390365994,
      "num_samples": 60,
      "sigma_mhz": 1.0
    }
  }
}