{
  "alpha": 2.2,
  "eval_cost": 0.3944150982960592,
  "eval_fidelity": 0.981786329307969,
  "eval_leakage": 0.0008589291639263141,
  "eval_plan_path": "runs/trpo_noise_alpha_2.2_gamma_pi2_10k_episodes_2nd_0.4ec_2nd\\plans\\iter_000033_control_plan.npz",
  "eval_time_ns": 96.0,
  "gamma": 1.5707963267948966,
  "iteration": 33,
  "robustness": {
    "sigma_1p0": {
      "average_fidelity": 0.9591577092707624,
      "average_gate_fidelity": 0.9489471365884531,
      "fidelity_variance": 0.0005091064616407474,
      "num_samples": 60,
      "sigma_mhz": 1.0
    }
  }
}