{
  "alpha": 2.2,
  "eval_cost": 0.39936593917607266,
  "eval_fidelity": 0.9829994749595768,
  "eval_leakage": 0.001009414964167827,
  "eval_plan_path": "runs/trpo_noise_alpha_2.2_gamma_pi2_10k_episodes_2nd_0.4ec_2nd\\plans\\iter_000048_control_plan.npz",
  "eval_time_ns": 98.0,
  "gamma": 1.5707963267948966,
  "iteration": 48,
  "robustness": {
    "sigma_1p0": {
      "average_fidelity": 0.9602203375870868,
      "average_gate_fidelity": 0.9502754219838584,
      "fidelity_variance": 0.0003161330358022013,
      "num_samples": 60,
      "sigma_mhz": 1.0
    }
  }
}