{
  "alpha": 2.2,
  "eval_cost": 0.3835785751762708,
  "eval_fidelity": 0.9858656723640689,
  "eval_leakage": 0.000844248381545999,
  "eval_plan_path": "runs/trpo_noise_alpha_2.2_gamma_pi2_10k_episodes_2nd_0.4ec_2nd\\plans\\iter_000038_control_plan.npz",
  "eval_time_ns": 96.0,
  "gamma": 1.5707963267948966,
  "iteration": 38,
  "robustness": {
    "sigma_1p0": {
      "average_fidelity": 0.9584444583709143,
      "average_gate_fidelity": 0.9480555729636428,
      "fidelity_variance": 0.0005934054363814721,
      "num_samples": 60,
      "sigma_mhz": 1.0
    }
  }
}