{
  "alpha": 2.2,
  "eval_cost": 1.0789673056915146,
  "eval_fidelity": 0.9817121484588733,
  "eval_leakage": 0.0020271732239948953,
  "eval_plan_path": "runs/trpo_noise_alpha_2.2_gamma_pi2_10k_episodes_2nd_0.4ec_2nd\\plans\\iter_000053_control_plan.npz",
  "eval_time_ns": 180.0,
  "gamma": 1.5707963267948966,
  "iteration": 53,
  "robustness": {
    "sigma_1p0": {
      "average_fidelity": 0.9358081403167523,
      "average_gate_fidelity": 0.9197601753959401,
      "fidelity_variance": 0.0008659429719625551,
      "num_samples": 60,
      "sigma_mhz": 1.0
    }
  }
}