{
  "alpha": 2.2,
  "eval_cost": 0.3970769011887803,
  "eval_fidelity": 0.9817954723541354,
  "eval_leakage": 0.0012931210023450904,
  "eval_plan_path": "runs/trpo_noise_alpha_2.2_gamma_pi2_10k_episodes_2nd_0.4ec_2nd\\plans\\iter_000070_control_plan.npz",
  "eval_time_ns": 110.0,
  "gamma": 1.5707963267948966,
  "iteration": 70,
  "robustness": {
    "sigma_1p0": {
      "average_fidelity": 0.9533190911652133,
      "average_gate_fidelity": 0.9416488639565166,
      "fidelity_variance": 0.0005346812617999624,
      "num_samples": 60,
      "sigma_mhz": 1.0
    }
  }
}