{
  "alpha": 2.2,
  "eval_cost": 0.3934462120244774,
  "eval_fidelity": 0.9872624616423948,
  "eval_leakage": 0.0013168475216294253,
  "eval_plan_path": "runs/trpo_noise_alpha_2.2_gamma_pi2_10k_episodes_2nd_0.4ec_2nd\\plans\\iter_000095_control_plan.npz",
  "eval_time_ns": 102.0,
  "gamma": 1.5707963267948966,
  "iteration": 95,
  "robustness": {
    "sigma_1p0": {
      "average_fidelity": 0.9615155388060255,
      "average_gate_fidelity": 0.9518944235075314,
      "fidelity_variance": 0.0002946284036861131,
      "num_samples": 60,
      "sigma_mhz": 1.0
    }
  }
}