{
  "alpha": 2.2,
  "eval_cost": 0.3947159761364394,
  "eval_fidelity": 0.9843332405142533,
  "eval_leakage": 0.0012520831044293002,
  "eval_plan_path": "runs/trpo_noise_alpha_2.2_gamma_pi2_10k_episodes_2nd_0.4ec_2nd\\plans\\iter_000098_control_plan.npz",
  "eval_time_ns": 100.0,
  "gamma": 1.5707963267948966,
  "iteration": 98,
  "robustness": {
    "sigma_1p0": {
      "average_fidelity": 0.9609517136833722,
      "average_gate_fidelity": 0.951189642104215,
      "fidelity_variance": 0.0003829549490840942,
      "num_samples": 60,
      "sigma_mhz": 1.0
    }
  }
}