{
  "alpha": 0.7,
  "best_cost": 0.4222788815310363,
  "best_fidelity": 0.9825747601469293,
  "best_horizon_ns": 70.0,
  "best_leakage": 0.00042041518124167867,
  "control_plan": "runs/adam_runtime_sweep\\gamma_1.570796\\alpha_0.700000\\best_control_plan.npz",
  "gamma": 1.5707963267948966,
  "robustness_path": "runs/adam_runtime_sweep\\gamma_1.570796\\alpha_0.700000\\robustness\\best_robustness.json",
  "robustness_sigma_1p0_average_fidelity": 0.960407454063692,
  "robustness_sigma_1p0_average_gate_fidelity": 0.9505093175796149,
  "robustness_sigma_1p0_fidelity_variance": 0.0004630710173730487,
  "runtime_ns": 70.0
}