{
  "alpha": 2.3,
  "best_cost": 0.1762360963091385,
  "best_fidelity": 0.9950918508387344,
  "best_horizon_ns": 70.0,
  "best_leakage": 0.00033819816225695207,
  "control_plan": "runs/adam_runtime_sweep\\gamma_1.570796\\alpha_2.300000\\best_control_plan.npz",
  "gamma": 1.5707963267948966,
  "robustness_path": "runs/adam_runtime_sweep\\gamma_1.570796\\alpha_2.300000\\robustness\\best_robustness.json",
  "robustness_sigma_1p0_average_fidelity": 0.9785360637596059,
  "robustness_sigma_1p0_average_gate_fidelity": 0.9731700796995072,
  "robustness_sigma_1p0_fidelity_variance": 7.845020523175e-05,
  "runtime_ns": 70.0
}