{
  "alpha": 2.2,
  "eval_cost": 0.37883085008383344,
  "eval_fidelity": 0.9957348794691493,
  "eval_leakage": 0.000211636101722275,
  "eval_plan_path": "runs\\cost_function_sweep\\trpo\\a-2p2_44e29666\\seed_2\\plans\\iter_000003_control_plan.npz",
  "eval_time_ns": 180.0,
  "gamma": 1.5707963267948966,
  "iteration": 3,
  "robustness": {
    "sigma_1p0": {
      "average_fidelity": 0.9434719553712281,
      "average_gate_fidelity": 0.9293399442140351,
      "fidelity_variance": 0.0007550238811450412,
      "num_samples": 60,
      "sigma_mhz": 1.0
    }
  }
}