{
  "alpha": 2.2,
  "eval_cost": 2.633021984066004,
  "eval_fidelity": 0.770036650051364,
  "eval_leakage": 9.609543260758372e-05,
  "eval_plan_path": "runs\\cost_function_sweep\\trpo\\a-2p2_44e29666\\seed_2\\plans\\iter_000001_control_plan.npz",
  "eval_time_ns": 180.0,
  "gamma": 1.5707963267948966,
  "iteration": 1,
  "robustness": {
    "sigma_1p0": {
      "average_fidelity": 0.7832906232490773,
      "average_gate_fidelity": 0.7291132790613465,
      "fidelity_variance": 0.003135424764116355,
      "num_samples": 60,
      "sigma_mhz": 1.0
    }
  }
}