{
  "alpha": 2.2,
  "eval_cost": 0.637360457038125,
  "eval_fidelity": 0.9689387154133753,
  "eval_leakage": 0.0003382528675555926,
  "eval_plan_path": "runs\\cost_function_sweep\\trpo\\a-2p2_44e29666\\seed_2\\plans\\iter_000005_control_plan.npz",
  "eval_time_ns": 180.0,
  "gamma": 1.5707963267948966,
  "iteration": 5,
  "robustness": {
    "sigma_1p0": {
      "average_fidelity": 0.9256390445477621,
      "average_gate_fidelity": 0.9070488056847028,
      "fidelity_variance": 0.0012620946054154468,
      "num_samples": 60,
      "sigma_mhz": 1.0
    }
  }
}