{
  "alpha": 2.2,
  "eval_cost": 0.7588306317345379,
  "eval_fidelity": 0.9596072481091096,
  "eval_leakage": 0.00016489675340978501,
  "eval_plan_path": "runs\\cost_function_sweep\\trpo\\a-2p2_44e29666\\seed_2\\plans\\iter_000002_control_plan.npz",
  "eval_time_ns": 180.0,
  "gamma": 1.5707963267948966,
  "iteration": 2,
  "robustness": {
    "sigma_1p0": {
      "average_fidelity": 0.9162842232940328,
      "average_gate_fidelity": 0.8953552791175409,
      "fidelity_variance": 0.0012910618243575378,
      "num_samples": 60,
      "sigma_mhz": 1.0
    }
  }
}