{
  "alpha": 2.2,
  "eval_cost": 4.1999002764018245,
  "eval_fidelity": 0.8017689633469005,
  "eval_leakage": 0.00012085016869134369,
  "eval_plan_path": "runs\\cost_function_sweep\\trpo\\a-2p2_6b6606af\\seed_1\\plans\\iter_000001_control_plan.npz",
  "eval_time_ns": 180.0,
  "gamma": 1.5707963267948966,
  "iteration": 1,
  "robustness": {
    "sigma_1p0": {
      "average_fidelity": 0.8031465536321254,
      "average_gate_fidelity": 0.7539331920401569,
      "fidelity_variance": 0.004278459699452947,
      "num_samples": 60,
      "sigma_mhz": 1.0
    }
  }
}