{
  "alpha": 2.2,
  "eval_cost": 0.3656983862525211,
  "eval_fidelity": 0.9935555501974006,
  "eval_leakage": 0.000289121054786956,
  "eval_plan_path": "runs\\cost_function_sweep\\trpo\\a-2p2_6b6606af\\seed_1\\plans\\iter_000003_control_plan.npz",
  "eval_time_ns": 180.0,
  "gamma": 1.5707963267948966,
  "iteration": 3,
  "robustness": {
    "sigma_1p0": {
      "average_fidelity": 0.940612058548282,
      "average_gate_fidelity": 0.9257650731853525,
      "fidelity_variance": 0.0007305720884874821,
      "num_samples": 60,
      "sigma_mhz": 1.0
    }
  }
}