{
  "alpha": 2.2,
  "eval_cost": 0.7819991135364137,
  "eval_fidelity": 0.970073467613352,
  "eval_leakage": 0.0005130263255092374,
  "eval_plan_path": "runs\\cost_function_sweep\\trpo\\a-2p2_6b6606af\\seed_1\\plans\\iter_000005_control_plan.npz",
  "eval_time_ns": 180.0,
  "gamma": 1.5707963267948966,
  "iteration": 5,
  "robustness": {
    "sigma_1p0": {
      "average_fidelity": 0.9254349003379514,
      "average_gate_fidelity": 0.906793625422439,
      "fidelity_variance": 0.0012981865939951517,
      "num_samples": 60,
      "sigma_mhz": 1.0
    }
  }
}