{
  "alpha": 2.2,
  "eval_cost": 0.3805513235310347,
  "eval_fidelity": 0.9943081390105718,
  "eval_leakage": 0.00028804068586634325,
  "eval_plan_path": "runs\\nn_size_sweep\\trpo\\a-2p2_da5e9390\\seed_3\\plans\\iter_000006_control_plan.npz",
  "eval_time_ns": 120.0,
  "gamma": 1.5707963267948966,
  "iteration": 6,
  "robustness": {
    "sigma_1p0": {
      "average_fidelity": 0.9612161047075386,
      "average_gate_fidelity": 0.9515201308844231,
      "fidelity_variance": 0.0003058626296996225,
      "num_samples": 60,
      "sigma_mhz": 1.0
    }
  }
}