{
  "alpha": 2.2,
  "eval_cost": 0.3728521703298586,
  "eval_fidelity": 0.9928411808797568,
  "eval_leakage": 0.0003288922017968674,
  "eval_plan_path": "runs\\nn_size_sweep\\trpo\\a-2p2_da5e9390\\seed_3\\plans\\iter_000010_control_plan.npz",
  "eval_time_ns": 108.0,
  "gamma": 1.5707963267948966,
  "iteration": 10,
  "robustness": {
    "sigma_1p0": {
      "average_fidelity": 0.9607702591991363,
      "average_gate_fidelity": 0.9509628239989205,
      "fidelity_variance": 0.00039907552605304795,
      "num_samples": 60,
      "sigma_mhz": 1.0
    }
  }
}