{
  "alpha": 2.2,
  "eval_cost": 0.35635936222937836,
  "eval_fidelity": 0.9962439324792479,
  "eval_leakage": 0.00034050431543862497,
  "eval_plan_path": "runs\\nn_size_sweep\\trpo\\a-2p2_da5e9390\\seed_3\\plans\\iter_000009_control_plan.npz",
  "eval_time_ns": 110.0,
  "gamma": 1.5707963267948966,
  "iteration": 9,
  "robustness": {
    "sigma_1p0": {
      "average_fidelity": 0.9616911210071146,
      "average_gate_fidelity": 0.9521139012588934,
      "fidelity_variance": 0.0004981763484525559,
      "num_samples": 60,
      "sigma_mhz": 1.0
    }
  }
}