{
  "alpha": 2.2,
  "eval_cost": 0.36345586083840964,
  "eval_fidelity": 0.9958786531692111,
  "eval_leakage": 0.00033134984648011933,
  "eval_plan_path": "runs\\nn_size_sweep\\trpo\\a-2p2_da5e9390\\seed_3\\plans\\iter_000008_control_plan.npz",
  "eval_time_ns": 112.0,
  "gamma": 1.5707963267948966,
  "iteration": 8,
  "robustness": {
    "sigma_1p0": {
      "average_fidelity": 0.9618610063059198,
      "average_gate_fidelity": 0.9523262578823997,
      "fidelity_variance": 0.00023834900584252203,
      "num_samples": 60,
      "sigma_mhz": 1.0
    }
  }
}