{
  "alpha": 2.2,
  "eval_cost": 0.5189103139527075,
  "eval_fidelity": 0.9910964255051947,
  "eval_leakage": 0.00020031448405404296,
  "eval_plan_path": "runs\\nn_size_sweep\\trpo\\a-2p2_da5e9390\\seed_3\\plans\\iter_000002_control_plan.npz",
  "eval_time_ns": 180.0,
  "gamma": 1.5707963267948966,
  "iteration": 2,
  "robustness": {
    "sigma_1p0": {
      "average_fidelity": 0.9388281176924489,
      "average_gate_fidelity": 0.9235351471155614,
      "fidelity_variance": 0.0006070490007725649,
      "num_samples": 60,
      "sigma_mhz": 1.0
    }
  }
}