{
  "alpha": 2.2,
  "eval_cost": 0.37433234721401143,
  "eval_fidelity": 0.9900145137269474,
  "eval_leakage": 0.0004998873556333428,
  "eval_plan_path": "runs\\nn_size_sweep\\trpo\\a-2p2_da5e9390\\seed_3\\plans\\iter_000019_control_plan.npz",
  "eval_time_ns": 100.0,
  "gamma": 1.5707963267948966,
  "iteration": 19,
  "robustness": {
    "sigma_1p0": {
      "average_fidelity": 0.9621489014839224,
      "average_gate_fidelity": 0.9526861268549032,
      "fidelity_variance": 0.0003471475281678719,
      "num_samples": 60,
      "sigma_mhz": 1.0
    }
  }
}