{
  "alpha": 2.2,
  "eval_cost": 0.37382373614864917,
  "eval_fidelity": 0.9970508211458173,
  "eval_leakage": 0.0002458621914612424,
  "eval_plan_path": "runs\\nn_size_sweep\\trpo\\a-2p2_da5e9390\\seed_3\\plans\\iter_000005_control_plan.npz",
  "eval_time_ns": 128.0,
  "gamma": 1.5707963267948966,
  "iteration": 5,
  "robustness": {
    "sigma_1p0": {
      "average_fidelity": 0.9595253460232295,
      "average_gate_fidelity": 0.9494066825290368,
      "fidelity_variance": 0.0002470196206340058,
      "num_samples": 60,
      "sigma_mhz": 1.0
    }
  }
}