{
  "alpha": 2.2,
  "eval_cost": 0.38550395517008396,
  "eval_fidelity": 0.9925614714101474,
  "eval_leakage": 0.00044530410174303055,
  "eval_plan_path": "runs\\nn_size_sweep\\trpo\\a-2p2_da5e9390\\seed_3\\plans\\iter_000015_control_plan.npz",
  "eval_time_ns": 102.0,
  "gamma": 1.5707963267948966,
  "iteration": 15,
  "robustness": {
    "sigma_1p0": {
      "average_fidelity": 0.9624815679967945,
      "average_gate_fidelity": 0.9531019599959935,
      "fidelity_variance": 0.000436489752450248,
      "num_samples": 60,
      "sigma_mhz": 1.0
    }
  }
}