{
  "alpha": 2.2,
  "eval_cost": 0.36227473451836384,
  "eval_fidelity": 0.9911582904765796,
  "eval_leakage": 0.0004803818170739788,
  "eval_plan_path": "runs\\nn_size_sweep\\trpo\\a-2p2_da5e9390\\seed_3\\plans\\iter_000018_control_plan.npz",
  "eval_time_ns": 102.0,
  "gamma": 1.5707963267948966,
  "iteration": 18,
  "robustness": {
    "sigma_1p0": {
      "average_fidelity": 0.9622572339294394,
      "average_gate_fidelity": 0.9528215424117991,
      "fidelity_variance": 0.00030616673123751457,
      "num_samples": 60,
      "sigma_mhz": 1.0
    }
  }
}