{
  "alpha": 2.2,
  "eval_cost": 0.37249219488379604,
  "eval_fidelity": 0.988574834843938,
  "eval_leakage": 0.0005104767550400545,
  "eval_plan_path": "runs\\nn_size_sweep\\trpo\\a-2p2_da5e9390\\seed_3\\plans\\iter_000020_control_plan.npz",
  "eval_time_ns": 100.0,
  "gamma": 1.5707963267948966,
  "iteration": 20,
  "robustness": {
    "sigma_1p0": {
      "average_fidelity": 0.9648153584176828,
      "average_gate_fidelity": 0.9560191980221033,
      "fidelity_variance": 0.0002537445375931364,
      "num_samples": 60,
      "sigma_mhz": 1.0
    }
  }
}