{
  "alpha": 2.2,
  "eval_cost": 0.3810374116642774,
  "eval_fidelity": 0.9915799937649241,
  "eval_leakage": 0.00036582913389471137,
  "eval_plan_path": "runs\\nn_size_sweep\\trpo\\a-2p2_da5e9390\\seed_3\\plans\\iter_000012_control_plan.npz",
  "eval_time_ns": 106.0,
  "gamma": 1.5707963267948966,
  "iteration": 12,
  "robustness": {
    "sigma_1p0": {
      "average_fidelity": 0.9612303369595708,
      "average_gate_fidelity": 0.9515379211994635,
      "fidelity_variance": 0.0003550649032660905,
      "num_samples": 60,
      "sigma_mhz": 1.0
    }
  }
}