{
  "alpha": 2.2,
  "eval_cost": 0.37782826574943595,
  "eval_fidelity": 0.9917906670131852,
  "eval_leakage": 0.00034695504699967957,
  "eval_plan_path": "runs\\nn_size_sweep\\trpo\\a-2p2_da5e9390\\seed_3\\plans\\iter_000011_control_plan.npz",
  "eval_time_ns": 108.0,
  "gamma": 1.5707963267948966,
  "iteration": 11,
  "robustness": {
    "sigma_1p0": {
      "average_fidelity": 0.963055527957884,
      "average_gate_fidelity": 0.953819409947355,
      "fidelity_variance": 0.00028781932685491605,
      "num_samples": 60,
      "sigma_mhz": 1.0
    }
  }
}