{
  "alpha": 2.2,
  "eval_cost": 2.0832574544535936,
  "eval_fidelity": 0.8290078202403105,
  "eval_leakage": 0.00014497534911002386,
  "eval_plan_path": "runs\\nn_size_sweep\\trpo\\a-2p2_da5e9390\\seed_3\\plans\\iter_000001_control_plan.npz",
  "eval_time_ns": 180.0,
  "gamma": 1.5707963267948966,
  "iteration": 1,
  "robustness": {
    "sigma_1p0": {
      "average_fidelity": 0.8257182167794683,
      "average_gate_fidelity": 0.7821477709743352,
      "fidelity_variance": 0.0035393033017195367,
      "num_samples": 60,
      "sigma_mhz": 1.0
    }
  }
}