{
  "alpha": 2.2,
  "eval_cost": 0.3936906745893068,
  "eval_fidelity": 0.9941596125420159,
  "eval_leakage": 0.00038111599373117305,
  "eval_plan_path": "runs\\nn_size_sweep\\trpo\\a-2p2_da5e9390\\seed_3\\plans\\iter_000013_control_plan.npz",
  "eval_time_ns": 104.0,
  "gamma": 1.5707963267948966,
  "iteration": 13,
  "robustness": {
    "sigma_1p0": {
      "average_fidelity": 0.9660901505363203,
      "average_gate_fidelity": 0.9576126881704004,
      "fidelity_variance": 0.00024008664683344578,
      "num_samples": 60,
      "sigma_mhz": 1.0
    }
  }
}