{
  "alpha": 2.2,
  "eval_cost": 0.3929793762856427,
  "eval_fidelity": 0.9994657746639196,
  "eval_leakage": 0.00017731817788210766,
  "eval_plan_path": "runs\\nn_size_sweep\\trpo\\a-2p2_da5e9390\\seed_3\\plans\\iter_000003_control_plan.npz",
  "eval_time_ns": 160.0,
  "gamma": 1.5707963267948966,
  "iteration": 3,
  "robustness": {
    "sigma_1p0": {
      "average_fidelity": 0.9551936409164921,
      "average_gate_fidelity": 0.9439920511456149,
      "fidelity_variance": 0.0003729709851717302,
      "num_samples": 60,
      "sigma_mhz": 1.0
    }
  }
}