{
  "alpha": 2.2,
  "eval_cost": 0.3650062601673397,
  "eval_fidelity": 0.9939216935907167,
  "eval_leakage": 0.00043318238614002897,
  "eval_plan_path": "runs\\nn_size_sweep\\trpo\\a-2p2_da5e9390\\seed_3\\plans\\iter_000014_control_plan.npz",
  "eval_time_ns": 104.0,
  "gamma": 1.5707963267948966,
  "iteration": 14,
  "robustness": {
    "sigma_1p0": {
      "average_fidelity": 0.9638837662220514,
      "average_gate_fidelity": 0.9548547077775643,
      "fidelity_variance": 0.0002487360506678338,
      "num_samples": 60,
      "sigma_mhz": 1.0
    }
  }
}