{
  "alpha": 2.2,
  "eval_cost": 0.5151950696200682,
  "eval_fidelity": 0.9935883533989958,
  "eval_leakage": 0.00028910827424604823,
  "eval_plan_path": "runs\\cost_function_sweep\\trpo\\a-2p2_b115ee9b\\seed_1\\plans\\iter_000003_control_plan.npz",
  "eval_time_ns": 180.0,
  "gamma": 1.5707963267948966,
  "iteration": 3,
  "robustness": {
    "sigma_1p0": {
      "average_fidelity": 0.9406333591811138,
      "average_gate_fidelity": 0.9257916989763922,
      "fidelity_variance": 0.0007295167146885828,
      "num_samples": 60,
      "sigma_mhz": 1.0
    }
  }
}