{
  "alpha": 2.2,
  "eval_cost": 1.4121839571175,
  "eval_fidelity": 0.9937853553669906,
  "eval_leakage": 0.0002890509677746587,
  "eval_plan_path": "runs\\cost_function_sweep\\trpo\\a-2p2_f147ec91\\seed_1\\plans\\iter_000003_control_plan.npz",
  "eval_time_ns": 180.0,
  "gamma": 1.5707963267948966,
  "iteration": 3,
  "robustness": {
    "sigma_1p0": {
      "average_fidelity": 0.940760998786304,
      "average_gate_fidelity": 0.9259512484828797,
      "fidelity_variance": 0.000723121327980293,
      "num_samples": 60,
      "sigma_mhz": 1.0
    }
  }
}