{
  "alpha": 2.2,
  "eval_cost": 1.7663520863797733,
  "eval_fidelity": 0.9724470088711329,
  "eval_leakage": 0.00041019114472781254,
  "eval_plan_path": "runs\\cost_function_sweep\\trpo\\a-2p2_f147ec91\\seed_1\\plans\\iter_000004_control_plan.npz",
  "eval_time_ns": 180.0,
  "gamma": 1.5707963267948966,
  "iteration": 4,
  "robustness": {
    "sigma_1p0": {
      "average_fidelity": 0.9296348756947522,
      "average_gate_fidelity": 0.9120435946184402,
      "fidelity_variance": 0.0012129549305908212,
      "num_samples": 60,
      "sigma_mhz": 1.0
    }
  }
}