{
  "alpha": 2.2,
  "eval_cost": 1.8389608220380467,
  "eval_fidelity": 0.9696197899726933,
  "eval_leakage": 0.0005139119085211975,
  "eval_plan_path": "runs\\cost_function_sweep\\trpo\\a-2p2_f147ec91\\seed_1\\plans\\iter_000005_control_plan.npz",
  "eval_time_ns": 180.0,
  "gamma": 1.5707963267948966,
  "iteration": 5,
  "robustness": {
    "sigma_1p0": {
      "average_fidelity": 0.9250979621580996,
      "average_gate_fidelity": 0.9063724526976243,
      "fidelity_variance": 0.0013094449399647147,
      "num_samples": 60,
      "sigma_mhz": 1.0
    }
  }
}