{
  "alpha": 2.2,
  "eval_cost": 1.3732403899334418,
  "eval_fidelity": 0.9944972767541567,
  "eval_leakage": 0.0001860541582808274,
  "eval_plan_path": "runs\\cost_function_sweep\\trpo\\a-2p2_e6ed248a\\seed_2\\plans\\iter_000003_control_plan.npz",
  "eval_time_ns": 180.0,
  "gamma": 1.5707963267948966,
  "iteration": 3,
  "robustness": {
    "sigma_1p0": {
      "average_fidelity": 0.941462768257696,
      "average_gate_fidelity": 0.92682846032212,
      "fidelity_variance": 0.0007698508228883169,
      "num_samples": 60,
      "sigma_mhz": 1.0
    }
  }
}