{
  "alpha": 2.2,
  "eval_cost": 2.741493133787549,
  "eval_fidelity": 0.761737403131795,
  "eval_leakage": 9.339156015005904e-05,
  "eval_plan_path": "runs\\cost_function_sweep\\trpo\\a-2p2_470b266b\\seed_2\\plans\\iter_000001_control_plan.npz",
  "eval_time_ns": 180.0,
  "gamma": 1.5707963267948966,
  "iteration": 1,
  "robustness": {
    "sigma_1p0": {
      "average_fidelity": 0.7769873803888068,
      "average_gate_fidelity": 0.7212342254860087,
      "fidelity_variance": 0.0032093685776184737,
      "num_samples": 60,
      "sigma_mhz": 1.0
    }
  }
}