{
  "alpha": 2.2,
  "eval_cost": 0.8680256903999116,
  "eval_fidelity": 0.972326680311699,
  "eval_leakage": 0.0004094065189264775,
  "eval_plan_path": "runs\\cost_function_sweep\\trpo\\a-2p2_b115ee9b\\seed_1\\plans\\iter_000004_control_plan.npz",
  "eval_time_ns": 180.0,
  "gamma": 1.5707963267948966,
  "iteration": 4,
  "robustness": {
    "sigma_1p0": {
      "average_fidelity": 0.9295486498769576,
      "average_gate_fidelity": 0.911935812346197,
      "fidelity_variance": 0.0012161593406383895,
      "num_samples": 60,
      "sigma_mhz": 1.0
    }
  }
}