{
  "alpha": 2.2,
  "eval_cost": 0.933097779593845,
  "eval_fidelity": 0.9700031381442831,
  "eval_leakage": 0.0005131597030005321,
  "eval_plan_path": "runs\\cost_function_sweep\\trpo\\a-2p2_b115ee9b\\seed_1\\plans\\iter_000005_control_plan.npz",
  "eval_time_ns": 180.0,
  "gamma": 1.5707963267948966,
  "iteration": 5,
  "robustness": {
    "sigma_1p0": {
      "average_fidelity": 0.9253825991591942,
      "average_gate_fidelity": 0.9067282489489925,
      "fidelity_variance": 0.0012999282193034407,
      "num_samples": 60,
      "sigma_mhz": 1.0
    }
  }
}